split,instance,K,method,HV_mean,HV_std,IGD_mean,IGD_std,PF_Overlap_mean,PF_Overlap_std,PF_Drift_mean,PF_Drift_std,Diversity_mean,Diversity_std,Runtime_mean,Runtime_std,PF_Size_mean,PF_Size_std,runs
test,syn_n100_k05_cluster_corr_skewed_high_vol_r01_s20260685,5,SelectorAblation_FullSelector_ECMADE_MOO,1.033787485884303,0.04249560033288417,0.02294173163924442,0.038194516841879494,0.7563888888888889,0.3447171318947048,0.029379952494393527,0.0,1.1906768184983827,0.04058801528237117,5.586352146666667,1.120946493387233,100.0,0.0,30
test,syn_n100_k05_low_corr_skewed_extreme_events_r02_s20260686,5,SelectorAblation_FullSelector_ECMADE_MOO,0.9718562092328196,0.06925757781115642,0.030986182323073496,0.06289396857562268,0.6727777777777778,0.31758738904546446,0.033991012681238844,0.0,1.3397540538578068,0.06974559049219593,4.254239023333333,1.675114540329615,100.0,0.0,30
test,syn_n100_k10_cluster_corr_skewed_high_vol_r01_s20260697,10,SelectorAblation_FullSelector_ECMADE_MOO,1.087947897181396,0.042414454603795004,0.021017155631636423,0.030229895001420808,0.8366666666666667,0.24563819451657753,0.04885041832573642,0.0,0.9344538388630614,0.10099347493017614,2.2259705733333335,0.5543878868869202,100.0,0.0,30
test,syn_n100_k10_high_corr_normal_low_vol_r03_s20260698,10,SelectorAblation_FullSelector_ECMADE_MOO,0.9805053409121598,0.037243646363847874,0.023493918586973733,0.024244002149049024,0.6827777777777778,0.2924900801714869,0.046894132088693,0.0,1.155919621399843,0.07701395069676784,2.154764796666667,0.5268126651669324,100.0,0.0,30
test,syn_n100_k20_high_corr_heavy_tail_extreme_events_r01_s20260710,20,SelectorAblation_FullSelector_ECMADE_MOO,1.0587827522723792,0.08343756866177794,0.01989448121941142,0.04832870522275492,0.9280555555555556,0.22327975139242834,0.03809878153319356,0.0,0.9693202690125594,0.06941758326428296,2.5939357333333333,0.7339200137962877,100.0,0.0,30
test,syn_n100_k20_pathological_cov_skewed_high_vol_r03_s20260709,20,SelectorAblation_FullSelector_ECMADE_MOO,1.1775544835581067,0.018989429088535282,0.025232589828458836,0.01222500557200625,0.8805555555555556,0.1593258867430598,0.053327766797621114,0.0,0.6014786679392532,0.2874255086127717,2.2777003833333334,0.49081339178066585,80.8,20.437288436108386,30
test,syn_n100_k30_high_corr_heavy_tail_extreme_events_r01_s20260722,30,SelectorAblation_FullSelector_ECMADE_MOO,0.9709150558342671,0.06267418353208837,0.0691479418015298,0.08065750028333427,0.5141666666666667,0.2847509330445324,0.14290546288235623,0.0,1.0188007922387476,0.27218781455786795,1.9012667233333334,0.4348131561897638,85.83333333333333,15.058697414321463,30
test,syn_n100_k30_low_corr_normal_low_vol_r01_s20260721,30,SelectorAblation_FullSelector_ECMADE_MOO,0.8629356244876412,0.07734712199422611,0.07527995619041361,0.024808641935066968,0.4005555555555555,0.07244807009708283,0.05885800742962898,0.0,0.7245146054612174,0.1742681708614433,2.0625337,0.7699247986219869,61.3,13.149406699609079,30
test,syn_n200_k05_cluster_corr_skewed_high_vol_r01_s20260734,10,SelectorAblation_FullSelector_ECMADE_MOO,1.016554312176413,0.05894406631286674,0.114686820909962,0.07962282903992686,0.3888888888888889,0.1683867181385342,0.10421137743408286,0.0,0.8653146934081513,0.25741616925162936,2.567164523333333,0.7237566958429817,96.26666666666667,8.08972670495855,30
test,syn_n200_k05_pathological_cov_normal_extreme_events_r02_s20260733,10,SelectorAblation_FullSelector_ECMADE_MOO,1.1586007823306483,0.09541847838544425,0.03829526470120373,0.07956101295614326,0.6925,0.39767252695819705,0.10880975291428166,0.0,0.16246649303832109,0.332839119511483,2.472126093333333,0.6967509016772883,100.0,0.0,30
test,syn_n200_k10_high_corr_heavy_tail_extreme_events_r01_s20260746,20,SelectorAblation_FullSelector_ECMADE_MOO,1.0058128092101644,0.04008576566558588,0.04047338514196644,0.028366577068347693,0.3597222222222222,0.3212395423207532,0.06886629733192422,0.0,1.0763391000871008,0.08830648715229729,2.4449839166666667,0.8699905047009451,87.56666666666666,13.22402029050463,30
test,syn_n200_k10_pathological_cov_skewed_high_vol_r03_s20260745,20,SelectorAblation_FullSelector_ECMADE_MOO,1.1661544215806314,0.026361013205061512,0.0766961333993312,0.05693961887076153,0.42646048109965634,0.26430277790097595,0.07472340593170854,0.0,0.3490791135030479,0.22908453252308672,2.2408397133333335,0.7612631705389902,24.7,19.32150847255908,30
test,syn_n200_k20_high_corr_heavy_tail_extreme_events_r01_s20260758,40,SelectorAblation_FullSelector_ECMADE_MOO,1.027658392659315,0.05501104366965893,0.08491478158082315,0.05854201405232613,0.12861111111111112,0.20308543553184613,0.11327303151822427,0.0,0.8915778183556894,0.19263535926752134,2.2148101833333333,0.6580176280203179,43.63333333333333,17.221645028024017,30
test,syn_n200_k20_low_corr_normal_low_vol_r01_s20260757,40,SelectorAblation_FullSelector_ECMADE_MOO,0.8057122549087566,0.09228663159410022,0.10276338565914157,0.03202485891378596,0.3080555555555556,0.061529177786066445,0.06103032486251844,0.0,0.6082990843571248,0.20089907616221586,2.52451506,0.6437315435778402,58.266666666666666,13.380204970682295,30
test,syn_n200_k30_high_corr_normal_low_vol_r03_s20260769,60,SelectorAblation_FullSelector_ECMADE_MOO,0.9531793078865036,0.0459796043370951,0.11048373849817045,0.036804313393434394,0.07416666666666667,0.11675591824162253,0.12663258012178877,0.0,0.890273472320506,0.23065101210196481,2.35558089,0.7627112798374389,60.266666666666666,20.505564145361628,30
test,syn_n200_k30_low_corr_skewed_extreme_events_r02_s20260770,60,SelectorAblation_FullSelector_ECMADE_MOO,0.8949764005938111,0.08879189600275061,0.07353280366629214,0.028372781848117888,0.2825,0.12811913008701267,0.08131663431882605,0.0,0.8807740298711775,0.221153522030491,2.42389157,0.8012066180918381,70.13333333333334,13.788384250153646,30
test,syn_n500_k05_low_corr_normal_low_vol_r01_s20260782,25,SelectorAblation_FullSelector_ECMADE_MOO,0.8530073791497109,0.08775538001198653,0.11781637405402019,0.04190551600011641,0.32701149425287357,0.0902140421474216,0.055726250533082694,0.0,0.6146101478572704,0.13930327622771857,3.14740346,0.9422558623932593,50.46666666666667,10.536417415517619,30
test,syn_n500_k05_pathological_cov_mixed_low_vol_r01_s20260781,25,SelectorAblation_FullSelector_ECMADE_MOO,1.0658289457025651,0.03804532008965629,0.09544827934203678,0.04453841077574384,0.2675,0.22939356583386772,0.13154764538715952,0.0,0.6146014064125299,0.3418126544028343,2.9676729833333337,0.9237203128096263,57.1,19.499513698622295,30
test,syn_n500_k10_low_corr_heavy_tail_high_vol_r03_s20260793,50,SelectorAblation_FullSelector_ECMADE_MOO,0.7197443242324653,0.12759641860218174,0.16459896972533714,0.06355368856683166,0.23527777777777778,0.05218792180793278,0.06814657988762003,0.0,0.5774777931929373,0.20574077331190613,3.4561706466666666,0.843752478118214,57.6,17.615823607748528,30
test,syn_n500_k10_pathological_cov_mixed_low_vol_r01_s20260794,50,SelectorAblation_FullSelector_ECMADE_MOO,0.9558503763771959,0.06755406475810166,0.11379253494932609,0.053692322523203044,0.08416666666666667,0.17218382651963143,0.12516246307527076,0.0,0.9288908468960524,0.13871291128209606,3.65261529,0.5723970395656367,62.266666666666666,18.427740208593193,30
test,syn_n500_k20_cluster_corr_skewed_high_vol_r01_s20260805,100,SelectorAblation_FullSelector_ECMADE_MOO,0.8456463148183101,0.09806754846092394,0.08246754968011746,0.02774689176566065,0.22980392156862747,0.06602804329745302,0.06694086011720354,0.0,0.712229240724199,0.18196882683449028,3.197929016666667,0.9522200906197354,64.43333333333334,15.564511652747278,30
test,syn_n500_k20_pathological_cov_mixed_low_vol_r01_s20260806,100,SelectorAblation_FullSelector_ECMADE_MOO,0.9279935875453312,0.09824216663410308,0.227451632492361,0.0654935559717739,0.04761904761904762,0.14690488831753726,0.15430407678263597,0.0,0.2921886019295087,0.30953668287201197,4.078191313333333,1.2351852104679506,19.633333333333333,25.203288418903533,30
test,syn_n500_k30_cluster_corr_skewed_high_vol_r01_s20260817,150,SelectorAblation_FullSelector_ECMADE_MOO,0.9046403784545723,0.09422724617072765,0.07881798818981076,0.027227420504609755,0.18857142857142856,0.10352003141222968,0.07090303720014417,0.0,0.7605928867579355,0.2079545808647026,5.072532163333333,0.5890584832835594,53.4,12.044744167850366,30
test,syn_n500_k30_pathological_cov_normal_extreme_events_r02_s20260818,150,SelectorAblation_FullSelector_ECMADE_MOO,0.8890059469633983,0.14939590103798805,0.20829888128666882,0.11318422945694627,0.06551724137931035,0.249374961817442,0.14368843702983422,0.0,0.3778669931245954,0.2097394378967189,4.395044960000001,0.9839342728150394,14.7,12.194260945215172,30
test,syn_n50_k05_high_corr_mixed_high_vol_r02_s20260637,3,SelectorAblation_FullSelector_ECMADE_MOO,1.1083667165470517,0.03241744770794907,0.011561563164993663,0.021884998371385068,0.9252777777777778,0.18490034767302113,0.040604192012585937,0.0,0.9584118883882808,0.13959562002324252,8.050726886666666,1.2748498930817638,100.0,0.0,30
test,syn_n50_k05_pathological_cov_mixed_low_vol_r01_s20260638,3,SelectorAblation_FullSelector_ECMADE_MOO,1.0904246346227002,0.011709168108003308,0.01971166203384992,0.027146268911926653,0.9030555555555556,0.13245911921453607,0.05985451849447946,0.0,1.2850101842931496,0.16936927404517865,4.9761830866666665,2.1085005039097235,100.0,0.0,30
test,syn_n50_k10_cluster_corr_skewed_high_vol_r01_s20260649,5,SelectorAblation_FullSelector_ECMADE_MOO,1.1105459102251547,0.03453889209397873,0.011700412295049893,0.030483282466584022,0.9313888888888889,0.20900103729111294,0.026404691578015685,0.0,1.0225846534596013,0.0800396788061978,4.951800076666667,2.4274829679502754,100.0,0.0,30
test,syn_n50_k10_low_corr_skewed_extreme_events_r02_s20260650,5,SelectorAblation_FullSelector_ECMADE_MOO,1.169940777366175,0.028420696222893876,0.011002541423047853,0.01826082007646768,0.9063888888888889,0.20913848247782854,0.029836478616124942,0.0,0.8860806898765258,0.10770818143650109,5.4047838666666665,2.036921537298617,100.0,0.0,30
test,syn_n50_k20_cluster_corr_skewed_high_vol_r01_s20260662,10,SelectorAblation_FullSelector_ECMADE_MOO,1.0435594671414272,0.029104308018879407,0.03233151506957297,0.03747239415490964,0.7438888888888889,0.2066070238989792,0.11249678675538606,0.0,1.2128036491404584,0.18069522684886966,3.6403845366666667,1.1249425441808911,99.83333333333333,0.9128709291752783,30
test,syn_n50_k20_pathological_cov_normal_extreme_events_r02_s20260661,10,SelectorAblation_FullSelector_ECMADE_MOO,0.8868663140876418,0.01229632638078698,0.016865813500054717,0.014569301005843251,0.9091666666666666,0.15670441584831024,0.06025739736806342,0.0,1.2503471403624977,0.12960852500263192,4.376774956666666,1.4564070771318072,100.0,0.0,30
test,syn_n50_k30_cluster_corr_heavy_tail_low_vol_r02_s20260673,15,SelectorAblation_FullSelector_ECMADE_MOO,0.9946495746175271,0.021103858701418076,0.031132668501033165,0.013431225061305757,0.5288888888888889,0.16320739534492482,0.07465547597338844,0.0,1.1941439600611612,0.11158331209754886,3.0968029699999997,0.8897245896990977,85.43333333333334,11.397771510356703,30
test,syn_n50_k30_low_corr_heavy_tail_high_vol_r03_s20260674,15,SelectorAblation_FullSelector_ECMADE_MOO,1.02456040121773,0.05218917513225925,0.027186799944361798,0.010257318724646646,0.8122222222222223,0.07705465708702809,0.03647149081346542,0.0,0.7254142452392275,0.10948439141040303,3.9962195,1.4269806059919345,99.2,3.3466401061363005,30
test,syn_n100_k05_cluster_corr_skewed_high_vol_r01_s20260685,5,SelectorAblation_NoInstanceFeatures_ECMADE_MOO,1.039278017780586,0.034269399975988823,0.01877035550466802,0.03128752811151512,0.7694444444444444,0.32515346607508055,0.02428641338999648,0.0,1.1904476405450797,0.04619217516555797,8.252903953333334,1.7521329780983017,100.0,0.0,30
test,syn_n100_k05_low_corr_skewed_extreme_events_r02_s20260686,5,SelectorAblation_NoInstanceFeatures_ECMADE_MOO,0.9856520410202699,0.06975167283096735,0.024614278923440824,0.06364474710590705,0.8638888888888889,0.26849528679173157,0.03130111433189538,0.0,1.3355790169804642,0.06668144276102396,8.255135833333334,1.7938378034575375,100.0,0.0,30
test,syn_n100_k10_cluster_corr_skewed_high_vol_r01_s20260697,10,SelectorAblation_NoInstanceFeatures_ECMADE_MOO,1.0989117220669418,0.029293664196062958,0.016382926314562642,0.020780347366346232,0.8241666666666667,0.23116138148745294,0.03966281060158979,0.0,0.956649841872334,0.07092708820434576,6.736210896666666,1.0899907099605612,98.23333333333333,7.2525065029072975,30
test,syn_n100_k10_high_corr_normal_low_vol_r03_s20260698,10,SelectorAblation_NoInstanceFeatures_ECMADE_MOO,0.9805053409121598,0.037243646363847874,0.023493918586973733,0.024244002149049024,0.6827777777777778,0.2924900801714869,0.046894132088693,0.0,1.155919621399843,0.07701395069676784,6.600933726666667,1.4778175904369772,100.0,0.0,30
test,syn_n100_k20_high_corr_heavy_tail_extreme_events_r01_s20260710,20,SelectorAblation_NoInstanceFeatures_ECMADE_MOO,1.0587827522723792,0.08343756866177794,0.01989448121941142,0.04832870522275492,0.9280555555555556,0.22327975139242834,0.03809878153319356,0.0,0.9693202690125594,0.06941758326428296,6.384074606666667,1.6716415385090535,100.0,0.0,30
test,syn_n100_k20_pathological_cov_skewed_high_vol_r03_s20260709,20,SelectorAblation_NoInstanceFeatures_ECMADE_MOO,1.1775544835581067,0.018989429088535282,0.025232589828458836,0.01222500557200625,0.8805555555555556,0.1593258867430598,0.053327766797621114,0.0,0.6014786679392532,0.2874255086127717,5.971992026666666,1.3741215469639332,80.8,20.437288436108386,30
test,syn_n100_k30_high_corr_heavy_tail_extreme_events_r01_s20260722,30,SelectorAblation_NoInstanceFeatures_ECMADE_MOO,0.971658434820667,0.05514492922402711,0.0625857026146488,0.06330297902933957,0.45305555555555554,0.2774963612799762,0.11114049857884425,0.0,1.0414981555709644,0.2583752566010838,6.1186318433333335,1.6806506427664005,82.86666666666666,17.74674974289043,30
test,syn_n100_k30_low_corr_normal_low_vol_r01_s20260721,30,SelectorAblation_NoInstanceFeatures_ECMADE_MOO,0.8629356244876412,0.07734712199422611,0.07527995619041361,0.024808641935066968,0.4005555555555555,0.07244807009708283,0.05885800742962898,0.0,0.7245146054612174,0.1742681708614433,6.085909766666666,1.545239277270799,61.3,13.149406699609079,30
test,syn_n200_k05_cluster_corr_skewed_high_vol_r01_s20260734,10,SelectorAblation_NoInstanceFeatures_ECMADE_MOO,1.0475754394982253,0.03983844870765997,0.057522804349723594,0.04146305630909228,0.3622222222222222,0.20246012489163553,0.11642764186064779,0.0,1.0690427834607303,0.2370980142815364,6.813150953333333,1.6920263088311926,95.5,8.633335552300782,30
test,syn_n200_k05_pathological_cov_normal_extreme_events_r02_s20260733,10,SelectorAblation_NoInstanceFeatures_ECMADE_MOO,1.1586007823306483,0.09541847838544425,0.03829526470120373,0.07956101295614326,0.6925,0.39767252695819705,0.10880975291428166,0.0,0.16246649303832109,0.332839119511483,7.06439633,1.9590779820719233,100.0,0.0,30
test,syn_n200_k10_high_corr_heavy_tail_extreme_events_r01_s20260746,20,SelectorAblation_NoInstanceFeatures_ECMADE_MOO,1.0058128092101644,0.04008576566558588,0.04047338514196644,0.028366577068347693,0.3597222222222222,0.3212395423207532,0.06886629733192422,0.0,1.0763391000871008,0.08830648715229729,6.628811696666667,1.7378451190588327,87.56666666666666,13.22402029050463,30
test,syn_n200_k10_pathological_cov_skewed_high_vol_r03_s20260745,20,SelectorAblation_NoInstanceFeatures_ECMADE_MOO,1.1757430876339225,0.04635008945470308,0.05770669554028949,0.05583828334336364,0.6491408934707903,0.297998883458882,0.08083823614899463,0.0,0.4314478031177395,0.2583727131434067,6.15157217,1.648778308127831,41.8,26.052202236649983,30
test,syn_n200_k20_high_corr_heavy_tail_extreme_events_r01_s20260758,40,SelectorAblation_NoInstanceFeatures_ECMADE_MOO,1.027658392659315,0.05501104366965893,0.08491478158082315,0.05854201405232613,0.12861111111111112,0.20308543553184613,0.11327303151822427,0.0,0.8915778183556894,0.19263535926752134,6.20174118,1.5489163218968764,43.63333333333333,17.221645028024017,30
test,syn_n200_k20_low_corr_normal_low_vol_r01_s20260757,40,SelectorAblation_NoInstanceFeatures_ECMADE_MOO,0.8057122549087566,0.09228663159410022,0.10276338565914157,0.03202485891378596,0.3080555555555556,0.061529177786066445,0.06103032486251844,0.0,0.6082990843571248,0.20089907616221586,6.4174213799999995,1.6968912858198337,58.266666666666666,13.380204970682295,30
test,syn_n200_k30_high_corr_normal_low_vol_r03_s20260769,60,SelectorAblation_NoInstanceFeatures_ECMADE_MOO,0.9531793078865036,0.0459796043370951,0.11048373849817045,0.036804313393434394,0.07416666666666667,0.11675591824162253,0.12663258012178877,0.0,0.890273472320506,0.23065101210196481,6.703663306666667,1.7475464929427902,60.266666666666666,20.505564145361628,30
test,syn_n200_k30_low_corr_skewed_extreme_events_r02_s20260770,60,SelectorAblation_NoInstanceFeatures_ECMADE_MOO,0.8949764005938111,0.08879189600275061,0.07353280366629214,0.028372781848117888,0.2825,0.12811913008701267,0.08131663431882605,0.0,0.8807740298711775,0.221153522030491,6.615360456666667,1.735477450511179,70.13333333333334,13.788384250153646,30
test,syn_n500_k05_low_corr_normal_low_vol_r01_s20260782,25,SelectorAblation_NoInstanceFeatures_ECMADE_MOO,0.8818489525114364,0.09707511165976712,0.10663934320736886,0.043410460330709534,0.2712643678160919,0.07068071248404555,0.06133244200497718,0.0,0.6884417668016738,0.1958749093373379,8.002523936666666,1.9817318941428634,60.833333333333336,13.385744690510881,30
test,syn_n500_k05_pathological_cov_mixed_low_vol_r01_s20260781,25,SelectorAblation_NoInstanceFeatures_ECMADE_MOO,1.0691210997519494,0.029578892520200857,0.10172645929693361,0.03856487434706419,0.3302777777777778,0.26996419633950774,0.13770197120053093,0.0,0.49999554453714157,0.34177571799079814,7.893398413333333,1.9623535846968767,69.13333333333334,24.634897217555835,30
test,syn_n500_k10_low_corr_heavy_tail_high_vol_r03_s20260793,50,SelectorAblation_NoInstanceFeatures_ECMADE_MOO,0.6542047124479565,0.1111432741374271,0.19523444205374726,0.05689814396468268,0.22722222222222221,0.03852732854351404,0.05442510428243364,0.0,0.4990028067966541,0.18264496874577496,7.8840735466666665,1.915478005318125,52.2,15.052551622393715,30
test,syn_n500_k10_pathological_cov_mixed_low_vol_r01_s20260794,50,SelectorAblation_NoInstanceFeatures_ECMADE_MOO,0.9489733193097571,0.054824046231584635,0.12469494638654034,0.054160808254138826,0.03222222222222222,0.06269541608408527,0.13022597160776875,0.0,0.8921982726779093,0.16622356261823276,7.7565699766666665,1.8070537781068392,60.3,21.94373683324918,30
test,syn_n500_k20_cluster_corr_skewed_high_vol_r01_s20260805,100,SelectorAblation_NoInstanceFeatures_ECMADE_MOO,0.8338463632163706,0.09942316408835783,0.08603114883578135,0.0286979896543971,0.2188235294117647,0.07042577653951126,0.06881182803892442,0.0,0.7436084814209052,0.23058726218385966,7.790009593333334,1.872349290121605,63.166666666666664,13.193737629787787,30
test,syn_n500_k20_pathological_cov_mixed_low_vol_r01_s20260806,100,SelectorAblation_NoInstanceFeatures_ECMADE_MOO,0.9279935875453312,0.09824216663410308,0.227451632492361,0.0654935559717739,0.04761904761904762,0.14690488831753726,0.15430407678263597,0.0,0.2921886019295087,0.30953668287201197,7.653563966666667,1.7816647174104658,19.633333333333333,25.203288418903533,30
test,syn_n500_k30_cluster_corr_skewed_high_vol_r01_s20260817,150,SelectorAblation_NoInstanceFeatures_ECMADE_MOO,0.9046403784545723,0.09422724617072765,0.07881798818981076,0.027227420504609755,0.18857142857142856,0.10352003141222968,0.07090303720014417,0.0,0.7605928867579355,0.2079545808647026,7.829570926666666,1.6493963326716303,53.4,12.044744167850366,30
test,syn_n500_k30_pathological_cov_normal_extreme_events_r02_s20260818,150,SelectorAblation_NoInstanceFeatures_ECMADE_MOO,0.8890059469633983,0.14939590103798805,0.20829888128666882,0.11318422945694627,0.06551724137931035,0.249374961817442,0.14368843702983422,0.0,0.3778669931245954,0.2097394378967189,7.47566456,1.5965040079010133,14.7,12.194260945215172,30
test,syn_n50_k05_high_corr_mixed_high_vol_r02_s20260637,3,SelectorAblation_NoInstanceFeatures_ECMADE_MOO,1.1083667165470517,0.03241744770794907,0.011561563164993663,0.021884998371385068,0.9252777777777778,0.18490034767302113,0.040604192012585937,0.0,0.9584118883882808,0.13959562002324252,10.684663746666667,2.0331915089046095,100.0,0.0,30
test,syn_n50_k05_pathological_cov_mixed_low_vol_r01_s20260638,3,SelectorAblation_NoInstanceFeatures_ECMADE_MOO,1.092738291318024,0.00764250174117588,0.01534076677341054,0.017988867514634146,0.9427777777777778,0.06811407680129693,0.05509233466277209,0.0,1.3020089323527995,0.11506273073211018,9.983369366666667,2.505533866731474,100.0,0.0,30
test,syn_n50_k10_cluster_corr_skewed_high_vol_r01_s20260649,5,SelectorAblation_NoInstanceFeatures_ECMADE_MOO,1.1105459102251547,0.03453889209397873,0.011700412295049893,0.030483282466584022,0.9313888888888889,0.20900103729111294,0.026404691578015685,0.0,1.0225846534596013,0.0800396788061978,4.3485194499999995,1.7674619533613016,100.0,0.0,30
test,syn_n50_k10_low_corr_skewed_extreme_events_r02_s20260650,5,SelectorAblation_NoInstanceFeatures_ECMADE_MOO,1.1752729448977433,0.018177662001596245,0.007955167572803797,0.011930376434510295,0.9352777777777778,0.1436337958324442,0.0333432300977989,0.0,0.8628754216759784,0.10518034562616947,5.490903043333334,2.5647824767557257,100.0,0.0,30
test,syn_n50_k20_cluster_corr_skewed_high_vol_r01_s20260662,10,SelectorAblation_NoInstanceFeatures_ECMADE_MOO,1.044628996280206,0.02664180541727584,0.025414035880205462,0.0326859404575852,0.7088888888888889,0.19478268337308088,0.09217824129475344,0.0,1.285338371053972,0.14082707238176514,6.28497578,1.3211083189963828,96.86666666666666,4.725085902034922,30
test,syn_n50_k20_pathological_cov_normal_extreme_events_r02_s20260661,10,SelectorAblation_NoInstanceFeatures_ECMADE_MOO,0.8952813076839051,0.00351376613559389,0.00669586800028178,0.006267157543628654,0.9875,0.03345881553738493,0.024700160805126183,0.0,1.3435690981336137,0.06851150034663082,7.240036483333332,1.4522665370353807,100.0,0.0,30
test,syn_n50_k30_cluster_corr_heavy_tail_low_vol_r02_s20260673,15,SelectorAblation_NoInstanceFeatures_ECMADE_MOO,0.9886216328063572,0.025617828479106854,0.03403077105146381,0.016545386934036732,0.4444444444444445,0.1481257965258719,0.0614026596895864,0.0,1.2034122360619213,0.13087684988353948,6.1694886533333335,1.2914421080553204,87.73333333333333,11.340903489317904,30
test,syn_n50_k30_low_corr_heavy_tail_high_vol_r03_s20260674,15,SelectorAblation_NoInstanceFeatures_ECMADE_MOO,1.0342901004739817,0.04811758600536477,0.029713502254956496,0.008542389132516927,0.6611111111111111,0.09981624240455561,0.03978400714119168,0.0,0.8450855865142447,0.09208399271815415,6.092588186666666,1.2017368371852546,68.86666666666666,11.819718572218074,30
test,syn_n100_k05_cluster_corr_skewed_high_vol_r01_s20260685,5,SelectorAblation_NoThetaFeatures_ECMADE_MOO,1.041772386978788,0.035020046015156174,0.01731092653816434,0.03183071241462393,0.8291666666666667,0.29580196531124053,0.025208529710562037,0.0,1.166250205237346,0.04647081330606224,8.36334324,2.3027403330112226,100.0,0.0,30
test,syn_n100_k05_low_corr_skewed_extreme_events_r02_s20260686,5,SelectorAblation_NoThetaFeatures_ECMADE_MOO,0.9819189080369638,0.07086813672279793,0.026552501145413868,0.0639494761725623,0.7952777777777779,0.29182412279698955,0.03852671051582825,0.0,1.3244151606079286,0.06011279977761272,8.34798499,2.2312334452764118,100.0,0.0,30
test,syn_n100_k10_cluster_corr_skewed_high_vol_r01_s20260697,10,SelectorAblation_NoThetaFeatures_ECMADE_MOO,1.104517458260672,0.027112924299664845,0.011352687442789604,0.019776684113102863,0.9241666666666667,0.16458978963038598,0.024869921834688162,0.0,0.9164366720964903,0.08119934659284844,6.745590963333333,1.9335741054477473,100.0,0.0,30
test,syn_n100_k10_high_corr_normal_low_vol_r03_s20260698,10,SelectorAblation_NoThetaFeatures_ECMADE_MOO,0.9750343117236085,0.02955604801331549,0.023662559968643863,0.018101830481171175,0.7125,0.2781020616697777,0.03947351080880142,0.0,1.0410547740475828,0.08641591511581234,6.567646213333333,1.9257707122970111,100.0,0.0,30
test,syn_n100_k20_high_corr_heavy_tail_extreme_events_r01_s20260710,20,SelectorAblation_NoThetaFeatures_ECMADE_MOO,1.0648734438031981,0.05772596246713908,0.011504139129429547,0.032290950296047484,0.9488888888888888,0.16572627418902916,0.022647505398348314,0.0,0.9176752973477023,0.047967525629482,6.32640769,2.029396104967794,100.0,0.0,30
test,syn_n100_k20_pathological_cov_skewed_high_vol_r03_s20260709,20,SelectorAblation_NoThetaFeatures_ECMADE_MOO,1.17588169646492,0.012868910100997678,0.02989387768147373,0.008362975667458375,0.8713888888888889,0.08755631284072604,0.013842125469814354,0.0,0.3377197022336311,0.08374537814966479,5.824095456666667,1.8632502348489952,92.7,16.813684902483455,30
test,syn_n100_k30_high_corr_heavy_tail_extreme_events_r01_s20260722,30,SelectorAblation_NoThetaFeatures_ECMADE_MOO,0.9897024076478936,0.05350765640448527,0.05254519895698479,0.08023377415601499,0.6752777777777778,0.1778097283310008,0.097182797059695,0.0,0.9681510354924373,0.2753488141890157,5.768888970000001,1.7755320700633364,90.26666666666667,12.819525337743885,30
test,syn_n100_k30_low_corr_normal_low_vol_r01_s20260721,30,SelectorAblation_NoThetaFeatures_ECMADE_MOO,0.9501669381414328,0.08020522098600481,0.04606448733226769,0.026499718563056582,0.7105555555555555,0.10601934809805542,0.05675835353158516,0.0,0.7695835308633305,0.19868505857682384,5.866068029999999,1.7216560082567771,68.33333333333333,12.720695419434545,30
test,syn_n200_k05_cluster_corr_skewed_high_vol_r01_s20260734,10,SelectorAblation_NoThetaFeatures_ECMADE_MOO,1.0464780171546222,0.041668166532410685,0.07887810085623229,0.04759866744583774,0.5083333333333333,0.22840652405280604,0.08261140202907666,0.0,0.8863380219415848,0.19527343639009737,6.80432171,2.163131086254635,99.9,0.5477225575051642,30
test,syn_n200_k05_pathological_cov_normal_extreme_events_r02_s20260733,10,SelectorAblation_NoThetaFeatures_ECMADE_MOO,1.1610057106723486,0.10225181610290082,0.03594631719037434,0.08273445707316013,0.6869444444444445,0.3879018330147386,0.06298253645303097,0.0,0.08400047967785448,0.18833610772833437,5.94148058,1.85163575244743,43.8,44.55635718410159,30
test,syn_n200_k10_high_corr_heavy_tail_extreme_events_r01_s20260746,20,SelectorAblation_NoThetaFeatures_ECMADE_MOO,1.0286279006239256,0.028702566204299118,0.022128979851149377,0.01724805857899109,0.6558333333333334,0.3349111364954277,0.05516049280730735,0.0,1.0229124124644968,0.0911860544708669,6.321874753333334,2.0823216970496548,98.5,4.606966239406847,30
test,syn_n200_k10_pathological_cov_skewed_high_vol_r03_s20260745,20,SelectorAblation_NoThetaFeatures_ECMADE_MOO,1.1663536058550066,0.01165849571622475,0.065964371290623,0.05323205640333621,0.48487972508591065,0.1899873130192865,0.06954427323849338,0.0,0.3948221336434893,0.21650191197725038,5.786127466666667,1.728927158235002,24.166666666666668,14.046924643993181,30
test,syn_n200_k20_high_corr_heavy_tail_extreme_events_r01_s20260758,40,SelectorAblation_NoThetaFeatures_ECMADE_MOO,0.9998962848458606,0.047120973052916265,0.1474187263748857,0.07735242033771567,0.1436111111111111,0.16944075430941957,0.12965993369484521,0.0,0.4664111573732893,0.30259673334315007,4.127163736666667,1.9520667568044388,30.3,19.019318672303182,30
test,syn_n200_k20_low_corr_normal_low_vol_r01_s20260757,40,SelectorAblation_NoThetaFeatures_ECMADE_MOO,0.9223974742794935,0.08411533942868663,0.058721969905703233,0.02899220981140836,0.6777777777777777,0.14071406112653723,0.07235230227072273,0.0,0.7368703648365228,0.2323459971862234,6.103865503333334,2.00987159705495,71.33333333333333,13.6086517443445,30
test,syn_n200_k30_high_corr_normal_low_vol_r03_s20260769,60,SelectorAblation_NoThetaFeatures_ECMADE_MOO,0.9798885721940531,0.04034567761705681,0.09695774117715984,0.04645443492813684,0.3113888888888889,0.2416169522124307,0.09447491200054632,0.0,0.6431627428768715,0.27207983501086186,3.288024443333333,0.9773252581772637,54.46666666666667,21.616936740042252,30
test,syn_n200_k30_low_corr_skewed_extreme_events_r02_s20260770,60,SelectorAblation_NoThetaFeatures_ECMADE_MOO,0.8875700759789218,0.07296626607512748,0.06887895717238873,0.02494751166328667,0.5727777777777778,0.13286435722261558,0.04724562790198792,0.0,0.6871243131318076,0.15365068373596977,2.8324750166666663,0.5013705220395934,54.3,8.694627750751492,30
test,syn_n500_k05_low_corr_normal_low_vol_r01_s20260782,25,SelectorAblation_NoThetaFeatures_ECMADE_MOO,0.9086103572205222,0.09629767477893142,0.10075178824277592,0.04289381924654754,0.4540229885057471,0.12883052742218332,0.06359341233638119,0.0,0.623849226615701,0.15309410926128655,3.559643723333333,0.5696958556727714,62.9,16.451286502465603,30
test,syn_n500_k05_pathological_cov_mixed_low_vol_r01_s20260781,25,SelectorAblation_NoThetaFeatures_ECMADE_MOO,1.0774580510041105,0.025985529606029838,0.10442961974479661,0.030688478576320444,0.47777777777777775,0.27494629685778815,0.04343617425114018,0.0,0.30690175172786544,0.19354278916738465,3.44162212,0.5661950081175798,68.73333333333333,24.83175571630051,30
test,syn_n500_k10_low_corr_heavy_tail_high_vol_r03_s20260793,50,SelectorAblation_NoThetaFeatures_ECMADE_MOO,0.8979546688750573,0.10933778005825875,0.08437434215618068,0.04785041583588834,0.5352777777777777,0.19261613073324424,0.07190494360026317,0.0,0.7898146232573298,0.21865236313432357,4.455537793333334,0.9897480075394702,79.9,15.634510898473376,30
test,syn_n500_k10_pathological_cov_mixed_low_vol_r01_s20260794,50,SelectorAblation_NoThetaFeatures_ECMADE_MOO,0.9860094036310844,0.03383143553021886,0.14599019572337343,0.06598195712730313,0.20527777777777778,0.17281037563157461,0.0758583401087133,0.0,0.5215246534326906,0.19615278695572713,4.631823696666667,0.4085000042035287,64.0,18.680618759596246,30
test,syn_n500_k20_cluster_corr_skewed_high_vol_r01_s20260805,100,SelectorAblation_NoThetaFeatures_ECMADE_MOO,0.8371390139923885,0.07201452930212725,0.0803925913974822,0.02223362380220717,0.5466666666666666,0.11936807455548554,0.04120766405472983,0.0,0.531446543790666,0.11843387634963823,4.826238756666667,0.3909141869228348,45.5,7.147461570134653,30
test,syn_n500_k20_pathological_cov_mixed_low_vol_r01_s20260806,100,SelectorAblation_NoThetaFeatures_ECMADE_MOO,0.7515836552156145,0.101695777559826,0.3149303749232033,0.04991091696548282,0.0,0.0,0.10913081603757707,0.0,0.17547524988640736,0.1752053572713799,4.67424562,0.3000403837538422,7.5,5.975524792997192,30
test,syn_n500_k30_cluster_corr_skewed_high_vol_r01_s20260817,150,SelectorAblation_NoThetaFeatures_ECMADE_MOO,0.8792157069197598,0.10190037742689272,0.07918720723926098,0.031227861049452917,0.4542857142857143,0.13008955936320624,0.04667366472417138,0.0,0.47148769178339717,0.16188067890405605,4.69649265,0.22502059761781948,30.633333333333333,8.892008552175039,30
test,syn_n500_k30_pathological_cov_normal_extreme_events_r02_s20260818,150,SelectorAblation_NoThetaFeatures_ECMADE_MOO,0.6762086395139364,0.10756978512011284,0.33658871763500287,0.08724251972306711,0.0,0.0,0.08860602993060547,0.0,0.13156288649946996,0.10702586811902551,4.590981670000001,0.26447413218893684,5.6,3.8110547006090694,30
test,syn_n50_k05_high_corr_mixed_high_vol_r02_s20260637,3,SelectorAblation_NoThetaFeatures_ECMADE_MOO,1.1192878592046338,0.004964503555542189,0.005293953004196401,0.005646094213906832,0.985,0.04508399993133295,0.01941088524651203,0.0,0.8972612000109311,0.07542330656887514,10.35387171,2.611789477807831,100.0,0.0,30
test,syn_n50_k05_pathological_cov_mixed_low_vol_r01_s20260638,3,SelectorAblation_NoThetaFeatures_ECMADE_MOO,1.0936109247091765,0.005071784321926133,0.010810086151163275,0.0067595214889633395,0.9450000000000001,0.09404185095903188,0.039789165650648446,0.0,1.3448059646824355,0.089294601112493,10.192534233333333,2.9568237822592325,100.0,0.0,30
test,syn_n50_k10_cluster_corr_skewed_high_vol_r01_s20260649,5,SelectorAblation_NoThetaFeatures_ECMADE_MOO,1.119629638612206,0.002777027909822963,0.005549459231647318,0.001079570614957663,0.9816666666666667,0.012263080435292442,0.017154307082715144,0.0,0.9677252552146188,0.07616571377392445,7.768894759999999,2.0921491535434007,100.0,0.0,30
test,syn_n50_k10_low_corr_skewed_extreme_events_r02_s20260650,5,SelectorAblation_NoThetaFeatures_ECMADE_MOO,1.1755870848473349,0.022583405715812806,0.0077235857597325415,0.01463143632387924,0.9491666666666667,0.15203520337452806,0.020985334341953935,0.0,0.856786289157221,0.08938477187318404,7.7176282899999995,2.273723079138445,100.0,0.0,30
test,syn_n50_k20_cluster_corr_skewed_high_vol_r01_s20260662,10,SelectorAblation_NoThetaFeatures_ECMADE_MOO,1.0601911638365484,0.009146645786881291,0.013173496016732634,0.007170734192326668,0.8561111111111112,0.14569054312152419,0.06223742113271549,0.0,1.2805800082635874,0.0874279561416329,6.366100236666667,1.7095976928938392,100.0,0.0,30
test,syn_n50_k20_pathological_cov_normal_extreme_events_r02_s20260661,10,SelectorAblation_NoThetaFeatures_ECMADE_MOO,0.8825184824853513,0.005282244439900114,0.02543169631946988,0.009841337265067258,0.89,0.048462965281041326,0.0344203162327854,0.0,1.1459857236832625,0.10723992909420879,6.803557573333333,1.8582336359103533,100.0,0.0,30
test,syn_n50_k30_cluster_corr_heavy_tail_low_vol_r02_s20260673,15,SelectorAblation_NoThetaFeatures_ECMADE_MOO,0.996513806266272,0.018545509065557172,0.03771147115548232,0.017873585073533482,0.7716666666666666,0.04347236758327087,0.02971520240425,0.0,1.0151601140586373,0.1421209787036733,5.668061913333333,1.717668035733221,99.93333333333334,0.3651483716701112,30
test,syn_n50_k30_low_corr_heavy_tail_high_vol_r03_s20260674,15,SelectorAblation_NoThetaFeatures_ECMADE_MOO,1.0608588964297831,0.023856599660213595,0.020563346690814714,0.003717019669517606,0.8775,0.03224888248383094,0.025544522617763986,0.0,0.7860063987231876,0.07230411986533589,6.000370406666667,1.6571988203250816,97.06666666666666,5.514453318534747,30
test,syn_n100_k05_cluster_corr_skewed_high_vol_r01_s20260685,5,SelectorAblation_RandomizedLabels_ECMADE_MOO,1.0383789026305543,0.015784206662009866,0.015235856490326282,0.011055142955915528,0.7138888888888889,0.30539006316002454,0.020489031059911445,0.0,1.1836677925878882,0.05128990986719475,4.75485141,0.7056508520714915,100.0,0.0,30
test,syn_n100_k05_low_corr_skewed_extreme_events_r02_s20260686,5,SelectorAblation_RandomizedLabels_ECMADE_MOO,0.9856520410202699,0.06975167283096735,0.024614278923440824,0.06364474710590705,0.8638888888888889,0.26849528679173157,0.03130111433189538,0.0,1.3355790169804642,0.06668144276102396,4.412260656666667,0.6225547643655048,100.0,0.0,30
test,syn_n100_k10_cluster_corr_skewed_high_vol_r01_s20260697,10,SelectorAblation_RandomizedLabels_ECMADE_MOO,1.1131330405142559,0.006400505996443326,0.008114068228878741,0.00307586730446149,0.9636111111111112,0.05906695229253826,0.022738445967599292,0.0,0.8952161002401672,0.07229723758241954,3.7466410999999997,0.39035358129708064,100.0,0.0,30
test,syn_n100_k10_high_corr_normal_low_vol_r03_s20260698,10,SelectorAblation_RandomizedLabels_ECMADE_MOO,0.9853534862764182,0.03425959684955564,0.018063897523525586,0.02026209175932817,0.8052777777777779,0.2745641210669503,0.045706906562136,0.0,1.141989298026604,0.07143002269229454,3.6257036366666666,0.33902158722114284,100.0,0.0,30
test,syn_n100_k20_high_corr_heavy_tail_extreme_events_r01_s20260710,20,SelectorAblation_RandomizedLabels_ECMADE_MOO,1.084160564737306,0.008357593912106569,0.005461789358472754,0.0016743702814277627,0.9938888888888889,0.00845693772341542,0.011004399800233348,0.0,0.9389065398169373,0.016245685838844465,3.66506102,0.43594373173333645,100.0,0.0,30
test,syn_n100_k20_pathological_cov_skewed_high_vol_r03_s20260709,20,SelectorAblation_RandomizedLabels_ECMADE_MOO,1.1775544835581067,0.018989429088535282,0.025232589828458836,0.01222500557200625,0.8805555555555556,0.1593258867430598,0.053327766797621114,0.0,0.6014786679392532,0.2874255086127717,3.2700119733333333,0.33633596415690037,80.8,20.437288436108386,30
test,syn_n100_k30_high_corr_heavy_tail_extreme_events_r01_s20260722,30,SelectorAblation_RandomizedLabels_ECMADE_MOO,1.0135004556524858,0.025657489125158164,0.024778352958685204,0.03318482975337376,0.6838888888888889,0.2635588781425604,0.07075760488293875,0.0,1.1280053996432642,0.12954342891625373,3.41490308,0.4297386831868084,91.6,12.753904067598963,30
test,syn_n100_k30_low_corr_normal_low_vol_r01_s20260721,30,SelectorAblation_RandomizedLabels_ECMADE_MOO,0.842890557826009,0.09815793410877949,0.08339458096299428,0.03315849576826778,0.5886111111111112,0.06460472702141952,0.05284098570677256,0.0,0.5843553362551986,0.22538520057660216,3.469905343333333,0.3644094664811508,78.03333333333333,12.416572166577058,30
test,syn_n200_k05_cluster_corr_skewed_high_vol_r01_s20260734,10,SelectorAblation_RandomizedLabels_ECMADE_MOO,1.0250957047230296,0.051995566766128674,0.10120089810477008,0.06059885388946923,0.3755555555555556,0.21566893767272974,0.08388635953418273,0.0,0.8723510510221623,0.17728310245768084,3.774989666666667,0.33935872087944313,83.4,11.556756495213317,30
test,syn_n200_k05_pathological_cov_normal_extreme_events_r02_s20260733,10,SelectorAblation_RandomizedLabels_ECMADE_MOO,1.185113522705111,0.04992462876733791,0.017945645923662212,0.04092055542922187,0.785,0.34536060337009095,0.052806888664700326,0.0,0.09956656419984934,0.2041434387916985,3.740099303333333,0.4225859016922796,96.76666666666667,17.70969602600037,30
test,syn_n200_k10_high_corr_heavy_tail_extreme_events_r01_s20260746,20,SelectorAblation_RandomizedLabels_ECMADE_MOO,1.0058128092101644,0.04008576566558588,0.04047338514196644,0.028366577068347693,0.3597222222222222,0.3212395423207532,0.06886629733192422,0.0,1.0763391000871008,0.08830648715229729,3.5281126533333333,0.20577129823436777,87.56666666666666,13.22402029050463,30
test,syn_n200_k10_pathological_cov_skewed_high_vol_r03_s20260745,20,SelectorAblation_RandomizedLabels_ECMADE_MOO,1.1757430876339225,0.04635008945470308,0.05770669554028949,0.05583828334336364,0.6491408934707903,0.297998883458882,0.08083823614899463,0.0,0.4314478031177395,0.2583727131434067,3.3570653000000004,0.3140917738292961,41.8,26.052202236649983,30
test,syn_n200_k20_high_corr_heavy_tail_extreme_events_r01_s20260758,40,SelectorAblation_RandomizedLabels_ECMADE_MOO,1.060148650978855,0.04653367487834106,0.06934535420671653,0.055631036334438444,0.30888888888888894,0.2706503213077905,0.12970006031797604,0.0,0.820399352249914,0.2038154491091823,3.4980319933333335,0.33435758068586297,57.2,25.421142436142024,30
test,syn_n200_k20_low_corr_normal_low_vol_r01_s20260757,40,SelectorAblation_RandomizedLabels_ECMADE_MOO,0.8057122549087566,0.09228663159410022,0.10276338565914157,0.03202485891378596,0.3080555555555556,0.061529177786066445,0.06103032486251844,0.0,0.6082990843571248,0.20089907616221586,3.5953493033333337,0.4386783181833794,58.266666666666666,13.380204970682295,30
test,syn_n200_k30_high_corr_normal_low_vol_r03_s20260769,60,SelectorAblation_RandomizedLabels_ECMADE_MOO,0.952475987734465,0.053300414068219365,0.10432601906334203,0.043429759817170704,0.060000000000000005,0.11138280957221018,0.12063331663679075,0.0,0.8874169141381482,0.20492871272930727,3.4506470966666667,0.2642803342612596,60.06666666666667,16.817341897747905,30
test,syn_n200_k30_low_corr_skewed_extreme_events_r02_s20260770,60,SelectorAblation_RandomizedLabels_ECMADE_MOO,0.8944723985826192,0.09421353607429081,0.06606139525440403,0.03267877591156519,0.6130555555555556,0.10453517193335769,0.05823822808424643,0.0,0.7013427203255641,0.21222460956427927,3.6137943266666666,0.3556778103478445,60.766666666666666,11.260805793833617,30
test,syn_n500_k05_low_corr_normal_low_vol_r01_s20260782,25,SelectorAblation_RandomizedLabels_ECMADE_MOO,0.8818961687771106,0.08924186402588068,0.10477196306530628,0.03963407472747165,0.27356321839080455,0.07148107385926192,0.07837798797185781,0.0,0.7421033992273932,0.21206907689984855,4.409760303333333,0.2456957501362924,62.3,15.30190432142578,30
test,syn_n500_k05_pathological_cov_mixed_low_vol_r01_s20260781,25,SelectorAblation_RandomizedLabels_ECMADE_MOO,1.074598072094145,0.03491485232987112,0.09793457985568271,0.040944437623993434,0.3694444444444444,0.30487210223774297,0.09182241859613442,0.0,0.45323764386616505,0.2878189007466549,4.532136603333333,0.3485426023512567,71.53333333333333,26.867148679398777,30
test,syn_n500_k10_low_corr_heavy_tail_high_vol_r03_s20260793,50,SelectorAblation_RandomizedLabels_ECMADE_MOO,0.6680342152931105,0.14135462258731404,0.188669884847986,0.07463294192401072,0.22305555555555553,0.04241756335193239,0.0723513829553079,0.0,0.5512617690949245,0.2630206429850796,4.367881946666667,0.302406327673411,55.3,18.508432374610152,30
test,syn_n500_k10_pathological_cov_mixed_low_vol_r01_s20260794,50,SelectorAblation_RandomizedLabels_ECMADE_MOO,0.9847335615430443,0.043872273911907345,0.102307094424849,0.04810281357027124,0.10277777777777777,0.12908707843407966,0.11290177329737698,0.0,0.7785590247003901,0.19146728454659126,4.584914049999999,0.2535391157414064,68.33333333333333,26.50222285190346,30
test,syn_n500_k20_cluster_corr_skewed_high_vol_r01_s20260805,100,SelectorAblation_RandomizedLabels_ECMADE_MOO,0.8310727878627201,0.0851012848876128,0.08483163352793817,0.02375363999829922,0.28901960784313724,0.08154827592370634,0.07104053104102205,0.0,0.6896554767268149,0.2195239876349923,4.6801941933333335,0.22445700954120976,52.1,9.491738694690023,30
test,syn_n500_k20_pathological_cov_mixed_low_vol_r01_s20260806,100,SelectorAblation_RandomizedLabels_ECMADE_MOO,0.761299449443248,0.08137702716115751,0.2988138399081306,0.04839888957692425,0.0,0.0,0.11399093439539483,0.0,0.2290047099483942,0.22466865904115962,4.525487506666667,0.2546646107943761,6.566666666666666,4.753824836351529,30
test,syn_n500_k30_cluster_corr_skewed_high_vol_r01_s20260817,150,SelectorAblation_RandomizedLabels_ECMADE_MOO,0.9123641151196817,0.11888442744159591,0.07220029346475995,0.033136885551282025,0.4380952380952381,0.1527755563924119,0.04999641379820612,0.0,0.5265130416899851,0.20299912263169964,4.7114243233333335,0.21576392667436597,31.766666666666666,9.66216700664855,30
test,syn_n500_k30_pathological_cov_normal_extreme_events_r02_s20260818,150,SelectorAblation_RandomizedLabels_ECMADE_MOO,0.7021240446774755,0.11594493493927091,0.33138133484296456,0.09549114263420685,0.0,0.0,0.12216783651006059,0.0,0.25431145394978816,0.1877231594180814,4.71073907,0.2522507674634893,7.033333333333333,4.483558726120883,30
test,syn_n50_k05_high_corr_mixed_high_vol_r02_s20260637,3,SelectorAblation_RandomizedLabels_ECMADE_MOO,1.117855588848719,0.004667853509889618,0.006179129877076321,0.006315771799604952,0.9722222222222222,0.07136240321480627,0.01780128047411789,0.0,0.8977050389753427,0.07557841664671992,5.830621886666666,0.9402650084281042,100.0,0.0,30
test,syn_n50_k05_pathological_cov_mixed_low_vol_r01_s20260638,3,SelectorAblation_RandomizedLabels_ECMADE_MOO,1.0931117875654015,0.004768716923798439,0.011396534342066595,0.006287865245608852,0.9427777777777778,0.07433399480832084,0.04563514915257793,0.0,1.3384006159854223,0.08714406753515082,5.361612193333333,0.5294829514722237,100.0,0.0,30
test,syn_n50_k10_cluster_corr_skewed_high_vol_r01_s20260649,5,SelectorAblation_RandomizedLabels_ECMADE_MOO,1.1180146061095462,0.003113600245471992,0.005963553267667123,0.001377642663344693,0.9788888888888889,0.016190516436409605,0.015151866441739985,0.0,0.9582143158970985,0.06883942412788305,4.216138356666667,0.5606467285316009,100.0,0.0,30
test,syn_n50_k10_low_corr_skewed_extreme_events_r02_s20260650,5,SelectorAblation_RandomizedLabels_ECMADE_MOO,1.1759644204355435,0.01838645494028655,0.007624850431135704,0.012496567760076214,0.9469444444444444,0.15139016309351633,0.023080149780629097,0.0,0.8687870021507902,0.09370043587905759,4.098746583333333,0.6499220074511757,100.0,0.0,30
test,syn_n50_k20_cluster_corr_skewed_high_vol_r01_s20260662,10,SelectorAblation_RandomizedLabels_ECMADE_MOO,1.044628996280206,0.02664180541727584,0.025414035880205462,0.0326859404575852,0.7088888888888889,0.19478268337308088,0.09217824129475344,0.0,1.285338371053972,0.14082707238176514,3.264244316666667,0.29875325559065613,96.86666666666666,4.725085902034922,30
test,syn_n50_k20_pathological_cov_normal_extreme_events_r02_s20260661,10,SelectorAblation_RandomizedLabels_ECMADE_MOO,0.8950373847628555,0.004159498691887606,0.007425649886534474,0.00758204006137027,0.9830555555555556,0.03990429963037893,0.028878743064028847,0.0,1.3345154316728827,0.08268879636682848,3.99951335,0.5349060154734523,100.0,0.0,30
test,syn_n50_k30_cluster_corr_heavy_tail_low_vol_r02_s20260673,15,SelectorAblation_RandomizedLabels_ECMADE_MOO,1.0169447888394043,0.02162178711252177,0.02357546691403521,0.018754395381382447,0.87,0.07270103584562479,0.07631308725061682,0.0,1.157551925765055,0.16822349328051112,3.32772547,0.316123811002767,99.93333333333334,0.36514837167011094,30
test,syn_n50_k30_low_corr_heavy_tail_high_vol_r03_s20260674,15,SelectorAblation_RandomizedLabels_ECMADE_MOO,1.0304563927558936,0.04195504841173891,0.029840338600916373,0.009379116614587029,0.645,0.12748675838383525,0.045823330517031004,0.0,0.8716311716994565,0.145223541896341,3.20440864,0.397525924815347,67.96666666666667,10.591093634172822,30
