dataset,split,instance,assets,K,k_ratio,method,HV,IGD,PF_Overlap,EAF_Band_Width,PF_Drift,Runtime,PF_Overlap_tol_0_005,PF_Overlap_tol_0_02,Diversity,Spacing,Archive_Size,Feasible_Rate
Synthetic,train,syn_n50_k05_low_corr_skewed_extreme_events_r02_s20260627,50,3,0.05,NSGAII,1.0804804716067518,0.005882955154436673,0.8780555555555556,0.006538487292862749,0.01791142425510274,0.81473405,0.5688888888888889,0.9733333333333333,1.205777197193345,0.005783147727273609,96.06666666666666,1.0
Synthetic,train,syn_n50_k05_low_corr_skewed_extreme_events_r02_s20260627,50,3,0.05,SPEA2,1.0814061546778622,0.006095039160044438,0.8188888888888889,0.0050468872889032615,0.01734985016913714,8.067403046666668,0.5813888888888888,0.9775000000000001,1.2130620916747092,0.0078227532825057,99.9,1.0
Synthetic,train,syn_n50_k05_low_corr_skewed_extreme_events_r02_s20260627,50,3,0.05,MOEAD,0.9215033498952862,0.10071088903667992,0.3727777777777778,0.037473875610607665,0.07015640114719512,13.708501380000001,0.25055555555555553,0.47333333333333333,0.657344050382234,0.003562926571553304,85.5,1.0
Synthetic,train,syn_n50_k05_low_corr_skewed_extreme_events_r02_s20260627,50,3,0.05,GDE3,1.0665830838255363,0.025146551532430807,0.8733333333333334,0.012574025554834804,0.05885464850351958,3.1591019066666672,0.6211111111111112,0.9011111111111112,1.1838471228454481,0.004694107282114861,96.33333333333333,1.0
Synthetic,train,syn_n50_k05_low_corr_skewed_extreme_events_r02_s20260627,50,3,0.05,A_MPMO,1.0792502949882317,0.005908316561974708,0.8738888888888888,0.007690870331141451,0.015497688207330055,1.9122762066666668,0.5474999999999999,0.9725000000000001,1.201588450318201,0.005981777332348322,95.56666666666666,1.0
Synthetic,train,syn_n50_k05_low_corr_skewed_extreme_events_r02_s20260627,50,3,0.05,ECMADE_MOO,1.0713131133916627,0.012041394136978854,0.781388888888889,0.018106242580597294,0.02338369382335752,6.603313173333333,0.4905555555555556,0.8930555555555556,1.213053132711746,0.005216983053408857,93.46666666666667,1.0
Synthetic,train,syn_n50_k05_pathological_cov_normal_extreme_events_r02_s20260628,50,3,0.05,NSGAII,1.0689827448128435,0.008034137829276648,0.8427777777777777,0.007002996184347592,0.02207477454942879,0.7033970866666668,0.5036111111111111,0.9808333333333334,1.4042825482525942,0.006834459065584386,96.33333333333333,1.0
Synthetic,train,syn_n50_k05_pathological_cov_normal_extreme_events_r02_s20260628,50,3,0.05,SPEA2,1.068719682483361,0.007596349975649427,0.8363888888888888,0.006597035488182604,0.024887077040370822,7.721256269999999,0.5697222222222222,0.9869444444444445,1.4042825482525942,0.007948295986986683,100.0,1.0
Synthetic,train,syn_n50_k05_pathological_cov_normal_extreme_events_r02_s20260628,50,3,0.05,MOEAD,0.9535470416292963,0.21322222224693282,0.2216666666666667,0.07985425037432439,0.10585338800350867,14.231402176666666,0.1758333333333333,0.2938888888888889,0.5858463663101724,0.002027696656247831,83.1,1.0
Synthetic,train,syn_n50_k05_pathological_cov_normal_extreme_events_r02_s20260628,50,3,0.05,GDE3,1.0655300465748554,0.04321779095435353,0.7627777777777778,0.00604128174314894,0.04403228932203354,2.690988533333333,0.5716666666666667,0.7941666666666668,1.2042062321921787,0.003545338465888989,98.93333333333334,1.0
Synthetic,train,syn_n50_k05_pathological_cov_normal_extreme_events_r02_s20260628,50,3,0.05,A_MPMO,1.0688312602403733,0.009524755152080074,0.8286111111111111,0.007087658164343248,0.02866984407938537,1.6456883366666666,0.5055555555555556,0.975,1.39575332266347,0.006983045863440781,95.8,1.0
Synthetic,train,syn_n50_k05_pathological_cov_normal_extreme_events_r02_s20260628,50,3,0.05,ECMADE_MOO,1.0667499454715084,0.02184651840329817,0.7688888888888888,0.009916287779323811,0.052447131517491925,6.673823360000001,0.5008333333333332,0.9008333333333335,1.3446964635295908,0.00610174466689653,94.5,1.0
Synthetic,train,syn_n50_k05_low_corr_normal_low_vol_r01_s20260629,50,3,0.05,NSGAII,1.1615053208456356,0.006848419052222751,0.8616666666666665,0.005281967756105145,0.025144425913614148,0.7052472166666666,0.5438888888888889,0.9772222222222222,1.2575940419786582,0.006296802706378736,96.73333333333333,1.0
Synthetic,train,syn_n50_k05_low_corr_normal_low_vol_r01_s20260629,50,3,0.05,SPEA2,1.1621577571639103,0.012678243676125765,0.6141666666666665,0.004208172512451957,0.040066290031802204,7.739258319999999,0.4477777777777777,0.8458333333333332,1.2328333022071762,0.014867676838094087,100.0,1.0
Synthetic,train,syn_n50_k05_low_corr_normal_low_vol_r01_s20260629,50,3,0.05,MOEAD,1.0272617102421524,0.23674970032759857,0.16749999999999995,0.009021362055533343,0.015071700605570794,14.419203523333334,0.14694444444444446,0.19472222222222227,0.23318978504369417,0.0013406687567949313,73.93333333333334,1.0
Synthetic,train,syn_n50_k05_low_corr_normal_low_vol_r01_s20260629,50,3,0.05,GDE3,1.1605217505736773,0.057211508717621255,0.7244444444444443,0.006259937601493388,0.07877221920796608,2.533562876666667,0.5399999999999999,0.7733333333333334,1.1105625674210795,0.00419632098809325,99.46666666666667,1.0
Synthetic,train,syn_n50_k05_low_corr_normal_low_vol_r01_s20260629,50,3,0.05,A_MPMO,1.1580284703738724,0.0353996630358847,0.7116666666666667,0.015937332891742973,0.06698383100816897,1.6729346299999999,0.43833333333333335,0.8241666666666666,1.1722316622492428,0.005756025036368973,95.33333333333333,1.0
Synthetic,train,syn_n50_k05_low_corr_normal_low_vol_r01_s20260629,50,3,0.05,ECMADE_MOO,1.1564701377603261,0.016498847286307412,0.7211111111111113,0.025574689125239733,0.032545032079265145,5.999226760000001,0.44277777777777777,0.8419444444444445,1.2170228387085658,0.0054561201808174635,94.1,1.0
Synthetic,train,syn_n50_k05_high_corr_heavy_tail_extreme_events_r01_s20260630,50,3,0.05,NSGAII,1.1398189755700439,0.006349726626608832,0.8408333333333334,0.004360871167073388,0.018379969141744504,0.7141953600000002,0.48416666666666663,0.9858333333333335,1.3568609373374036,0.007138316060586418,96.8,1.0
Synthetic,train,syn_n50_k05_high_corr_heavy_tail_extreme_events_r01_s20260630,50,3,0.05,SPEA2,1.1359733444221143,0.027929577156061234,0.8658333333333332,0.0074598510062874645,0.057595344785999814,9.227306616666668,0.5363888888888889,0.9352777777777778,1.3074646621000554,0.004235930547318495,100.0,1.0
Synthetic,train,syn_n50_k05_high_corr_heavy_tail_extreme_events_r01_s20260630,50,3,0.05,MOEAD,1.0638802644124965,0.24239224952926522,0.23222222222222225,0.05779627576556476,0.0564254043152832,13.460681706666668,0.2069444444444444,0.2677777777777777,0.3033966496120344,0.0031065885796938975,67.4,1.0
Synthetic,train,syn_n50_k05_high_corr_heavy_tail_extreme_events_r01_s20260630,50,3,0.05,GDE3,1.1267976152457602,0.07465253287794475,0.7677777777777778,0.03858395608264406,0.1127898320104452,2.808678223333333,0.5233333333333333,0.8072222222222222,1.1754263305322288,0.0036047718656333993,99.66666666666667,1.0
Synthetic,train,syn_n50_k05_high_corr_heavy_tail_extreme_events_r01_s20260630,50,3,0.05,A_MPMO,1.1378334362616627,0.016285089679024655,0.8013888888888888,0.006391451856657462,0.0315051297148036,1.7469779733333333,0.4680555555555556,0.9477777777777778,1.3226813865623557,0.007328153485264124,96.36666666666666,1.0
Synthetic,train,syn_n50_k05_high_corr_heavy_tail_extreme_events_r01_s20260630,50,3,0.05,ECMADE_MOO,1.1299481363908925,0.05369435910159486,0.7369444444444444,0.04291223315502407,0.0984730073367269,6.601965403333334,0.4633333333333333,0.8627777777777778,1.2637946528661341,0.0067350868852042245,95.4,1.0
Synthetic,train,syn_n50_k05_low_corr_heavy_tail_high_vol_r03_s20260631,50,3,0.05,NSGAII,1.0121563452445292,0.007183627796446038,0.8124999999999999,0.019493049404117425,0.01688687129061562,0.7148460933333334,0.4980555555555556,0.9427777777777778,1.3062440153259705,0.005614514200004417,96.16666666666667,1.0
Synthetic,train,syn_n50_k05_low_corr_heavy_tail_high_vol_r03_s20260631,50,3,0.05,SPEA2,1.0134769697660928,0.006344908234716933,0.8324999999999999,0.014789192803330345,0.021976914051704398,8.685241640000003,0.5311111111111111,0.9636111111111112,1.3154807657140262,0.006407435934597578,100.0,1.0
Synthetic,train,syn_n50_k05_low_corr_heavy_tail_high_vol_r03_s20260631,50,3,0.05,MOEAD,0.9130197333359228,0.06967251317589142,0.33055555555555555,0.05711505210411838,0.049913335004763255,14.930300363333329,0.2311111111111111,0.41750000000000015,0.8712807218858603,0.003926870064937727,87.3,1.0
Synthetic,train,syn_n50_k05_low_corr_heavy_tail_high_vol_r03_s20260631,50,3,0.05,GDE3,1.0066488545395627,0.011367313691355647,0.7294444444444443,0.026257906778639813,0.02219549797765523,2.867773083333333,0.47638888888888886,0.8319444444444444,1.2855635140856227,0.0027605645351995597,99.36666666666666,1.0
Synthetic,train,syn_n50_k05_low_corr_heavy_tail_high_vol_r03_s20260631,50,3,0.05,A_MPMO,1.0038729280448744,0.010949069475548934,0.6549999999999999,0.026334818342464542,0.022344645937280496,1.50368688,0.38861111111111113,0.8283333333333333,1.313525838708642,0.005931084464150836,94.8,1.0
Synthetic,train,syn_n50_k05_low_corr_heavy_tail_high_vol_r03_s20260631,50,3,0.05,ECMADE_MOO,1.0073088563534727,0.009679322650967883,0.6916666666666665,0.028975370945715184,0.021252763797790442,5.9010973,0.40750000000000003,0.8786111111111112,1.3117185973543652,0.005258837067915653,92.96666666666667,1.0
Synthetic,train,syn_n50_k05_cluster_corr_skewed_high_vol_r01_s20260632,50,3,0.05,NSGAII,1.0848071088669107,0.006986370280754801,0.8983333333333334,0.005723843487983826,0.025349923128250143,0.72146374,0.5788888888888889,0.9791666666666667,1.2281470535626478,0.0053511576278939925,96.76666666666667,1.0
Synthetic,train,syn_n50_k05_cluster_corr_skewed_high_vol_r01_s20260632,50,3,0.05,SPEA2,1.0842817523534964,0.011984324797041732,0.8458333333333334,0.005700318695962615,0.04111921189616306,8.533631753333333,0.5608333333333333,0.9602777777777779,1.2130392929902951,0.00665130208138259,100.0,1.0
Synthetic,train,syn_n50_k05_cluster_corr_skewed_high_vol_r01_s20260632,50,3,0.05,MOEAD,0.9742129751554508,0.1199674250241748,0.3638888888888889,0.05151936899859237,0.08699188268169883,15.02383737,0.24333333333333332,0.4822222222222223,0.6237463373944998,0.0034047889422284335,80.13333333333334,1.0
Synthetic,train,syn_n50_k05_cluster_corr_skewed_high_vol_r01_s20260632,50,3,0.05,GDE3,1.08395935872635,0.006508527924058558,0.9336111111111111,0.010685089242598513,0.024990363217255188,2.7792603433333336,0.66,0.9636111111111113,1.2195461624677901,0.00284298911941917,99.0,1.0
Synthetic,train,syn_n50_k05_cluster_corr_skewed_high_vol_r01_s20260632,50,3,0.05,A_MPMO,1.0746087725254865,0.024043787561935655,0.7588888888888891,0.02239622991576856,0.05298399942536485,1.3451286566666667,0.5058333333333335,0.8738888888888888,1.1797227595141802,0.005849259282085345,94.63333333333334,1.0
Synthetic,train,syn_n50_k05_cluster_corr_skewed_high_vol_r01_s20260632,50,3,0.05,ECMADE_MOO,1.072278376839276,0.016569734798972446,0.7722222222222221,0.02587395020995149,0.037452433772271344,6.2644067733333335,0.48638888888888887,0.8830555555555557,1.2425961103971264,0.005141436264167226,92.56666666666666,1.0
Synthetic,train,syn_n50_k05_pathological_cov_skewed_high_vol_r03_s20260633,50,3,0.05,NSGAII,0.8866478355275547,0.005562782854662229,0.9091666666666668,0.0103980736206965,0.012912388053627544,0.7275021266666667,0.5427777777777777,0.9869444444444446,1.3189870948189895,0.0049916168330089265,97.4,1.0
Synthetic,train,syn_n50_k05_pathological_cov_skewed_high_vol_r03_s20260633,50,3,0.05,SPEA2,0.8881533766857739,0.004687162126500051,0.9727777777777776,0.0077760585246576764,0.01488202652391647,10.52774707333333,0.6522222222222223,0.9883333333333335,1.3189697612240694,0.003407035456209622,100.0,1.0
Synthetic,train,syn_n50_k05_pathological_cov_skewed_high_vol_r03_s20260633,50,3,0.05,MOEAD,0.8341222441780476,0.04397756280646256,0.36888888888888893,0.06757467317353295,0.07449029889751078,14.974779246666666,0.17305555555555555,0.5719444444444445,1.0168425718578145,0.004477703882051797,92.0,1.0
Synthetic,train,syn_n50_k05_pathological_cov_skewed_high_vol_r03_s20260633,50,3,0.05,GDE3,0.884719517663341,0.006368984075273543,0.9358333333333333,0.009036241197954232,0.020123894810767366,3.552919859999999,0.6241666666666666,0.961388888888889,1.283673345040664,0.002218365549767289,99.7,1.0
Synthetic,train,syn_n50_k05_pathological_cov_skewed_high_vol_r03_s20260633,50,3,0.05,A_MPMO,0.8862623526140542,0.00563655657554332,0.9033333333333334,0.010729923498860776,0.0160796450820109,1.4443274199999998,0.5383333333333333,0.9872222222222224,1.3281323711018385,0.005210306092376462,96.6,1.0
Synthetic,train,syn_n50_k05_pathological_cov_skewed_high_vol_r03_s20260633,50,3,0.05,ECMADE_MOO,0.885000602115529,0.006458970426099351,0.876388888888889,0.01220374046409622,0.0227828617506314,6.63795501,0.49472222222222223,0.9800000000000002,1.3065131779465624,0.004814546378797284,96.33333333333333,1.0
Synthetic,validation,syn_n50_k05_high_corr_normal_low_vol_r03_s20260634,50,3,0.05,NSGAII,1.1279817283376625,0.01429732708665737,0.826111111111111,0.004916357193824483,0.028124766056312166,0.7419047466666667,0.49138888888888876,0.9636111111111113,1.3569529982098743,0.00708633820672171,97.2,1.0
Synthetic,validation,syn_n50_k05_high_corr_normal_low_vol_r03_s20260634,50,3,0.05,SPEA2,1.128080393719422,0.012566442959627343,0.5824999999999999,0.005987519694425272,0.01652816597241121,8.388874626666668,0.4461111111111112,0.7494444444444446,1.3749957401036097,0.01852173034529545,100.0,1.0
Synthetic,validation,syn_n50_k05_high_corr_normal_low_vol_r03_s20260634,50,3,0.05,MOEAD,0.9930406172147198,0.23136541130516536,0.2536111111111112,0.02942080700572639,0.11558533471951914,13.538078403333333,0.19277777777777777,0.31749999999999995,0.4533261480234605,0.002450063040771701,76.43333333333334,1.0
Synthetic,validation,syn_n50_k05_high_corr_normal_low_vol_r03_s20260634,50,3,0.05,GDE3,1.1250700681228623,0.01133709018900213,0.8891666666666667,0.006432308139583854,0.03808556972893555,3.359798073333333,0.5238888888888888,0.9494444444444446,1.3137976458749105,0.0033126317855832446,99.53333333333333,1.0
Synthetic,validation,syn_n50_k05_high_corr_normal_low_vol_r03_s20260634,50,3,0.05,A_MPMO,1.1247271159027032,0.023523945785854573,0.7724999999999999,0.008617856834816773,0.05369708722823318,1.4012452566666664,0.4494444444444445,0.9158333333333335,1.2970461771982114,0.007048803667350316,97.23333333333333,1.0
Synthetic,validation,syn_n50_k05_high_corr_normal_low_vol_r03_s20260634,50,3,0.05,ECMADE_MOO,1.1222730978660473,0.023743108149811478,0.7552777777777778,0.009034517342473722,0.048801396708389566,6.508378990000001,0.4599999999999999,0.9186111111111112,1.2962021707108384,0.006173326214005104,94.8,1.0
Synthetic,validation,syn_n50_k05_cluster_corr_mixed_extreme_events_r03_s20260635,50,3,0.05,NSGAII,1.1305391821383568,0.008450066119951477,0.9458333333333332,0.003568889615259898,0.03216981130994529,0.7590598233333332,0.7283333333333333,0.9669444444444444,0.9406452524752054,0.004208910844737537,96.6,1.0
Synthetic,validation,syn_n50_k05_cluster_corr_mixed_extreme_events_r03_s20260635,50,3,0.05,SPEA2,1.1301191670032449,0.008018580345582492,0.9277777777777777,0.003766037405642218,0.049727912680988286,6.121092916666666,0.7177777777777777,0.9580555555555555,0.9436468204766094,0.0037470042142639325,100.0,1.0
Synthetic,validation,syn_n50_k05_cluster_corr_mixed_extreme_events_r03_s20260635,50,3,0.05,MOEAD,1.0127067176194016,0.14191353244575458,0.24472222222222226,0.08353643063033257,0.05799481698594322,13.960202603333332,0.20638888888888887,0.29333333333333333,0.3318642698640718,0.0025504177683137027,71.33333333333333,1.0
Synthetic,validation,syn_n50_k05_cluster_corr_mixed_extreme_events_r03_s20260635,50,3,0.05,GDE3,1.1218349519546904,0.017698946717864934,0.8369444444444444,0.023121585212140538,0.04629990127917724,3.035658376666667,0.7316666666666668,0.8772222222222222,0.9421735187876494,0.002370318389555063,99.16666666666667,1.0
Synthetic,validation,syn_n50_k05_cluster_corr_mixed_extreme_events_r03_s20260635,50,3,0.05,A_MPMO,1.127872928873527,0.007789106609855758,0.8694444444444444,0.010888922904440178,0.028532732559171697,1.4311167466666668,0.6530555555555557,0.9325,0.9954089683149366,0.004457386058375618,94.86666666666666,1.0
Synthetic,validation,syn_n50_k05_cluster_corr_mixed_extreme_events_r03_s20260635,50,3,0.05,ECMADE_MOO,1.1222191488572062,0.012823738099837141,0.8247222222222222,0.014328647965122223,0.03111144515569525,6.081856633333333,0.6352777777777779,0.9005555555555556,0.9802955227287022,0.004065218429208827,94.53333333333333,1.0
Synthetic,validation,syn_n50_k05_cluster_corr_heavy_tail_low_vol_r02_s20260636,50,3,0.05,NSGAII,1.1185877132669764,0.0066843832573647574,0.8730555555555555,0.008555045046668238,0.018348709880487233,0.6917148366666666,0.558888888888889,0.9761111111111112,1.1932851108099602,0.005765389236544532,96.96666666666667,1.0
Synthetic,validation,syn_n50_k05_cluster_corr_heavy_tail_low_vol_r02_s20260636,50,3,0.05,SPEA2,1.1192426490094436,0.00741310912233075,0.7855555555555553,0.008234024043759548,0.03262155959001528,6.679328793333334,0.47222222222222227,0.9825000000000002,1.210973462594483,0.0091330544609858,100.0,1.0
Synthetic,validation,syn_n50_k05_cluster_corr_heavy_tail_low_vol_r02_s20260636,50,3,0.05,MOEAD,1.0297270891676198,0.14551321365871903,0.27055555555555555,0.05512511035969159,0.10094927131645748,14.361992659999999,0.18555555555555556,0.3958333333333333,0.5544230868223387,0.003211943444709856,84.46666666666667,1.0
Synthetic,validation,syn_n50_k05_cluster_corr_heavy_tail_low_vol_r02_s20260636,50,3,0.05,GDE3,1.1164399300426469,0.014250009314404514,0.9188888888888889,0.009339112740442156,0.024793091576195494,2.6693324866666672,0.6277777777777779,0.9547222222222224,1.1944091781930448,0.003460371218074213,99.03333333333333,1.0
Synthetic,validation,syn_n50_k05_cluster_corr_heavy_tail_low_vol_r02_s20260636,50,3,0.05,A_MPMO,1.1147384543316174,0.016970562662274213,0.8244444444444444,0.010240437711343411,0.03265537595730154,1.4452817866666665,0.5075000000000001,0.943888888888889,1.1978274178656971,0.005724090311876175,95.6,1.0
Synthetic,validation,syn_n50_k05_cluster_corr_heavy_tail_low_vol_r02_s20260636,50,3,0.05,ECMADE_MOO,1.11708438239243,0.00802351997976719,0.8172222222222221,0.013965330476232812,0.022605023287342964,6.385988573333332,0.5202777777777778,0.9316666666666668,1.2142909156244373,0.005417430232072424,94.86666666666666,1.0
Synthetic,test,syn_n50_k05_high_corr_mixed_high_vol_r02_s20260637,50,3,0.05,NSGAII,0.9931332072705069,0.006226795561325114,0.8925000000000001,0.008812967266575808,0.020478711563823353,0.6990582233333333,0.5558333333333335,0.9836111111111111,1.2771860906296397,0.005572317262512261,96.86666666666666,1.0
Synthetic,test,syn_n50_k05_high_corr_mixed_high_vol_r02_s20260637,50,3,0.05,SPEA2,0.9950820233909438,0.005054554015938381,0.9169444444444446,0.007320856778456674,0.015186403759146745,8.259029166666668,0.5969444444444445,0.991111111111111,1.2886862753600345,0.005500879966456356,100.0,1.0
Synthetic,test,syn_n50_k05_high_corr_mixed_high_vol_r02_s20260637,50,3,0.05,MOEAD,0.8905413057044309,0.10339909090103332,0.29333333333333333,0.07872209272813202,0.10582123411168452,14.86397884,0.23555555555555555,0.38333333333333336,0.7675654378416634,0.00387128860765228,86.93333333333334,1.0
Synthetic,test,syn_n50_k05_high_corr_mixed_high_vol_r02_s20260637,50,3,0.05,GDE3,0.9897241805491923,0.0073762382557608745,0.9169444444444446,0.0084658040675843,0.026715744257240926,3.0766864099999993,0.6380555555555554,0.9441666666666666,1.2620270099129103,0.002552700476612817,99.23333333333333,1.0
Synthetic,test,syn_n50_k05_high_corr_mixed_high_vol_r02_s20260637,50,3,0.05,A_MPMO,0.9943124222855584,0.005540345543656771,0.8841666666666667,0.009474586977908095,0.018416190201373524,1.4292210033333332,0.5191666666666668,0.9913888888888889,1.2927725314953054,0.006209514533246064,94.93333333333334,1.0
Synthetic,test,syn_n50_k05_high_corr_mixed_high_vol_r02_s20260637,50,3,0.05,ECMADE_MOO,0.9918442641902022,0.0068876651133149575,0.8386111111111114,0.012977753154484208,0.024293242973085386,6.480319233333332,0.4947222222222223,0.9702777777777777,1.2937160397916692,0.004872669833912992,95.56666666666666,1.0
Synthetic,test,syn_n50_k05_pathological_cov_mixed_low_vol_r01_s20260638,50,3,0.05,NSGAII,1.0963368410676704,0.005783326217217526,0.8502777777777778,0.006699047972020886,0.016711477259088565,0.70252292,0.48500000000000004,0.9958333333333335,1.4142135603925425,0.00697541532279795,96.96666666666667,1.0
Synthetic,test,syn_n50_k05_pathological_cov_mixed_low_vol_r01_s20260638,50,3,0.05,SPEA2,1.0959741947660921,0.006309112798249509,0.8083333333333332,0.006555299072568507,0.010102336536377366,7.414794626666665,0.5472222222222222,0.9608333333333333,1.4142135623730947,0.011077022506187112,100.0,1.0
Synthetic,test,syn_n50_k05_pathological_cov_mixed_low_vol_r01_s20260638,50,3,0.05,MOEAD,1.022780189041071,0.16588205476059342,0.23333333333333334,0.05005648332696419,0.0673576807125199,15.572846103333331,0.14888888888888888,0.32666666666666677,0.6876494564976302,0.00338147854801816,83.8,1.0
Synthetic,test,syn_n50_k05_pathological_cov_mixed_low_vol_r01_s20260638,50,3,0.05,GDE3,1.091906508268573,0.02493041544817631,0.8058333333333333,0.009035459857858648,0.046816283540291895,2.7934978766666663,0.5366666666666668,0.8572222222222222,1.20578448520886,0.003068255292132825,99.93333333333334,1.0
Synthetic,test,syn_n50_k05_pathological_cov_mixed_low_vol_r01_s20260638,50,3,0.05,A_MPMO,1.0962063717573876,0.00653883501349088,0.8352777777777777,0.006486805536010431,0.017981769019400445,1.4219560633333335,0.49333333333333335,0.9861111111111112,1.408268481100522,0.007006221639539595,96.33333333333333,1.0
Synthetic,test,syn_n50_k05_pathological_cov_mixed_low_vol_r01_s20260638,50,3,0.05,ECMADE_MOO,1.0922855071660031,0.014899294675211394,0.7533333333333334,0.01636472640340803,0.03974292642474744,6.386427153333332,0.4583333333333333,0.9047222222222223,1.3369256276330548,0.006169788790623925,95.23333333333333,1.0
Synthetic,train,syn_n50_k10_high_corr_mixed_high_vol_r02_s20260639,50,5,0.1,NSGAII,1.0395332574547005,0.006771554635357475,0.9116666666666667,0.006960843539409085,0.017951947243694758,0.7065699266666666,0.5730555555555555,0.9769444444444446,1.2012262306162045,0.004944034692671509,98.8,1.0
Synthetic,train,syn_n50_k10_high_corr_mixed_high_vol_r02_s20260639,50,5,0.1,SPEA2,1.0418990346201749,0.005700799921001756,0.9136111111111112,0.005581431686731533,0.02882762538643471,5.480496450000001,0.6316666666666666,0.9827777777777779,1.2205834412364291,0.005662505557525625,100.0,1.0
Synthetic,train,syn_n50_k10_high_corr_mixed_high_vol_r02_s20260639,50,5,0.1,MOEAD,0.9014832602377205,0.12446077978323998,0.26666666666666666,0.035139132125359275,0.04955255537866075,14.442728403333332,0.14666666666666667,0.4075,0.5337568802700743,0.003207254632370239,79.3,1.0
Synthetic,train,syn_n50_k10_high_corr_mixed_high_vol_r02_s20260639,50,5,0.1,GDE3,1.0312451120594046,0.028661446490845798,0.7977777777777778,0.014877313458001131,0.0457105071425914,2.469643376666667,0.6466666666666666,0.8191666666666667,1.022382133530066,0.0025190357829864953,99.96666666666667,1.0
Synthetic,train,syn_n50_k10_high_corr_mixed_high_vol_r02_s20260639,50,5,0.1,A_MPMO,1.0333707150092186,0.019708702262019942,0.8336111111111112,0.017741250521749876,0.04990646083224109,1.4277772733333334,0.538611111111111,0.9061111111111113,1.1290105690949623,0.004712270357659496,98.26666666666667,1.0
Synthetic,train,syn_n50_k10_high_corr_mixed_high_vol_r02_s20260639,50,5,0.1,ECMADE_MOO,1.0339578435761063,0.011061657266597203,0.8541666666666666,0.00861358745733283,0.02346872070968894,4.16643168,0.5363888888888889,0.9272222222222223,1.2042582681546776,0.004822605613058036,96.83333333333333,1.0
Synthetic,train,syn_n50_k10_cluster_corr_mixed_extreme_events_r03_s20260640,50,5,0.1,NSGAII,1.000979667180331,0.015914840519185954,0.8455555555555556,0.022120186408724835,0.04772588810111999,0.7070867366666664,0.5016666666666667,0.9272222222222223,1.2338867213510978,0.005237810851800831,98.86666666666666,1.0
Synthetic,train,syn_n50_k10_cluster_corr_mixed_extreme_events_r03_s20260640,50,5,0.1,SPEA2,1.0069802350497274,0.006701093995517233,0.8611111111111112,0.007889591952853822,0.01754009428666143,5.689006023333333,0.5494444444444445,0.9783333333333335,1.3118880193519233,0.006589838379406834,100.0,1.0
Synthetic,train,syn_n50_k10_cluster_corr_mixed_extreme_events_r03_s20260640,50,5,0.1,MOEAD,0.9053822853647436,0.09375262532915765,0.4944444444444444,0.02648698344169947,0.053455306115679106,14.464013070000002,0.3083333333333333,0.6136111111111112,0.7796967461023665,0.003452374270921561,84.96666666666667,1.0
Synthetic,train,syn_n50_k10_cluster_corr_mixed_extreme_events_r03_s20260640,50,5,0.1,GDE3,1.0016693818240665,0.012929797919519783,0.8813888888888889,0.014099216658475912,0.03059975868150292,2.0643934566666666,0.5469444444444446,0.9116666666666667,1.2330168050157877,0.0029936502447580507,100.0,1.0
Synthetic,train,syn_n50_k10_cluster_corr_mixed_extreme_events_r03_s20260640,50,5,0.1,A_MPMO,1.0002513648554356,0.015120622259908907,0.8316666666666667,0.02152598116861986,0.04437953757277443,1.5040853599999997,0.45499999999999996,0.9322222222222224,1.2510932278237676,0.005293392484336713,97.83333333333333,1.0
Synthetic,train,syn_n50_k10_cluster_corr_mixed_extreme_events_r03_s20260640,50,5,0.1,ECMADE_MOO,1.003539285838999,0.007795378704453095,0.8075,0.014716626594712045,0.019388672898993084,3.60441792,0.4155555555555555,0.9522222222222223,1.3458613776555535,0.005474936222639977,96.7,1.0
Synthetic,train,syn_n50_k10_low_corr_heavy_tail_high_vol_r03_s20260641,50,5,0.1,NSGAII,1.0731964657028914,0.01729362027592464,0.8355555555555555,0.013709829719761804,0.048768609036006876,0.7144028133333333,0.5263888888888889,0.9152777777777779,1.17372152787484,0.005209732273824689,98.76666666666667,1.0
Synthetic,train,syn_n50_k10_low_corr_heavy_tail_high_vol_r03_s20260641,50,5,0.1,SPEA2,1.0749655996967928,0.013541693075451628,0.9075000000000001,0.01262364672529646,0.05409292435946176,5.501433109999999,0.5974999999999999,0.9336111111111111,1.1984966982131202,0.004305454961480307,100.0,1.0
Synthetic,train,syn_n50_k10_low_corr_heavy_tail_high_vol_r03_s20260641,50,5,0.1,MOEAD,0.9887537974080051,0.20509946711450266,0.24583333333333338,0.04922418268811251,0.028531431875986904,14.138933523333334,0.16138888888888892,0.2938888888888888,0.45306544637910307,0.0024397710756974807,89.5,1.0
Synthetic,train,syn_n50_k10_low_corr_heavy_tail_high_vol_r03_s20260641,50,5,0.1,GDE3,1.0665605676130294,0.034233054701555896,0.7516666666666666,0.028881470110452643,0.06852185376548817,1.81201876,0.4749999999999999,0.8377777777777776,1.1193590724334646,0.0042101922696057776,99.93333333333334,1.0
Synthetic,train,syn_n50_k10_low_corr_heavy_tail_high_vol_r03_s20260641,50,5,0.1,A_MPMO,1.0675120304851369,0.03295876187898061,0.7583333333333334,0.023254509298982907,0.0638711592523089,1.3838082633333335,0.4772222222222222,0.8447222222222223,1.1180864178543817,0.004895434258596838,98.56666666666666,1.0
Synthetic,train,syn_n50_k10_low_corr_heavy_tail_high_vol_r03_s20260641,50,5,0.1,ECMADE_MOO,1.0755082862439802,0.006905314688289281,0.8391666666666668,0.009912579679433334,0.03587318009663733,2.9396430466666663,0.47027777777777774,0.9694444444444446,1.2671449248022326,0.0061009420094432654,95.9,1.0
Synthetic,train,syn_n50_k10_low_corr_normal_low_vol_r01_s20260642,50,5,0.1,NSGAII,1.0161933020206195,0.005758433161379997,0.898888888888889,0.008780623436130284,0.014342194399492986,0.71126772,0.5283333333333333,0.9902777777777778,1.3285285234068993,0.005565996695828685,98.66666666666667,1.0
Synthetic,train,syn_n50_k10_low_corr_normal_low_vol_r01_s20260642,50,5,0.1,SPEA2,1.0162051139215198,0.006542585127228121,0.826111111111111,0.008559074343965856,0.01342682642420927,5.524269383333334,0.5113888888888889,0.9827777777777779,1.3209193081001491,0.00724343017694242,100.0,1.0
Synthetic,train,syn_n50_k10_low_corr_normal_low_vol_r01_s20260642,50,5,0.1,MOEAD,0.8198356748395189,0.11798364915697584,0.5147222222222223,0.009249394013091033,0.018647498823259886,14.979252383333336,0.2833333333333333,0.6233333333333333,0.7349432020816876,0.0045951022498792495,84.2,1.0
Synthetic,train,syn_n50_k10_low_corr_normal_low_vol_r01_s20260642,50,5,0.1,GDE3,1.016235713833075,0.005187054286246784,0.9697222222222223,0.007635303151365632,0.011824855514539797,2.2423292933333334,0.5813888888888888,0.9913888888888889,1.3189145389716068,0.002774576249514704,99.73333333333333,1.0
Synthetic,train,syn_n50_k10_low_corr_normal_low_vol_r01_s20260642,50,5,0.1,A_MPMO,1.0134713203311425,0.008373052988582912,0.8500000000000001,0.011021913270354044,0.024152092026235094,1.3850029933333332,0.46388888888888896,0.970277777777778,1.3207392600222376,0.005558692371705521,97.93333333333334,1.0
Synthetic,train,syn_n50_k10_low_corr_normal_low_vol_r01_s20260642,50,5,0.1,ECMADE_MOO,1.0120510923798478,0.007834946616013038,0.780277777777778,0.015394756976651042,0.020521495673965284,2.710488046666667,0.40194444444444444,0.9452777777777778,1.3338652426423905,0.005632405445837147,96.83333333333333,1.0
Synthetic,train,syn_n50_k10_high_corr_normal_low_vol_r03_s20260643,50,5,0.1,NSGAII,0.8915981987368842,0.005206089455085606,0.9041666666666667,0.010188581556511516,0.016711625642613265,0.7041680566666667,0.5577777777777778,0.9925000000000002,1.3767307803858664,0.0052303418694375405,98.76666666666667,1.0
Synthetic,train,syn_n50_k10_high_corr_normal_low_vol_r03_s20260643,50,5,0.1,SPEA2,0.8894316758613571,0.008397350763558195,0.9330555555555555,0.007873162862766313,0.019390860849909344,8.586488079999999,0.6336111111111111,0.9800000000000002,1.3595372749533705,0.004869425461595508,100.0,1.0
Synthetic,train,syn_n50_k10_high_corr_normal_low_vol_r03_s20260643,50,5,0.1,MOEAD,0.800272331539119,0.08864855455945263,0.22027777777777782,0.06442560974571254,0.04806728993303668,11.913824123333333,0.0961111111111111,0.3663888888888888,0.8381010003669372,0.005932513908952288,75.0,1.0
Synthetic,train,syn_n50_k10_high_corr_normal_low_vol_r03_s20260643,50,5,0.1,GDE3,0.8824400936217326,0.02430057485209069,0.8033333333333335,0.008074174083159118,0.007971230889631137,1.8479903966666666,0.5980555555555555,0.8202777777777777,1.1717523733959623,0.002210811554835638,100.0,1.0
Synthetic,train,syn_n50_k10_high_corr_normal_low_vol_r03_s20260643,50,5,0.1,A_MPMO,0.8897952731634365,0.007753833196897252,0.8655555555555555,0.012678363236997886,0.020012480785109647,1.3751027133333333,0.5399999999999998,0.9605555555555555,1.3528938441933647,0.005369851944681006,98.26666666666667,1.0
Synthetic,train,syn_n50_k10_high_corr_normal_low_vol_r03_s20260643,50,5,0.1,ECMADE_MOO,0.8881573587177196,0.008281948871110298,0.8625000000000003,0.014175887999569316,0.024534623072056876,3.5348478466666666,0.4897222222222223,0.9594444444444447,1.3495877750347733,0.005025623582198888,96.66666666666667,1.0
Synthetic,train,syn_n50_k10_pathological_cov_skewed_high_vol_r03_s20260644,50,5,0.1,NSGAII,0.7937671186175183,0.005040366849246439,0.9163888888888891,0.011643043420824402,0.010577989208659372,1.03769958,0.5694444444444444,0.9905555555555556,1.378773690029638,0.00496723121540455,98.16666666666667,1.0
Synthetic,train,syn_n50_k10_pathological_cov_skewed_high_vol_r03_s20260644,50,5,0.1,SPEA2,0.7956286722330334,0.003966999032591601,0.9852777777777778,0.00821297285662519,0.008631602325979778,12.190356476666665,0.6794444444444445,0.993888888888889,1.3772903308770579,0.0025922527845507,100.0,1.0
Synthetic,train,syn_n50_k10_pathological_cov_skewed_high_vol_r03_s20260644,50,5,0.1,MOEAD,0.7407884176448267,0.03307589092390819,0.15333333333333335,0.06323510405007911,0.05049190914894122,4.1603611633333335,0.041944444444444444,0.4286111111111111,1.1974726903770252,0.0066157732763464,85.26666666666667,1.0
Synthetic,train,syn_n50_k10_pathological_cov_skewed_high_vol_r03_s20260644,50,5,0.1,GDE3,0.7920863816384107,0.004834494516954633,0.9833333333333335,0.008158465384758057,0.007142689140296297,1.9507505466666664,0.5913888888888889,0.9933333333333335,1.3621180032234799,0.0021418601209752855,100.0,1.0
Synthetic,train,syn_n50_k10_pathological_cov_skewed_high_vol_r03_s20260644,50,5,0.1,A_MPMO,0.7937082407000527,0.005144433733570046,0.9033333333333332,0.012173160394805259,0.013556642104284092,1.3264678,0.5616666666666668,0.9911111111111112,1.380117400842812,0.005251111444743885,97.66666666666667,1.0
Synthetic,train,syn_n50_k10_pathological_cov_skewed_high_vol_r03_s20260644,50,5,0.1,ECMADE_MOO,0.7942005738597846,0.004866614734048821,0.9208333333333335,0.011039370654497732,0.01936373602098423,3.6274800233333333,0.6111111111111112,0.9866666666666668,1.37408826056959,0.0054582862407120515,96.3,1.0
Synthetic,train,syn_n50_k10_high_corr_heavy_tail_extreme_events_r01_s20260645,50,5,0.1,NSGAII,0.9045173497194515,0.006059085160155133,0.8863888888888888,0.011222850893970588,0.021535283501179822,0.8358193499999998,0.5180555555555556,0.9897222222222223,1.3873082639429741,0.0052464446625786676,98.06666666666666,1.0
Synthetic,train,syn_n50_k10_high_corr_heavy_tail_extreme_events_r01_s20260645,50,5,0.1,SPEA2,0.9067845030030478,0.004282810954477935,0.9569444444444444,0.00832002607311673,0.008873646855993718,8.135668753333333,0.6511111111111112,1.0,1.3963295308325538,0.004033605819804966,100.0,1.0
Synthetic,train,syn_n50_k10_high_corr_heavy_tail_extreme_events_r01_s20260645,50,5,0.1,MOEAD,0.7824381023095446,0.1649960278346006,0.25833333333333336,0.0436780617466352,0.06531879869541418,4.139876266666667,0.13444444444444445,0.38583333333333336,0.701260297037971,0.004414093637051152,81.0,1.0
Synthetic,train,syn_n50_k10_high_corr_heavy_tail_extreme_events_r01_s20260645,50,5,0.1,GDE3,0.8981350203054451,0.011871648395207128,0.8786111111111111,0.011912395966895875,0.02180688498955815,2.21044296,0.5647222222222222,0.9113888888888888,1.2713065869447382,0.002627921558476404,100.0,1.0
Synthetic,train,syn_n50_k10_high_corr_heavy_tail_extreme_events_r01_s20260645,50,5,0.1,A_MPMO,0.9034899376693788,0.006959616623397951,0.8691666666666666,0.012021489179690401,0.01985816306012012,1.370805363333333,0.49972222222222223,0.9797222222222223,1.3785681503977154,0.005506910958120279,97.46666666666667,1.0
Synthetic,train,syn_n50_k10_high_corr_heavy_tail_extreme_events_r01_s20260645,50,5,0.1,ECMADE_MOO,0.9047821446135306,0.0054811721617082886,0.8900000000000001,0.011858706617696578,0.014286716724755209,3.23962618,0.5027777777777778,0.996388888888889,1.396674851299815,0.005112146581064737,97.03333333333333,1.0
Synthetic,validation,syn_n50_k10_pathological_cov_mixed_low_vol_r01_s20260646,50,5,0.1,NSGAII,0.86621649473024,0.004345290190132782,0.9455555555555556,0.009213617682199108,0.010001747905976566,0.8457477533333333,0.6444444444444444,0.9980555555555557,1.2444501003332638,0.00463559078975465,98.36666666666666,1.0
Synthetic,validation,syn_n50_k10_pathological_cov_mixed_low_vol_r01_s20260646,50,5,0.1,SPEA2,0.8674993303880766,0.0034954832818924367,0.9902777777777779,0.006578828856243941,0.005304448081531724,9.394762846666664,0.7511111111111111,1.0,1.2445470061361028,0.002431941717153115,100.0,1.0
Synthetic,validation,syn_n50_k10_pathological_cov_mixed_low_vol_r01_s20260646,50,5,0.1,MOEAD,0.3423071717669417,0.5742062532362535,0.04250000000000001,0.009250124524154276,0.011965316625718937,4.104387149999999,0.030277777777777782,0.06083333333333334,0.04146008096087407,0.0029187506598177828,13.6,1.0
Synthetic,validation,syn_n50_k10_pathological_cov_mixed_low_vol_r01_s20260646,50,5,0.1,GDE3,0.8615773689966228,0.0049603337337508204,0.9491666666666666,0.012667969372382133,0.01096735117314288,2.0187183099999997,0.6613888888888889,0.9816666666666667,1.2334910541690272,0.0019973677503683177,99.9,1.0
Synthetic,validation,syn_n50_k10_pathological_cov_mixed_low_vol_r01_s20260646,50,5,0.1,A_MPMO,0.8637665773500943,0.005112682129327667,0.9391666666666667,0.011015366101296381,0.016893724319946322,1.3335301499999999,0.6330555555555556,0.9891666666666666,1.2364200546889557,0.004709803614382757,97.6,1.0
Synthetic,validation,syn_n50_k10_pathological_cov_mixed_low_vol_r01_s20260646,50,5,0.1,ECMADE_MOO,0.8630669097394273,0.00627976556817828,0.9063888888888889,0.010759185056110445,0.015585316047989926,3.4206510333333333,0.5947222222222222,0.9580555555555555,1.247657860221294,0.0045005646378277675,95.06666666666666,1.0
Synthetic,validation,syn_n50_k10_cluster_corr_heavy_tail_low_vol_r02_s20260647,50,5,0.1,NSGAII,1.1356018140192796,0.01682260421036348,0.7875000000000001,0.006549955351942444,0.0470861913034309,0.9432593400000001,0.4783333333333333,0.8899999999999999,1.2184719061597407,0.006118839804827348,98.5,1.0
Synthetic,validation,syn_n50_k10_cluster_corr_heavy_tail_low_vol_r02_s20260647,50,5,0.1,SPEA2,1.136646413208257,0.029013560514211608,0.5233333333333332,0.007114597475010267,0.032622804800769935,5.499651416666667,0.3363888888888888,0.6891666666666666,1.2494543362647288,0.019875036330544285,100.0,1.0
Synthetic,validation,syn_n50_k10_cluster_corr_heavy_tail_low_vol_r02_s20260647,50,5,0.1,MOEAD,1.0252288361202442,0.23660069939759554,0.17777777777777778,0.009329800801292263,0.00862016798166518,4.14197652,0.13722222222222222,0.2133333333333333,0.23850637122906707,0.0016628459032137705,73.86666666666666,1.0
Synthetic,validation,syn_n50_k10_cluster_corr_heavy_tail_low_vol_r02_s20260647,50,5,0.1,GDE3,1.1315529458939757,0.14156298214703972,0.45305555555555554,0.009452407645427962,0.02809647608792323,1.8561136399999998,0.36361111111111116,0.4847222222222223,0.9345612062511575,0.0035753347018986654,100.0,1.0
Synthetic,validation,syn_n50_k10_cluster_corr_heavy_tail_low_vol_r02_s20260647,50,5,0.1,A_MPMO,1.1314740001066232,0.06079081841581223,0.6205555555555555,0.014178262810931182,0.06550220256118859,1.3901272333333332,0.37166666666666665,0.7274999999999997,1.066496677877294,0.006004549222123681,96.26666666666667,1.0
Synthetic,validation,syn_n50_k10_cluster_corr_heavy_tail_low_vol_r02_s20260647,50,5,0.1,ECMADE_MOO,1.1310091650423701,0.02704622842079216,0.6741666666666667,0.029817050346777195,0.0587308610378419,2.526094213333333,0.36861111111111106,0.8236111111111111,1.2430585652204251,0.006380858632105683,96.26666666666667,1.0
Synthetic,validation,syn_n50_k10_pathological_cov_normal_extreme_events_r02_s20260648,50,5,0.1,NSGAII,0.9104176415542423,0.0059085210762866705,0.8941666666666668,0.010687928003248302,0.02025429455451109,0.8409297366666667,0.5344444444444446,0.9836111111111111,1.401747506420836,0.006104209688783159,97.56666666666666,1.0
Synthetic,validation,syn_n50_k10_pathological_cov_normal_extreme_events_r02_s20260648,50,5,0.1,SPEA2,0.9120579910172226,0.005224545903835818,0.8583333333333333,0.00875034939296252,0.007018686216059353,6.518845730000001,0.5925,0.9947222222222223,1.4108840512255545,0.006245483700323764,100.0,1.0
Synthetic,validation,syn_n50_k10_pathological_cov_normal_extreme_events_r02_s20260648,50,5,0.1,MOEAD,0.40494796175594827,0.42669255278918355,0.19777777777777777,0.01139433547283251,0.054795139483065115,4.169841610000001,0.13972222222222225,0.23138888888888892,0.28017934161296537,0.0037158814334361423,52.9,1.0
Synthetic,validation,syn_n50_k10_pathological_cov_normal_extreme_events_r02_s20260648,50,5,0.1,GDE3,0.8993045945429535,0.013200604775120054,0.8777777777777778,0.010505291890000124,0.04659675671937147,2.0979132066666666,0.4980555555555556,0.9297222222222223,1.3216966772797643,0.002636619545830222,99.9,1.0
Synthetic,validation,syn_n50_k10_pathological_cov_normal_extreme_events_r02_s20260648,50,5,0.1,A_MPMO,0.904677623936667,0.012751291277645559,0.8633333333333333,0.010962591693709965,0.041049954175118815,1.1692902399999998,0.5288888888888889,0.9652777777777779,1.3666984051597002,0.005724138689529817,97.1,1.0
Synthetic,validation,syn_n50_k10_pathological_cov_normal_extreme_events_r02_s20260648,50,5,0.1,ECMADE_MOO,0.908504456133903,0.006994269817139149,0.8558333333333333,0.012402152640947697,0.01944118119760424,4.454813406666667,0.5286111111111111,0.9602777777777779,1.4108884316168036,0.00533580672878124,95.13333333333334,1.0
Synthetic,test,syn_n50_k10_cluster_corr_skewed_high_vol_r01_s20260649,50,5,0.1,NSGAII,1.0588875006469372,0.008145470319535933,0.8708333333333333,0.007806229848929792,0.021128617129925194,0.8149831133333333,0.5249999999999999,0.9650000000000001,1.2251512877021886,0.005377316906390862,98.33333333333333,1.0
Synthetic,test,syn_n50_k10_cluster_corr_skewed_high_vol_r01_s20260649,50,5,0.1,SPEA2,1.0598255374441503,0.010407006312622731,0.7155555555555554,0.006938956000523313,0.03224050415840544,5.451868936666669,0.49694444444444447,0.9052777777777778,1.219476763773476,0.010645528618704504,100.0,1.0
Synthetic,test,syn_n50_k10_cluster_corr_skewed_high_vol_r01_s20260649,50,5,0.1,MOEAD,0.8959227791045777,0.14125178530993632,0.3383333333333333,0.021673319895692,0.039516306034430224,4.14300352,0.22611111111111112,0.4047222222222222,0.5120669341449401,0.0029985780981550514,80.13333333333334,1.0
Synthetic,test,syn_n50_k10_cluster_corr_skewed_high_vol_r01_s20260649,50,5,0.1,GDE3,1.0466634338437333,0.0864258089119243,0.5566666666666668,0.010373331347737151,0.014200688106911278,2.09756792,0.5033333333333334,0.5877777777777777,0.8942336019785362,0.0022944978113418613,100.0,1.0
Synthetic,test,syn_n50_k10_cluster_corr_skewed_high_vol_r01_s20260649,50,5,0.1,A_MPMO,1.0552877328397996,0.012148937538674999,0.7988888888888886,0.014405123707817486,0.035940086267838796,1.1628096300000001,0.4730555555555556,0.9177777777777778,1.224429568614052,0.005513352622840094,96.9,1.0
Synthetic,test,syn_n50_k10_cluster_corr_skewed_high_vol_r01_s20260649,50,5,0.1,ECMADE_MOO,1.0569089314141398,0.007921042455017104,0.7908333333333334,0.017574796276956156,0.027600520753553306,3.5342349833333335,0.45166666666666655,0.9400000000000001,1.2900301697142618,0.005730846868661103,95.46666666666667,1.0
Synthetic,test,syn_n50_k10_low_corr_skewed_extreme_events_r02_s20260650,50,5,0.1,NSGAII,1.178681280062951,0.0077475494675116096,0.9119444444444446,0.00257091087092034,0.021044000220584093,0.8324323433333334,0.7927777777777777,0.9372222222222223,0.8039967585446217,0.0034647869083641687,98.96666666666667,1.0
Synthetic,test,syn_n50_k10_low_corr_skewed_extreme_events_r02_s20260650,50,5,0.1,SPEA2,1.1777124114650732,0.007393980424383763,0.9244444444444443,0.00593182942187156,0.035945176479294336,5.05236354,0.7811111111111111,0.9472222222222223,0.8176497385901634,0.0030820065561272935,100.0,1.0
Synthetic,test,syn_n50_k10_low_corr_skewed_extreme_events_r02_s20260650,50,5,0.1,MOEAD,1.1223080101363863,0.12349821572458693,0.3858333333333333,0.029920141707353572,0.018316095632961257,4.106048583333333,0.3436111111111112,0.4102777777777778,0.21797107239468233,0.0011422939311147339,87.43333333333334,1.0
Synthetic,test,syn_n50_k10_low_corr_skewed_extreme_events_r02_s20260650,50,5,0.1,GDE3,1.1705515077798982,0.01547803816619458,0.8261111111111114,0.017603770573622966,0.035341916372182404,2.08332959,0.763888888888889,0.8513888888888889,0.7850330304326428,0.0028037921139482547,99.9,1.0
Synthetic,test,syn_n50_k10_low_corr_skewed_extreme_events_r02_s20260650,50,5,0.1,A_MPMO,1.1682837363041587,0.02060629191892784,0.8047222222222223,0.03742921851130241,0.054418678648054185,1.2354388566666665,0.6819444444444446,0.8461111111111113,0.7741289891263728,0.0037853760950625303,96.93333333333334,1.0
Synthetic,test,syn_n50_k10_low_corr_skewed_extreme_events_r02_s20260650,50,5,0.1,ECMADE_MOO,1.1749416021217425,0.007870039461688271,0.8702777777777778,0.005179392622130289,0.029679673362418738,3.3781892700000005,0.6275,0.9425000000000001,0.9049332261030155,0.006601403081911618,95.93333333333334,1.0
Synthetic,train,syn_n50_k20_low_corr_heavy_tail_high_vol_r03_s20260651,50,10,0.2,NSGAII,1.0170432469589845,0.020873161675088726,0.8469444444444444,0.028578977285736527,0.0540025317239244,0.8784386266666667,0.541388888888889,0.8963888888888891,1.0552787622299842,0.004526881305541395,99.6,1.0
Synthetic,train,syn_n50_k20_low_corr_heavy_tail_high_vol_r03_s20260651,50,10,0.2,SPEA2,1.0170038082454897,0.02078109789022168,0.8466666666666669,0.02962107622768524,0.05063894424478035,4.184856206666667,0.5672222222222222,0.9027777777777779,1.0786797730036277,0.005442981388509863,100.0,1.0
Synthetic,train,syn_n50_k20_low_corr_heavy_tail_high_vol_r03_s20260651,50,10,0.2,MOEAD,0.962691619958558,0.06736880960478324,0.5344444444444444,0.035492566932134935,0.041993385801163935,4.025975066666667,0.34138888888888885,0.6344444444444445,0.6827733387447549,0.0036130784664719045,81.93333333333334,1.0
Synthetic,train,syn_n50_k20_low_corr_heavy_tail_high_vol_r03_s20260651,50,10,0.2,GDE3,1.0120606847549398,0.023454945441166008,0.832777777777778,0.03412119461384161,0.03923812040017829,1.9886474400000003,0.46055555555555555,0.8838888888888888,1.0611346307600515,0.004548209378824514,100.0,1.0
Synthetic,train,syn_n50_k20_low_corr_heavy_tail_high_vol_r03_s20260651,50,10,0.2,A_MPMO,0.9634900725338874,0.0763975417005262,0.666111111111111,0.10805023844297822,0.07570751698892221,1.1848900733333332,0.4533333333333333,0.7213888888888887,0.8204897187990992,0.00423866755312047,98.83333333333333,1.0
Synthetic,train,syn_n50_k20_low_corr_heavy_tail_high_vol_r03_s20260651,50,10,0.2,ECMADE_MOO,1.0087174433518782,0.025919699522772656,0.4819444444444445,0.04243583484844498,0.07479997613583869,2.486260353333334,0.17388888888888887,0.8586111111111111,1.145986251800877,0.006711268821521339,99.76666666666667,1.0
Synthetic,train,syn_n50_k20_pathological_cov_mixed_low_vol_r01_s20260652,50,10,0.2,NSGAII,0.9903831281526897,0.027084660643497162,0.7872222222222224,0.0226984365847866,0.07905100094857556,0.8263869533333335,0.5152777777777778,0.8608333333333335,1.134853379925981,0.005304450399442862,99.86666666666666,1.0
Synthetic,train,syn_n50_k20_pathological_cov_mixed_low_vol_r01_s20260652,50,10,0.2,SPEA2,0.9988457671928931,0.01702574898355476,0.8180555555555556,0.02883595193248457,0.051330631195312525,4.782611803333333,0.6191666666666668,0.8872222222222222,1.1795570171672067,0.00635502452297317,100.0,1.0
Synthetic,train,syn_n50_k20_pathological_cov_mixed_low_vol_r01_s20260652,50,10,0.2,MOEAD,0.3828556135976392,0.5858012320557557,0.06472222222222222,0.0031275396375711473,0.009539238894467266,4.016152786666668,0.052500000000000005,0.07277777777777779,0.05555328898408269,0.0018585387015219149,21.8,1.0
Synthetic,train,syn_n50_k20_pathological_cov_mixed_low_vol_r01_s20260652,50,10,0.2,GDE3,0.8982330937796488,0.0847029341490006,0.007500000000000001,0.08095244538217757,0.05457479990271726,1.7849693900000003,0.0016666666666666668,0.04944444444444444,0.9144865948355113,0.009316196108031994,66.73333333333333,1.0
Synthetic,train,syn_n50_k20_pathological_cov_mixed_low_vol_r01_s20260652,50,10,0.2,A_MPMO,0.9219014491877767,0.09751537742888298,0.4575000000000001,0.07197264813569162,0.10594255941056148,1.1747020833333335,0.3372222222222222,0.5269444444444444,0.757080191880113,0.004999346223342968,98.86666666666666,1.0
Synthetic,train,syn_n50_k20_pathological_cov_mixed_low_vol_r01_s20260652,50,10,0.2,ECMADE_MOO,1.0038468037298764,0.01031437772707407,0.8727777777777778,0.009475330891373875,0.026446356541562254,2.6415912466666667,0.5447222222222223,0.9388888888888889,1.2649664223902628,0.004487618381995037,99.23333333333333,1.0
Synthetic,train,syn_n50_k20_low_corr_skewed_extreme_events_r02_s20260653,50,10,0.2,NSGAII,1.0329611360157303,0.04444274117159394,0.7869444444444444,0.09502661404265657,0.05658186728850282,0.8443154566666667,0.6700000000000002,0.8161111111111113,0.7864488656029124,0.0035184733078180044,99.53333333333333,1.0
Synthetic,train,syn_n50_k20_low_corr_skewed_extreme_events_r02_s20260653,50,10,0.2,SPEA2,1.054646423280856,0.03271227281660699,0.8302777777777776,0.07120881438999735,0.03702555636531373,4.480337556666668,0.741388888888889,0.8616666666666667,0.8659073316371473,0.005400305803974148,100.0,1.0
Synthetic,train,syn_n50_k20_low_corr_skewed_extreme_events_r02_s20260653,50,10,0.2,MOEAD,0.966195278758324,0.14556963278716814,0.35388888888888886,0.028474353301471373,0.02335213895720649,4.035831476666667,0.2722222222222222,0.38583333333333336,0.33063038182274446,0.0027294650852394175,73.53333333333333,1.0
Synthetic,train,syn_n50_k20_low_corr_skewed_extreme_events_r02_s20260653,50,10,0.2,GDE3,1.0541259898303785,0.038795185919095906,0.8349999999999997,0.017198904536568655,0.013162382536732976,1.8772094966666664,0.7405555555555556,0.856111111111111,0.859479457584945,0.0047758985417391325,100.0,1.0
Synthetic,train,syn_n50_k20_low_corr_skewed_extreme_events_r02_s20260653,50,10,0.2,A_MPMO,0.9938447454840739,0.06194119601781103,0.7025000000000001,0.11830923999209525,0.03626737298230285,1.13387362,0.605,0.7347222222222222,0.7184603858506481,0.00422933290183497,99.0,1.0
Synthetic,train,syn_n50_k20_low_corr_skewed_extreme_events_r02_s20260653,50,10,0.2,ECMADE_MOO,1.0632519644337008,0.02585391293969579,0.6691666666666667,0.057380693533703016,0.08534338056809568,2.55885525,0.3413888888888888,0.8372222222222222,1.0548924863167655,0.008687250356931684,98.93333333333334,1.0
Synthetic,train,syn_n50_k20_high_corr_mixed_high_vol_r02_s20260654,50,10,0.2,NSGAII,0.9322780817854672,0.009022401886448934,0.8997222222222222,0.009735062462482857,0.022951062495861044,0.8615433433333333,0.5994444444444443,0.9494444444444444,1.2341376958148733,0.00483575943934316,99.73333333333333,1.0
Synthetic,train,syn_n50_k20_high_corr_mixed_high_vol_r02_s20260654,50,10,0.2,SPEA2,0.9352218006875432,0.006930004854606552,0.9427777777777777,0.007421236498979975,0.03253095051344045,5.85173003,0.6627777777777776,0.9686111111111111,1.2785415562212206,0.0037832094844489263,100.0,1.0
Synthetic,train,syn_n50_k20_high_corr_mixed_high_vol_r02_s20260654,50,10,0.2,MOEAD,0.8245357026135353,0.08235770766953346,0.1863888888888889,0.045776474669885596,0.05068458543760225,4.165449959999999,0.042777777777777776,0.39305555555555566,0.7478733877977406,0.004852250449517537,73.4,1.0
Synthetic,train,syn_n50_k20_high_corr_mixed_high_vol_r02_s20260654,50,10,0.2,GDE3,0.9134723110544961,0.017520835442607238,0.4350000000000001,0.015774863918366307,0.01502649227541205,1.8821883966666668,0.03166666666666667,0.8466666666666665,1.1559295143475368,0.0025036318033240844,100.0,1.0
Synthetic,train,syn_n50_k20_high_corr_mixed_high_vol_r02_s20260654,50,10,0.2,A_MPMO,0.924584307142845,0.016504405440320242,0.8405555555555556,0.025180162489352478,0.045676227099275754,1.13917237,0.5125000000000001,0.9091666666666666,1.173284321991591,0.004647338657989292,99.53333333333333,1.0
Synthetic,train,syn_n50_k20_high_corr_mixed_high_vol_r02_s20260654,50,10,0.2,ECMADE_MOO,0.9312644351881326,0.008672777347105042,0.8594444444444443,0.011053294682794607,0.029557531169576743,2.704946413333333,0.3722222222222223,0.9719444444444445,1.2760199050775536,0.004303370731800171,99.76666666666667,1.0
Synthetic,train,syn_n50_k20_high_corr_normal_low_vol_r03_s20260655,50,10,0.2,NSGAII,0.9134470822060433,0.00967006544776419,0.8802777777777778,0.013588870462361503,0.02792137664107556,0.8593207533333334,0.5086111111111111,0.9438888888888889,1.2387001844480492,0.004431898379172003,99.73333333333333,1.0
Synthetic,train,syn_n50_k20_high_corr_normal_low_vol_r03_s20260655,50,10,0.2,SPEA2,0.9173611825851721,0.007326090637566232,0.9027777777777778,0.010414119860219569,0.02769344984603995,5.057103986666666,0.5919444444444444,0.9594444444444445,1.2909913366304338,0.006541676652080996,100.0,1.0
Synthetic,train,syn_n50_k20_high_corr_normal_low_vol_r03_s20260655,50,10,0.2,MOEAD,0.7209671027556452,0.1518082439041671,0.3391666666666666,0.018265572676255067,0.020043300741501142,4.7707350533333335,0.1533333333333333,0.4800000000000001,0.5784316715664538,0.004607549864428581,72.63333333333334,1.0
Synthetic,train,syn_n50_k20_high_corr_normal_low_vol_r03_s20260655,50,10,0.2,GDE3,0.9013175716062615,0.01576459417508295,0.8041666666666668,0.018586083313399945,0.02276525753926297,1.8062251266666667,0.31777777777777777,0.8908333333333334,1.1142045079035114,0.002110034531217867,100.0,1.0
Synthetic,train,syn_n50_k20_high_corr_normal_low_vol_r03_s20260655,50,10,0.2,A_MPMO,0.9025713385471111,0.01661961167054053,0.8063888888888889,0.03352947739375804,0.041923346092965594,1.2011199333333333,0.4349999999999999,0.8952777777777781,1.140187663864069,0.004345032840034959,99.06666666666666,1.0
Synthetic,train,syn_n50_k20_high_corr_normal_low_vol_r03_s20260655,50,10,0.2,ECMADE_MOO,0.909540866197805,0.011707892224116724,0.6991666666666667,0.01788152999127037,0.03316271859058237,2.367195386666667,0.20222222222222225,0.928611111111111,1.2554438411186815,0.004149817768167644,99.93333333333334,1.0
Synthetic,train,syn_n50_k20_low_corr_normal_low_vol_r01_s20260656,50,10,0.2,NSGAII,1.0070777935946673,0.06632099888789532,0.6833333333333335,0.11248112792181644,0.06560189515190254,0.85510042,0.5211111111111112,0.7405555555555556,0.8115971018948422,0.006074342922791804,99.56666666666666,1.0
Synthetic,train,syn_n50_k20_low_corr_normal_low_vol_r01_s20260656,50,10,0.2,SPEA2,1.0339948159836951,0.043292909970127094,0.7283333333333333,0.1049395934351487,0.06979220525766644,3.911041666666667,0.5491666666666667,0.811388888888889,0.9502058461787939,0.005395335572472234,100.0,1.0
Synthetic,train,syn_n50_k20_low_corr_normal_low_vol_r01_s20260656,50,10,0.2,MOEAD,0.9948634500698096,0.11653894309903244,0.4302777777777778,0.026253500488049822,0.030595580579079615,4.891884063333334,0.3169444444444445,0.4780555555555555,0.5206234521966792,0.00289292695762892,83.33333333333333,1.0
Synthetic,train,syn_n50_k20_low_corr_normal_low_vol_r01_s20260656,50,10,0.2,GDE3,1.033150610599841,0.050709199832958,0.7480555555555557,0.05665076852922514,0.04525430415466474,1.4660019999999998,0.5794444444444444,0.7972222222222222,0.8705145339896672,0.00458250048248715,100.0,1.0
Synthetic,train,syn_n50_k20_low_corr_normal_low_vol_r01_s20260656,50,10,0.2,A_MPMO,0.9657097981110347,0.09844301095726758,0.5913888888888887,0.14278918990072295,0.05884209219859571,1.1940482933333336,0.46944444444444444,0.6438888888888887,0.6819567480440477,0.0034767915563110262,98.23333333333333,1.0
Synthetic,train,syn_n50_k20_low_corr_normal_low_vol_r01_s20260656,50,10,0.2,ECMADE_MOO,1.0524807713759463,0.031221997915645113,0.4961111111111111,0.08590431892446446,0.11072804671012573,1.96415761,0.21750000000000005,0.7941666666666668,1.1036512314477753,0.007949574185126162,98.06666666666666,1.0
Synthetic,train,syn_n50_k20_cluster_corr_mixed_extreme_events_r03_s20260657,50,10,0.2,NSGAII,0.9282066957805628,0.016970412556949335,0.8547222222222222,0.030643968387197306,0.05259023321282401,0.8305957000000002,0.5005555555555555,0.9172222222222222,1.158334768446422,0.004467126833887691,99.7,1.0
Synthetic,train,syn_n50_k20_cluster_corr_mixed_extreme_events_r03_s20260657,50,10,0.2,SPEA2,0.9366540676267286,0.010325598434239504,0.8944444444444443,0.022176129793752674,0.03964048264060514,4.817130489999999,0.5633333333333334,0.9475,1.2177933964892023,0.0041056027427281505,100.0,1.0
Synthetic,train,syn_n50_k20_cluster_corr_mixed_extreme_events_r03_s20260657,50,10,0.2,MOEAD,0.8583737742274768,0.07309242068904868,0.45388888888888884,0.024274142804746275,0.048684319651317566,9.818978903333335,0.18833333333333335,0.6102777777777778,0.8202529774104544,0.0047412753575999285,81.86666666666666,1.0
Synthetic,train,syn_n50_k20_cluster_corr_mixed_extreme_events_r03_s20260657,50,10,0.2,GDE3,0.9152317590623886,0.02845892550108928,0.8430555555555556,0.0419051484380025,0.044021658871434485,1.3873931266666666,0.6658333333333334,0.8574999999999999,1.0381308794363038,0.0028465953228377834,100.0,1.0
Synthetic,train,syn_n50_k20_cluster_corr_mixed_extreme_events_r03_s20260657,50,10,0.2,A_MPMO,0.9002014825071007,0.0409102255947923,0.7797222222222223,0.08711406061270104,0.08570957363209167,1.4686136866666668,0.4733333333333334,0.8349999999999999,1.0168146046619282,0.003814169787015218,99.16666666666667,1.0
Synthetic,train,syn_n50_k20_cluster_corr_mixed_extreme_events_r03_s20260657,50,10,0.2,ECMADE_MOO,0.9391629609527442,0.008284013210107048,0.7886111111111112,0.013732135169688076,0.026089178706359118,2.3714658366666663,0.2638888888888889,0.9794444444444446,1.296886228576482,0.004202070833743744,99.73333333333333,1.0
Synthetic,validation,syn_n50_k20_pathological_cov_skewed_high_vol_r03_s20260658,50,10,0.2,NSGAII,0.9213007059448057,0.005444215488584754,0.941388888888889,0.010032795060494861,0.017676783030713617,0.7990829133333334,0.6019444444444445,0.9844444444444446,1.1961729281613196,0.004128194012347301,99.73333333333333,1.0
Synthetic,validation,syn_n50_k20_pathological_cov_skewed_high_vol_r03_s20260658,50,10,0.2,SPEA2,0.9236438677277162,0.0043625254065862516,0.9844444444444445,0.007106804008834513,0.016406531307000195,5.539279829999999,0.7180555555555557,0.9880555555555557,1.205709982384757,0.0025068131185269423,100.0,1.0
Synthetic,validation,syn_n50_k20_pathological_cov_skewed_high_vol_r03_s20260658,50,10,0.2,MOEAD,0.8223504279938642,0.06216626275329695,0.22444444444444447,0.05684912421716028,0.043750054986707455,15.101603290000002,0.047499999999999994,0.47194444444444444,0.7499723238168282,0.003132860169492294,87.86666666666666,1.0
Synthetic,validation,syn_n50_k20_pathological_cov_skewed_high_vol_r03_s20260658,50,10,0.2,GDE3,0.8845061465251638,0.020152660150581536,0.4786111111111112,0.044040294036331445,0.03181108254810406,1.41189407,0.09222222222222223,0.7766666666666668,1.0809537556036282,0.0025575838944227763,100.0,1.0
Synthetic,validation,syn_n50_k20_pathological_cov_skewed_high_vol_r03_s20260658,50,10,0.2,A_MPMO,0.9173525237345046,0.00678877361052324,0.9058333333333333,0.016304531315376677,0.018240787039484153,1.5111313466666667,0.5802777777777777,0.9655555555555556,1.1693784406229466,0.00414799565437042,99.63333333333334,1.0
Synthetic,validation,syn_n50_k20_pathological_cov_skewed_high_vol_r03_s20260658,50,10,0.2,ECMADE_MOO,0.9153542926055478,0.008173341083997821,0.788888888888889,0.015734475841135874,0.01977253467698366,2.4148189233333333,0.2744444444444445,0.9733333333333334,1.2064036153955835,0.003846983739102794,99.9,1.0
Synthetic,validation,syn_n50_k20_cluster_corr_heavy_tail_low_vol_r02_s20260659,50,10,0.2,NSGAII,1.0251347479923765,0.03300225678132003,0.8127777777777777,0.0703433960380784,0.061680896081802716,0.77094262,0.5727777777777778,0.8555555555555556,0.9366286275680104,0.003833954224471707,99.6,1.0
Synthetic,validation,syn_n50_k20_cluster_corr_heavy_tail_low_vol_r02_s20260659,50,10,0.2,SPEA2,1.0285248249470882,0.028645301562643118,0.8069444444444442,0.07167636573536858,0.04587319293509517,4.152856453333333,0.6497222222222222,0.8677777777777779,0.982921094961561,0.006028575543925458,100.0,1.0
Synthetic,validation,syn_n50_k20_cluster_corr_heavy_tail_low_vol_r02_s20260659,50,10,0.2,MOEAD,0.9254246565382523,0.17846095816820412,0.29944444444444446,0.028336472121658785,0.041556695982269694,14.279948540000001,0.21583333333333335,0.3497222222222222,0.46325429698149534,0.0030283898635169943,74.0,1.0
Synthetic,validation,syn_n50_k20_cluster_corr_heavy_tail_low_vol_r02_s20260659,50,10,0.2,GDE3,0.9881177054778256,0.05914994235858478,0.7194444444444443,0.029474654659316486,0.020689350903045568,1.3308262033333333,0.5186111111111111,0.7680555555555555,0.8319714336795045,0.003295418844709462,100.0,1.0
Synthetic,validation,syn_n50_k20_cluster_corr_heavy_tail_low_vol_r02_s20260659,50,10,0.2,A_MPMO,0.9947450139372123,0.05502032516999684,0.738611111111111,0.08777338662790045,0.04591558751488225,1.6275220266666666,0.5263888888888889,0.7844444444444444,0.8011487342597825,0.0033936480277232403,98.9,1.0
Synthetic,validation,syn_n50_k20_cluster_corr_heavy_tail_low_vol_r02_s20260659,50,10,0.2,ECMADE_MOO,1.032810520185988,0.021365502754383606,0.6080555555555556,0.057937689119396396,0.08965091838988078,2.1183880099999994,0.25972222222222224,0.8211111111111111,1.1627532797798286,0.008283963868509272,99.6,1.0
Synthetic,validation,syn_n50_k20_high_corr_heavy_tail_extreme_events_r01_s20260660,50,10,0.2,NSGAII,1.0294268461253926,0.022928836847431074,0.8744444444444445,0.021480598876743598,0.04730636437738297,0.7706936366666667,0.6630555555555556,0.9119444444444446,1.0575548570458875,0.004399100918892908,99.83333333333333,1.0
Synthetic,validation,syn_n50_k20_high_corr_heavy_tail_extreme_events_r01_s20260660,50,10,0.2,SPEA2,1.0365235699128823,0.015828509563718667,0.9244444444444444,0.017625099497796032,0.06714124604723783,5.116933649999999,0.7408333333333331,0.9441666666666667,1.1483499681614684,0.00408053455818737,100.0,1.0
