split,instance,K,method,run,PF_Size,Runtime,HV,IGD,PF_Overlap,Diversity
train,syn_n50_k30_cluster_corr_mixed_extreme_events_r03_s20260664,15,theta_237,1,100,3.2738195,0.9361378391281362,0.021686670637701223,0.6083333333333333,1.2250785276103662
train,syn_n50_k30_cluster_corr_mixed_extreme_events_r03_s20260664,15,theta_237,2,100,3.2956442,0.9384946625580882,0.021174033909832732,0.5416666666666666,1.2266962906829466
train,syn_n50_k30_cluster_corr_mixed_extreme_events_r03_s20260664,15,theta_237,3,100,3.3242035,0.9531668013089276,0.012845596978889647,0.925,1.3552141075295485
train,syn_n50_k30_cluster_corr_mixed_extreme_events_r03_s20260664,15,theta_237,4,100,2.9300299,0.9521806038028144,0.014287084482217839,0.85,1.2888544657821248
train,syn_n50_k30_cluster_corr_mixed_extreme_events_r03_s20260664,15,theta_237,5,100,2.9838963,0.9535352930651443,0.012269413609368873,0.9083333333333333,1.311634497076172
train,syn_n50_k30_cluster_corr_mixed_extreme_events_r03_s20260664,15,theta_237,6,100,2.9375527,0.9398760736082519,0.019984555406353625,0.4583333333333333,1.343562822360268
train,syn_n50_k30_cluster_corr_mixed_extreme_events_r03_s20260664,15,theta_237,7,100,3.3341835,0.9337849406398464,0.02456444143123348,0.525,1.2086478119386386
train,syn_n50_k30_cluster_corr_mixed_extreme_events_r03_s20260664,15,theta_237,8,100,3.0319803,0.9481897400821995,0.015574584305189675,0.7166666666666667,1.3323380630064803
train,syn_n50_k30_cluster_corr_mixed_extreme_events_r03_s20260664,15,theta_237,9,100,3.2480013,0.9424470358926106,0.01854231235939589,0.5916666666666667,1.2762989655315877
train,syn_n50_k30_cluster_corr_mixed_extreme_events_r03_s20260664,15,theta_237,10,100,3.1272223,0.9495377206577009,0.01493646307906867,0.7833333333333333,1.300892001028856
train,syn_n50_k30_cluster_corr_mixed_extreme_events_r03_s20260664,15,theta_237,11,100,3.2064439,0.9516017210107787,0.01396436648061694,0.8833333333333333,1.3135384584359426
train,syn_n50_k30_cluster_corr_mixed_extreme_events_r03_s20260664,15,theta_237,12,100,3.3295758,0.9393702838620668,0.020874988503404534,0.6333333333333333,1.255004620654522
train,syn_n50_k30_cluster_corr_mixed_extreme_events_r03_s20260664,15,theta_237,13,100,3.0910659,0.9429669787597778,0.017835447157599594,0.6333333333333333,1.2798030533477287
train,syn_n50_k30_cluster_corr_mixed_extreme_events_r03_s20260664,15,theta_237,14,100,3.1834498,0.9440161864092131,0.019472186032075116,0.55,1.3256632343703485
train,syn_n50_k30_cluster_corr_mixed_extreme_events_r03_s20260664,15,theta_237,15,100,2.9820205,0.9405119367997129,0.019221263646761768,0.7416666666666667,1.2619617099272342
train,syn_n50_k30_cluster_corr_mixed_extreme_events_r03_s20260664,15,theta_237,16,100,3.1533874,0.9474411753585072,0.016587598493205697,0.6833333333333333,1.2944949502445313
train,syn_n50_k30_cluster_corr_mixed_extreme_events_r03_s20260664,15,theta_237,17,100,3.1493968,0.921602760819549,0.029169361016322674,0.375,1.2075367445782577
train,syn_n50_k30_cluster_corr_mixed_extreme_events_r03_s20260664,15,theta_237,18,100,4.1251571,0.9559838690864956,0.01090556829539286,0.9583333333333334,1.3400298554443295
train,syn_n50_k30_cluster_corr_mixed_extreme_events_r03_s20260664,15,theta_237,19,100,3.4453282,0.9537346021213918,0.013706557340471999,0.8166666666666667,1.3513268135023697
train,syn_n50_k30_cluster_corr_mixed_extreme_events_r03_s20260664,15,theta_237,20,100,3.1275881,0.9543510171769068,0.01300300222991471,0.9,1.319330158447752
train,syn_n50_k30_cluster_corr_mixed_extreme_events_r03_s20260664,15,theta_237,21,100,3.2932712,0.9504849625637738,0.015145662935627746,0.75,1.3419721685363035
train,syn_n50_k30_cluster_corr_mixed_extreme_events_r03_s20260664,15,theta_237,22,100,3.3289867,0.9645219405255133,0.007869871576120714,0.9916666666666667,1.3689271806301946
train,syn_n50_k30_cluster_corr_mixed_extreme_events_r03_s20260664,15,theta_237,23,100,3.0920523,0.9586734400993101,0.011133835508228664,0.95,1.3456840262722454
train,syn_n50_k30_cluster_corr_mixed_extreme_events_r03_s20260664,15,theta_237,24,100,2.9769948,0.9108784294961456,0.03640877518099099,0.5083333333333333,1.1195085031185574
train,syn_n50_k30_cluster_corr_mixed_extreme_events_r03_s20260664,15,theta_237,25,100,3.0665555,0.9490506897862775,0.015086349650844695,0.875,1.2909884190536725
train,syn_n50_k30_cluster_corr_mixed_extreme_events_r03_s20260664,15,theta_237,26,100,3.1389344,0.9451125449000184,0.016768067321639307,0.6916666666666667,1.3245166356306264
train,syn_n50_k30_cluster_corr_mixed_extreme_events_r03_s20260664,15,theta_237,27,100,2.9154217,0.9542625038462045,0.01301613804806443,0.9083333333333333,1.326329516059269
train,syn_n50_k30_cluster_corr_mixed_extreme_events_r03_s20260664,15,theta_237,28,100,2.981893,0.9254231145007341,0.032017099100388254,0.825,1.105201319669025
train,syn_n50_k30_cluster_corr_mixed_extreme_events_r03_s20260664,15,theta_237,29,100,3.0463408,0.9151814190031284,0.03268363792459747,0.39166666666666666,1.166048118350284
train,syn_n50_k30_cluster_corr_mixed_extreme_events_r03_s20260664,15,theta_237,30,100,3.1346998,0.9419480774996336,0.01848825038371415,0.5916666666666667,1.2925171882464233
train,syn_n50_k30_cluster_corr_mixed_extreme_events_r03_s20260664,15,theta_234,1,100,3.0960282,0.9361378391281362,0.021686670637701223,0.6083333333333333,1.2250785276103662
train,syn_n50_k30_cluster_corr_mixed_extreme_events_r03_s20260664,15,theta_234,2,100,3.392506,0.9384946625580882,0.021174033909832732,0.5416666666666666,1.2266962906829466
train,syn_n50_k30_cluster_corr_mixed_extreme_events_r03_s20260664,15,theta_234,3,100,3.1226709,0.9531668013089276,0.012845596978889647,0.925,1.3552141075295485
train,syn_n50_k30_cluster_corr_mixed_extreme_events_r03_s20260664,15,theta_234,4,100,3.2171556,0.9521806038028144,0.014287084482217839,0.85,1.2888544657821248
train,syn_n50_k30_cluster_corr_mixed_extreme_events_r03_s20260664,15,theta_234,5,100,2.9681898,0.9535352930651443,0.012269413609368873,0.9083333333333333,1.311634497076172
train,syn_n50_k30_cluster_corr_mixed_extreme_events_r03_s20260664,15,theta_234,6,100,3.0250528,0.9398760736082519,0.019984555406353625,0.4583333333333333,1.343562822360268
train,syn_n50_k30_cluster_corr_mixed_extreme_events_r03_s20260664,15,theta_234,7,100,3.1890665,0.9337849406398464,0.02456444143123348,0.525,1.2086478119386386
train,syn_n50_k30_cluster_corr_mixed_extreme_events_r03_s20260664,15,theta_234,8,100,3.1357219,0.9481897400821995,0.015574584305189675,0.7166666666666667,1.3323380630064803
train,syn_n50_k30_cluster_corr_mixed_extreme_events_r03_s20260664,15,theta_234,9,100,3.2536123,0.9424470358926106,0.01854231235939589,0.5916666666666667,1.2762989655315877
train,syn_n50_k30_cluster_corr_mixed_extreme_events_r03_s20260664,15,theta_234,10,100,3.108381,0.9495377206577009,0.01493646307906867,0.7833333333333333,1.300892001028856
train,syn_n50_k30_cluster_corr_mixed_extreme_events_r03_s20260664,15,theta_234,11,100,3.2548257,0.9516017210107787,0.01396436648061694,0.8833333333333333,1.3135384584359426
train,syn_n50_k30_cluster_corr_mixed_extreme_events_r03_s20260664,15,theta_234,12,100,3.2359404,0.9393702838620668,0.020874988503404534,0.6333333333333333,1.255004620654522
train,syn_n50_k30_cluster_corr_mixed_extreme_events_r03_s20260664,15,theta_234,13,100,3.5829161,0.9429669787597778,0.017835447157599594,0.6333333333333333,1.2798030533477287
train,syn_n50_k30_cluster_corr_mixed_extreme_events_r03_s20260664,15,theta_234,14,100,3.0117946,0.9440161864092131,0.019472186032075116,0.55,1.3256632343703485
train,syn_n50_k30_cluster_corr_mixed_extreme_events_r03_s20260664,15,theta_234,15,100,2.9486078,0.9405119367997129,0.019221263646761768,0.7416666666666667,1.2619617099272342
train,syn_n50_k30_cluster_corr_mixed_extreme_events_r03_s20260664,15,theta_234,16,100,3.1502066,0.9474411753585072,0.016587598493205697,0.6833333333333333,1.2944949502445313
train,syn_n50_k30_cluster_corr_mixed_extreme_events_r03_s20260664,15,theta_234,17,100,3.0843144,0.921602760819549,0.029169361016322674,0.375,1.2075367445782577
train,syn_n50_k30_cluster_corr_mixed_extreme_events_r03_s20260664,15,theta_234,18,100,2.9950184,0.9559838690864956,0.01090556829539286,0.9583333333333334,1.3400298554443295
train,syn_n50_k30_cluster_corr_mixed_extreme_events_r03_s20260664,15,theta_234,19,100,3.09893,0.9537346021213918,0.013706557340471999,0.8166666666666667,1.3513268135023697
train,syn_n50_k30_cluster_corr_mixed_extreme_events_r03_s20260664,15,theta_234,20,100,3.2520549,0.9543510171769068,0.01300300222991471,0.9,1.319330158447752
train,syn_n50_k30_cluster_corr_mixed_extreme_events_r03_s20260664,15,theta_234,21,100,3.4446111,0.9504849625637738,0.015145662935627746,0.75,1.3419721685363035
train,syn_n50_k30_cluster_corr_mixed_extreme_events_r03_s20260664,15,theta_234,22,100,3.5733639,0.9645219405255133,0.007869871576120714,0.9916666666666667,1.3689271806301946
train,syn_n50_k30_cluster_corr_mixed_extreme_events_r03_s20260664,15,theta_234,23,100,3.1344879,0.9586734400993101,0.011133835508228664,0.95,1.3456840262722454
train,syn_n50_k30_cluster_corr_mixed_extreme_events_r03_s20260664,15,theta_234,24,100,3.156112,0.9108784294961456,0.03640877518099099,0.5083333333333333,1.1195085031185574
train,syn_n50_k30_cluster_corr_mixed_extreme_events_r03_s20260664,15,theta_234,25,100,3.0377174,0.9490506897862775,0.015086349650844695,0.875,1.2909884190536725
train,syn_n50_k30_cluster_corr_mixed_extreme_events_r03_s20260664,15,theta_234,26,100,2.8522357,0.9451125449000184,0.016768067321639307,0.6916666666666667,1.3245166356306264
train,syn_n50_k30_cluster_corr_mixed_extreme_events_r03_s20260664,15,theta_234,27,100,3.3066254,0.9542625038462045,0.01301613804806443,0.9083333333333333,1.326329516059269
train,syn_n50_k30_cluster_corr_mixed_extreme_events_r03_s20260664,15,theta_234,28,100,3.0003089,0.9254231145007341,0.032017099100388254,0.825,1.105201319669025
train,syn_n50_k30_cluster_corr_mixed_extreme_events_r03_s20260664,15,theta_234,29,100,3.5003096,0.9151814190031284,0.03268363792459747,0.39166666666666666,1.166048118350284
train,syn_n50_k30_cluster_corr_mixed_extreme_events_r03_s20260664,15,theta_234,30,100,3.0532985,0.9419480774996336,0.01848825038371415,0.5916666666666667,1.2925171882464233
train,syn_n50_k30_cluster_corr_mixed_extreme_events_r03_s20260664,15,theta_223,1,100,7.1587242,0.9361378391281362,0.021686670637701223,0.6083333333333333,1.2250785276103662
train,syn_n50_k30_cluster_corr_mixed_extreme_events_r03_s20260664,15,theta_223,2,100,7.4289896,0.9384946625580882,0.021174033909832732,0.5416666666666666,1.2266962906829466
train,syn_n50_k30_cluster_corr_mixed_extreme_events_r03_s20260664,15,theta_223,3,100,7.3438556,0.9531668013089276,0.012845596978889647,0.925,1.3552141075295485
train,syn_n50_k30_cluster_corr_mixed_extreme_events_r03_s20260664,15,theta_223,4,100,7.1383827,0.9521806038028144,0.014287084482217839,0.85,1.2888544657821248
train,syn_n50_k30_cluster_corr_mixed_extreme_events_r03_s20260664,15,theta_223,5,100,7.1829828,0.9535352930651443,0.012269413609368873,0.9083333333333333,1.311634497076172
train,syn_n50_k30_cluster_corr_mixed_extreme_events_r03_s20260664,15,theta_223,6,100,7.1203542,0.9398760736082519,0.019984555406353625,0.4583333333333333,1.343562822360268
train,syn_n50_k30_cluster_corr_mixed_extreme_events_r03_s20260664,15,theta_223,7,100,7.3921091,0.9337849406398464,0.02456444143123348,0.525,1.2086478119386386
train,syn_n50_k30_cluster_corr_mixed_extreme_events_r03_s20260664,15,theta_223,8,100,7.5561468,0.9481897400821995,0.015574584305189675,0.7166666666666667,1.3323380630064803
train,syn_n50_k30_cluster_corr_mixed_extreme_events_r03_s20260664,15,theta_223,9,100,7.7036369,0.9424470358926106,0.01854231235939589,0.5916666666666667,1.2762989655315877
train,syn_n50_k30_cluster_corr_mixed_extreme_events_r03_s20260664,15,theta_223,10,100,7.4136653,0.9495377206577009,0.01493646307906867,0.7833333333333333,1.300892001028856
train,syn_n50_k30_cluster_corr_mixed_extreme_events_r03_s20260664,15,theta_223,11,100,7.4510939,0.9516017210107787,0.01396436648061694,0.8833333333333333,1.3135384584359426
train,syn_n50_k30_cluster_corr_mixed_extreme_events_r03_s20260664,15,theta_223,12,100,7.496332,0.9393702838620668,0.020874988503404534,0.6333333333333333,1.255004620654522
train,syn_n50_k30_cluster_corr_mixed_extreme_events_r03_s20260664,15,theta_223,13,100,7.5460553,0.9429669787597778,0.017835447157599594,0.6333333333333333,1.2798030533477287
train,syn_n50_k30_cluster_corr_mixed_extreme_events_r03_s20260664,15,theta_223,14,100,7.5304818,0.9440161864092131,0.019472186032075116,0.55,1.3256632343703485
train,syn_n50_k30_cluster_corr_mixed_extreme_events_r03_s20260664,15,theta_223,15,100,7.2732086,0.9405119367997129,0.019221263646761768,0.7416666666666667,1.2619617099272342
train,syn_n50_k30_cluster_corr_mixed_extreme_events_r03_s20260664,15,theta_223,16,100,7.4739809,0.9474411753585072,0.016587598493205697,0.6833333333333333,1.2944949502445313
train,syn_n50_k30_cluster_corr_mixed_extreme_events_r03_s20260664,15,theta_223,17,100,7.3830698,0.921602760819549,0.029169361016322674,0.375,1.2075367445782577
train,syn_n50_k30_cluster_corr_mixed_extreme_events_r03_s20260664,15,theta_223,18,100,7.6737257,0.9559838690864956,0.01090556829539286,0.9583333333333334,1.3400298554443295
train,syn_n50_k30_cluster_corr_mixed_extreme_events_r03_s20260664,15,theta_223,19,100,7.6480501,0.9537346021213918,0.013706557340471999,0.8166666666666667,1.3513268135023697
train,syn_n50_k30_cluster_corr_mixed_extreme_events_r03_s20260664,15,theta_223,20,100,7.6332414,0.9543510171769068,0.01300300222991471,0.9,1.319330158447752
train,syn_n50_k30_cluster_corr_mixed_extreme_events_r03_s20260664,15,theta_223,21,100,7.4729634,0.9504849625637738,0.015145662935627746,0.75,1.3419721685363035
train,syn_n50_k30_cluster_corr_mixed_extreme_events_r03_s20260664,15,theta_223,22,100,7.8270207,0.9645219405255133,0.007869871576120714,0.9916666666666667,1.3689271806301946
train,syn_n50_k30_cluster_corr_mixed_extreme_events_r03_s20260664,15,theta_223,23,100,7.757146,0.9586734400993101,0.011133835508228664,0.95,1.3456840262722454
train,syn_n50_k30_cluster_corr_mixed_extreme_events_r03_s20260664,15,theta_223,24,100,7.8666591,0.9108784294961456,0.03640877518099099,0.5083333333333333,1.1195085031185574
train,syn_n50_k30_cluster_corr_mixed_extreme_events_r03_s20260664,15,theta_223,25,100,7.2592808,0.9490506897862775,0.015086349650844695,0.875,1.2909884190536725
train,syn_n50_k30_cluster_corr_mixed_extreme_events_r03_s20260664,15,theta_223,26,100,7.5726168,0.9451125449000184,0.016768067321639307,0.6916666666666667,1.3245166356306264
train,syn_n50_k30_cluster_corr_mixed_extreme_events_r03_s20260664,15,theta_223,27,100,7.3590913,0.9542625038462045,0.01301613804806443,0.9083333333333333,1.326329516059269
train,syn_n50_k30_cluster_corr_mixed_extreme_events_r03_s20260664,15,theta_223,28,100,7.1280999,0.9254231145007341,0.032017099100388254,0.825,1.105201319669025
train,syn_n50_k30_cluster_corr_mixed_extreme_events_r03_s20260664,15,theta_223,29,100,7.3034975,0.9151814190031284,0.03268363792459747,0.39166666666666666,1.166048118350284
train,syn_n50_k30_cluster_corr_mixed_extreme_events_r03_s20260664,15,theta_223,30,100,7.6555265,0.9419480774996336,0.01848825038371415,0.5916666666666667,1.2925171882464233
train,syn_n50_k30_cluster_corr_mixed_extreme_events_r03_s20260664,15,theta_200,1,100,7.4626976,0.9634076490919875,0.008850911856000392,0.9833333333333333,1.367829429641181
train,syn_n50_k30_cluster_corr_mixed_extreme_events_r03_s20260664,15,theta_200,2,100,6.9823798,0.9207464211767684,0.029863378229038954,0.4,1.2037325829239856
train,syn_n50_k30_cluster_corr_mixed_extreme_events_r03_s20260664,15,theta_200,3,100,7.0573217,0.9421409812580087,0.01970840830669913,0.44166666666666665,1.3506209015545525
train,syn_n50_k30_cluster_corr_mixed_extreme_events_r03_s20260664,15,theta_200,4,100,7.0609682,0.9443283240739953,0.01840283157306523,0.5666666666666667,1.338477430327908
train,syn_n50_k30_cluster_corr_mixed_extreme_events_r03_s20260664,15,theta_200,5,100,7.2683996,0.9516170300173095,0.014965082807549653,0.7,1.385537586575268
train,syn_n50_k30_cluster_corr_mixed_extreme_events_r03_s20260664,15,theta_200,6,100,7.3239461,0.9462795404573047,0.01741569263648989,0.5583333333333333,1.360085342089122
train,syn_n50_k30_cluster_corr_mixed_extreme_events_r03_s20260664,15,theta_200,7,100,7.277663,0.9529304120620998,0.015184010664856357,0.7,1.3838766856080584
train,syn_n50_k30_cluster_corr_mixed_extreme_events_r03_s20260664,15,theta_200,8,100,7.1902768,0.93920773075743,0.020592563776044417,0.4666666666666667,1.3062990747306267
train,syn_n50_k30_cluster_corr_mixed_extreme_events_r03_s20260664,15,theta_200,9,100,7.1743835,0.9430140953290185,0.020511683122328317,0.48333333333333334,1.4055222704435621
train,syn_n50_k30_cluster_corr_mixed_extreme_events_r03_s20260664,15,theta_200,10,100,7.2504341,0.9469202299841547,0.01663694924955357,0.5916666666666667,1.372540965279695
train,syn_n50_k30_cluster_corr_mixed_extreme_events_r03_s20260664,15,theta_200,11,100,7.3225577,0.9529117517914943,0.013948653199346265,0.75,1.3980948851031785
train,syn_n50_k30_cluster_corr_mixed_extreme_events_r03_s20260664,15,theta_200,12,100,7.1663367,0.9492992940549003,0.01607905695232837,0.675,1.4095844765289454
train,syn_n50_k30_cluster_corr_mixed_extreme_events_r03_s20260664,15,theta_200,13,100,7.2567756,0.9357041304354116,0.022669239703426824,0.4083333333333333,1.301809363167939
train,syn_n50_k30_cluster_corr_mixed_extreme_events_r03_s20260664,15,theta_200,14,100,7.1369886,0.9517806381017043,0.01363583046632313,0.8416666666666667,1.3644158319698734
train,syn_n50_k30_cluster_corr_mixed_extreme_events_r03_s20260664,15,theta_200,15,100,7.1769948,0.9395358048538489,0.020253279164114804,0.49166666666666664,1.316624441667237
train,syn_n50_k30_cluster_corr_mixed_extreme_events_r03_s20260664,15,theta_200,16,97,7.3307398,0.9355857596494486,0.022602768840273554,0.4083333333333333,1.2906514164299
train,syn_n50_k30_cluster_corr_mixed_extreme_events_r03_s20260664,15,theta_200,17,100,7.3023757,0.934855032029586,0.023198097456218977,0.39166666666666666,1.2792226816798526
train,syn_n50_k30_cluster_corr_mixed_extreme_events_r03_s20260664,15,theta_200,18,100,7.3555371,0.9501135590085491,0.015243918997182696,0.7166666666666667,1.3624747643807404
train,syn_n50_k30_cluster_corr_mixed_extreme_events_r03_s20260664,15,theta_200,19,100,7.4096708,0.943769639730515,0.017443792454616157,0.6,1.3410662371693223
train,syn_n50_k30_cluster_corr_mixed_extreme_events_r03_s20260664,15,theta_200,20,100,7.2896369,0.9407827828492417,0.019444112936121142,0.525,1.3293766454841514
train,syn_n50_k30_cluster_corr_mixed_extreme_events_r03_s20260664,15,theta_200,21,100,7.2453134,0.944254140316128,0.01888380864744029,0.49166666666666664,1.3592059324091612
train,syn_n50_k30_cluster_corr_mixed_extreme_events_r03_s20260664,15,theta_200,22,100,7.2720193,0.9528933946435445,0.013385571319772785,0.9083333333333333,1.348734727392254
train,syn_n50_k30_cluster_corr_mixed_extreme_events_r03_s20260664,15,theta_200,23,100,7.3521222,0.9377035236097552,0.02262358004006376,0.5583333333333333,1.2430573701358174
train,syn_n50_k30_cluster_corr_mixed_extreme_events_r03_s20260664,15,theta_200,24,100,7.4100018,0.9504862250219682,0.014425529349395975,0.8333333333333334,1.3459371481259037
train,syn_n50_k30_cluster_corr_mixed_extreme_events_r03_s20260664,15,theta_200,25,100,7.1788812,0.947008484844429,0.01595213352067584,0.8,1.3165506701316696
train,syn_n50_k30_cluster_corr_mixed_extreme_events_r03_s20260664,15,theta_200,26,100,7.3797018,0.9509891042045993,0.014653916377600985,0.8083333333333333,1.3707067994165123
train,syn_n50_k30_cluster_corr_mixed_extreme_events_r03_s20260664,15,theta_200,27,100,7.1789509,0.9547450860284623,0.01299441482896624,0.925,1.3556555173252514
train,syn_n50_k30_cluster_corr_mixed_extreme_events_r03_s20260664,15,theta_200,28,100,7.0535212,0.9414148702049011,0.019543084739777537,0.5166666666666667,1.3323157067534936
train,syn_n50_k30_cluster_corr_mixed_extreme_events_r03_s20260664,15,theta_200,29,100,7.2480985,0.9337872240282892,0.022898868851482283,0.35833333333333334,1.3470137580915538
train,syn_n50_k30_cluster_corr_mixed_extreme_events_r03_s20260664,15,theta_200,30,100,7.3140203,0.9373945581748662,0.021894002791336374,0.475,1.3101825934243232
train,syn_n50_k30_cluster_corr_mixed_extreme_events_r03_s20260664,15,theta_189,1,100,7.4674247,0.9644739722083625,0.007520248161293747,0.95,1.3078475243822307
train,syn_n50_k30_cluster_corr_mixed_extreme_events_r03_s20260664,15,theta_189,2,100,7.3126584,0.9605444023240227,0.008231487840918187,0.925,1.3530147408337476
train,syn_n50_k30_cluster_corr_mixed_extreme_events_r03_s20260664,15,theta_189,3,100,7.2174321,0.9268820891435728,0.02921462117162319,0.8333333333333334,1.081100711558587
train,syn_n50_k30_cluster_corr_mixed_extreme_events_r03_s20260664,15,theta_189,4,100,7.3329367,0.9402351979379822,0.016478615629565495,0.8416666666666667,1.2154920180943445
train,syn_n50_k30_cluster_corr_mixed_extreme_events_r03_s20260664,15,theta_189,5,100,7.4658645,0.9684049709047191,0.00569587342356236,0.9916666666666667,1.3661961114006824
train,syn_n50_k30_cluster_corr_mixed_extreme_events_r03_s20260664,15,theta_189,6,100,7.4802943,0.959885799616979,0.009658011838136978,0.9,1.297677180139923
train,syn_n50_k30_cluster_corr_mixed_extreme_events_r03_s20260664,15,theta_189,7,100,7.4239632,0.963090260327888,0.007469169070641557,0.9916666666666667,1.3492674503343198
train,syn_n50_k30_cluster_corr_mixed_extreme_events_r03_s20260664,15,theta_189,8,100,7.2934532,0.9279335939957757,0.03278346688734742,0.825,1.0126490717322614
train,syn_n50_k30_cluster_corr_mixed_extreme_events_r03_s20260664,15,theta_189,9,100,7.452942,0.9569260492140005,0.01067308821878107,0.9166666666666666,1.2812642831062682
train,syn_n50_k30_cluster_corr_mixed_extreme_events_r03_s20260664,15,theta_189,10,100,7.4404093,0.9532844086570157,0.01230384730090953,0.9,1.2412297612904297
train,syn_n50_k30_cluster_corr_mixed_extreme_events_r03_s20260664,15,theta_189,11,100,7.4274041,0.9426282721027915,0.026933058581681227,0.875,1.1123407559929295
train,syn_n50_k30_cluster_corr_mixed_extreme_events_r03_s20260664,15,theta_189,12,100,7.3032987,0.949070072726824,0.01570861372707982,0.8583333333333333,1.2335608102332434
train,syn_n50_k30_cluster_corr_mixed_extreme_events_r03_s20260664,15,theta_189,13,100,7.8378504,0.9686053038379216,0.005715796256417447,0.9916666666666667,1.3524824742262511
train,syn_n50_k30_cluster_corr_mixed_extreme_events_r03_s20260664,15,theta_189,14,100,7.3547514,0.9453015336609393,0.01702241887273171,0.875,1.1973885277113197
train,syn_n50_k30_cluster_corr_mixed_extreme_events_r03_s20260664,15,theta_189,15,100,7.4616366,0.967204994937646,0.006390353755622954,0.9916666666666667,1.3721650006413706
train,syn_n50_k30_cluster_corr_mixed_extreme_events_r03_s20260664,15,theta_189,16,100,7.3484632,0.9545141504929922,0.0150000727850248,0.9083333333333333,1.184045317881595
train,syn_n50_k30_cluster_corr_mixed_extreme_events_r03_s20260664,15,theta_189,17,100,7.8857297,0.9684151115907016,0.006377250122163765,0.9916666666666667,1.362877951505908
train,syn_n50_k30_cluster_corr_mixed_extreme_events_r03_s20260664,15,theta_189,18,100,7.5267814,0.9610680594628698,0.008597367141661557,0.975,1.3440291731892036
train,syn_n50_k30_cluster_corr_mixed_extreme_events_r03_s20260664,15,theta_189,19,100,7.7320213,0.9560833158693052,0.011260622730727428,0.8833333333333333,1.2730342448956393
train,syn_n50_k30_cluster_corr_mixed_extreme_events_r03_s20260664,15,theta_189,20,100,7.7308062,0.9523131733960233,0.012192857743491865,0.875,1.2448149848808752
train,syn_n50_k30_cluster_corr_mixed_extreme_events_r03_s20260664,15,theta_189,21,100,7.3875488,0.9510875864033336,0.014803976023193721,0.8916666666666667,1.219569736002739
train,syn_n50_k30_cluster_corr_mixed_extreme_events_r03_s20260664,15,theta_189,22,100,7.4171365,0.9385059766304152,0.03038092122660742,0.8333333333333334,1.0225311709621383
train,syn_n50_k30_cluster_corr_mixed_extreme_events_r03_s20260664,15,theta_189,23,100,7.4447854,0.9535449670527539,0.012187160425767207,0.9,1.2559248231928597
train,syn_n50_k30_cluster_corr_mixed_extreme_events_r03_s20260664,15,theta_189,24,100,7.4480205,0.9609635051255894,0.008993037822606968,0.95,1.3284421782522065
train,syn_n50_k30_cluster_corr_mixed_extreme_events_r03_s20260664,15,theta_189,25,100,7.6410407,0.9608737202793718,0.008587106918245109,0.9416666666666667,1.2906214673338545
train,syn_n50_k30_cluster_corr_mixed_extreme_events_r03_s20260664,15,theta_189,26,100,7.610584,0.9647090741776218,0.006793871453553807,0.975,1.3448526819579347
train,syn_n50_k30_cluster_corr_mixed_extreme_events_r03_s20260664,15,theta_189,27,100,7.5344947,0.9535285981709527,0.012981495889420765,0.875,1.2444119620218357
train,syn_n50_k30_cluster_corr_mixed_extreme_events_r03_s20260664,15,theta_189,28,100,7.8180582,0.9398858197144477,0.02721995192453514,0.8583333333333333,1.052412160455518
train,syn_n50_k30_cluster_corr_mixed_extreme_events_r03_s20260664,15,theta_189,29,100,7.6808896,0.9683791124084138,0.005682802936491402,0.9916666666666667,1.3758743500563095
train,syn_n50_k30_cluster_corr_mixed_extreme_events_r03_s20260664,15,theta_189,30,100,7.3979597,0.96299893098127,0.007899822890614059,0.9583333333333334,1.3312772191114282
train,syn_n50_k30_cluster_corr_mixed_extreme_events_r03_s20260664,15,theta_175,1,100,4.3416274,0.9644739722083625,0.007520248161293747,0.95,1.3078475243822307
train,syn_n50_k30_cluster_corr_mixed_extreme_events_r03_s20260664,15,theta_175,2,100,4.1395084,0.9605444023240227,0.008231487840918187,0.925,1.3530147408337476
train,syn_n50_k30_cluster_corr_mixed_extreme_events_r03_s20260664,15,theta_175,3,100,5.2253784,0.9268820891435728,0.02921462117162319,0.8333333333333334,1.081100711558587
train,syn_n50_k30_cluster_corr_mixed_extreme_events_r03_s20260664,15,theta_175,4,100,3.9847289,0.9402351979379822,0.016478615629565495,0.8416666666666667,1.2154920180943445
train,syn_n50_k30_cluster_corr_mixed_extreme_events_r03_s20260664,15,theta_175,5,100,4.2437714,0.9684049709047191,0.00569587342356236,0.9916666666666667,1.3661961114006824
train,syn_n50_k30_cluster_corr_mixed_extreme_events_r03_s20260664,15,theta_175,6,100,5.1524638,0.959885799616979,0.009658011838136978,0.9,1.297677180139923
train,syn_n50_k30_cluster_corr_mixed_extreme_events_r03_s20260664,15,theta_175,7,100,4.1912996,0.963090260327888,0.007469169070641557,0.9916666666666667,1.3492674503343198
train,syn_n50_k30_cluster_corr_mixed_extreme_events_r03_s20260664,15,theta_175,8,100,4.7644079,0.9279335939957757,0.03278346688734742,0.825,1.0126490717322614
train,syn_n50_k30_cluster_corr_mixed_extreme_events_r03_s20260664,15,theta_175,9,100,4.3099849,0.9569260492140005,0.01067308821878107,0.9166666666666666,1.2812642831062682
train,syn_n50_k30_cluster_corr_mixed_extreme_events_r03_s20260664,15,theta_175,10,100,3.3879218,0.9532844086570157,0.01230384730090953,0.9,1.2412297612904297
train,syn_n50_k30_cluster_corr_mixed_extreme_events_r03_s20260664,15,theta_175,11,100,3.7274933,0.9426282721027915,0.026933058581681227,0.875,1.1123407559929295
train,syn_n50_k30_cluster_corr_mixed_extreme_events_r03_s20260664,15,theta_175,12,100,3.1577331,0.949070072726824,0.01570861372707982,0.8583333333333333,1.2335608102332434
train,syn_n50_k30_cluster_corr_mixed_extreme_events_r03_s20260664,15,theta_175,13,100,3.1875484,0.9686053038379216,0.005715796256417447,0.9916666666666667,1.3524824742262511
train,syn_n50_k30_cluster_corr_mixed_extreme_events_r03_s20260664,15,theta_175,14,100,3.4859065,0.9453015336609393,0.01702241887273171,0.875,1.1973885277113197
train,syn_n50_k30_cluster_corr_mixed_extreme_events_r03_s20260664,15,theta_175,15,100,4.6581655,0.967204994937646,0.006390353755622954,0.9916666666666667,1.3721650006413706
train,syn_n50_k30_cluster_corr_mixed_extreme_events_r03_s20260664,15,theta_175,16,100,3.2620222,0.9545141504929922,0.0150000727850248,0.9083333333333333,1.184045317881595
train,syn_n50_k30_cluster_corr_mixed_extreme_events_r03_s20260664,15,theta_175,17,100,3.2539726,0.9684151115907016,0.006377250122163765,0.9916666666666667,1.362877951505908
train,syn_n50_k30_cluster_corr_mixed_extreme_events_r03_s20260664,15,theta_175,18,100,4.7232018,0.9610680594628698,0.008597367141661557,0.975,1.3440291731892036
train,syn_n50_k30_cluster_corr_mixed_extreme_events_r03_s20260664,15,theta_175,19,100,4.1668415,0.9560833158693052,0.011260622730727428,0.8833333333333333,1.2730342448956393
train,syn_n50_k30_cluster_corr_mixed_extreme_events_r03_s20260664,15,theta_175,20,100,4.2350624,0.9523131733960233,0.012192857743491865,0.875,1.2448149848808752
train,syn_n50_k30_cluster_corr_mixed_extreme_events_r03_s20260664,15,theta_175,21,100,3.1398497,0.9510875864033336,0.014803976023193721,0.8916666666666667,1.219569736002739
train,syn_n50_k30_cluster_corr_mixed_extreme_events_r03_s20260664,15,theta_175,22,100,3.3489627,0.9385059766304152,0.03038092122660742,0.8333333333333334,1.0225311709621383
train,syn_n50_k30_cluster_corr_mixed_extreme_events_r03_s20260664,15,theta_175,23,100,3.7403623,0.9535449670527539,0.012187160425767207,0.9,1.2559248231928597
train,syn_n50_k30_cluster_corr_mixed_extreme_events_r03_s20260664,15,theta_175,24,100,3.6826344,0.9609635051255894,0.008993037822606968,0.95,1.3284421782522065
train,syn_n50_k30_cluster_corr_mixed_extreme_events_r03_s20260664,15,theta_175,25,100,3.7464241,0.9608737202793718,0.008587106918245109,0.9416666666666667,1.2906214673338545
train,syn_n50_k30_cluster_corr_mixed_extreme_events_r03_s20260664,15,theta_175,26,100,3.8367119,0.9647090741776218,0.006793871453553807,0.975,1.3448526819579347
train,syn_n50_k30_cluster_corr_mixed_extreme_events_r03_s20260664,15,theta_175,27,100,3.948432,0.9535285981709527,0.012981495889420765,0.875,1.2444119620218357
train,syn_n50_k30_cluster_corr_mixed_extreme_events_r03_s20260664,15,theta_175,28,100,4.7466052,0.9398858197144477,0.02721995192453514,0.8583333333333333,1.052412160455518
train,syn_n50_k30_cluster_corr_mixed_extreme_events_r03_s20260664,15,theta_175,29,100,3.6060217,0.9683791124084138,0.005682802936491402,0.9916666666666667,1.3758743500563095
train,syn_n50_k30_cluster_corr_mixed_extreme_events_r03_s20260664,15,theta_175,30,100,3.2473027,0.96299893098127,0.007899822890614059,0.9583333333333334,1.3312772191114282
train,syn_n50_k30_cluster_corr_mixed_extreme_events_r03_s20260664,15,theta_170,1,100,3.6836493,0.9644739722083625,0.007520248161293747,0.95,1.3078475243822307
train,syn_n50_k30_cluster_corr_mixed_extreme_events_r03_s20260664,15,theta_170,2,100,4.4827229,0.9605444023240227,0.008231487840918187,0.925,1.3530147408337476
train,syn_n50_k30_cluster_corr_mixed_extreme_events_r03_s20260664,15,theta_170,3,100,2.6261009,0.9268820891435728,0.02921462117162319,0.8333333333333334,1.081100711558587
train,syn_n50_k30_cluster_corr_mixed_extreme_events_r03_s20260664,15,theta_170,4,100,3.6513022,0.9402351979379822,0.016478615629565495,0.8416666666666667,1.2154920180943445
train,syn_n50_k30_cluster_corr_mixed_extreme_events_r03_s20260664,15,theta_170,5,100,3.0384595,0.9684049709047191,0.00569587342356236,0.9916666666666667,1.3661961114006824
train,syn_n50_k30_cluster_corr_mixed_extreme_events_r03_s20260664,15,theta_170,6,100,2.7015073,0.959885799616979,0.009658011838136978,0.9,1.297677180139923
train,syn_n50_k30_cluster_corr_mixed_extreme_events_r03_s20260664,15,theta_170,7,100,3.7747004,0.963090260327888,0.007469169070641557,0.9916666666666667,1.3492674503343198
train,syn_n50_k30_cluster_corr_mixed_extreme_events_r03_s20260664,15,theta_170,8,100,3.5333377,0.9279335939957757,0.03278346688734742,0.825,1.0126490717322614
train,syn_n50_k30_cluster_corr_mixed_extreme_events_r03_s20260664,15,theta_170,9,100,2.7364145,0.9569260492140005,0.01067308821878107,0.9166666666666666,1.2812642831062682
train,syn_n50_k30_cluster_corr_mixed_extreme_events_r03_s20260664,15,theta_170,10,100,2.7241467,0.9532844086570157,0.01230384730090953,0.9,1.2412297612904297
train,syn_n50_k30_cluster_corr_mixed_extreme_events_r03_s20260664,15,theta_170,11,100,3.5111915,0.9426282721027915,0.026933058581681227,0.875,1.1123407559929295
train,syn_n50_k30_cluster_corr_mixed_extreme_events_r03_s20260664,15,theta_170,12,100,3.8618555,0.949070072726824,0.01570861372707982,0.8583333333333333,1.2335608102332434
train,syn_n50_k30_cluster_corr_mixed_extreme_events_r03_s20260664,15,theta_170,13,100,3.103105,0.9686053038379216,0.005715796256417447,0.9916666666666667,1.3524824742262511
train,syn_n50_k30_cluster_corr_mixed_extreme_events_r03_s20260664,15,theta_170,14,100,3.8208084,0.9453015336609393,0.01702241887273171,0.875,1.1973885277113197
train,syn_n50_k30_cluster_corr_mixed_extreme_events_r03_s20260664,15,theta_170,15,100,2.6163153,0.967204994937646,0.006390353755622954,0.9916666666666667,1.3721650006413706
train,syn_n50_k30_cluster_corr_mixed_extreme_events_r03_s20260664,15,theta_170,16,100,3.5262603,0.9545141504929922,0.0150000727850248,0.9083333333333333,1.184045317881595
train,syn_n50_k30_cluster_corr_mixed_extreme_events_r03_s20260664,15,theta_170,17,100,4.2620719,0.9684151115907016,0.006377250122163765,0.9916666666666667,1.362877951505908
train,syn_n50_k30_cluster_corr_mixed_extreme_events_r03_s20260664,15,theta_170,18,100,3.4009872,0.9610680594628698,0.008597367141661557,0.975,1.3440291731892036
train,syn_n50_k30_cluster_corr_mixed_extreme_events_r03_s20260664,15,theta_170,19,100,2.9015462,0.9560833158693052,0.011260622730727428,0.8833333333333333,1.2730342448956393
train,syn_n50_k30_cluster_corr_mixed_extreme_events_r03_s20260664,15,theta_170,20,100,3.6417489,0.9523131733960233,0.012192857743491865,0.875,1.2448149848808752
