split,instance,K,method,HV,IGD,PF_Overlap,PF_Drift,Diversity,Runtime,rank_HV,rank_IGD,rank_PF_Overlap,rank_PF_Drift,rank_Runtime,LabelScore,ThetaRank,source_theta_id,source_operator,source_migration,source_elite_ratio,source_archive_strategy,source_constraint_handling,subpops,operatorMode,exchangeMode,eliteRatio,stagnationThreshold,theta,archiveLimitFactor,consensusArchive,archiveConsWeight,bestGuide,minSubpopSize,C_LabelScore,C_ThetaRank
train,syn_n100_k05_cluster_corr_mixed_extreme_events_r03_s20260676,5,theta_067,1.09947974693787,0.0099351251827428,0.8922222222222221,0.0186045165555386,1.031534598178239,6.035130230000001,2.0,2.0,2.0,2.0,21.0,5.8,4,theta_067,mixed,fixed,5%,crowding-pruned,repair+feasible-first,2,mixed,paper,0.05,5,0.0769230769230769,5,0,0,rank,1,2.0,1
train,syn_n100_k05_cluster_corr_mixed_extreme_events_r03_s20260676,5,theta_076,1.09947974693787,0.0099351251827428,0.8922222222222221,0.0186045165555386,1.031534598178239,3.6928911266666673,2.0,2.0,2.0,2.0,8.0,3.2,2,theta_076,mixed,adaptive,5%,crowding-pruned,repair+feasible-first,2,mixed,stable,0.05,5,0.0769230769230769,5,0,0,rank,1,2.0,2
train,syn_n100_k05_cluster_corr_mixed_extreme_events_r03_s20260676,5,theta_078,1.09947974693787,0.0099351251827428,0.8922222222222221,0.0186045165555386,1.031534598178239,3.648743616666666,2.0,2.0,2.0,2.0,7.0,3.0,1,theta_078,mixed,adaptive,5%,crowding-pruned,repair+feasible-first,2,mixed,stable,0.05,20,0.0769230769230769,5,0,0,rank,1,2.0,3
train,syn_n100_k05_cluster_corr_mixed_extreme_events_r03_s20260676,5,theta_011,1.099300243870112,0.0106002426224621,0.8738888888888888,0.020832662022811,1.0369796677914942,2.392307006666667,4.0,4.0,4.0,4.0,1.0,3.4,3,theta_011,DE/rand,fixed,1%,crowding-pruned,repair+feasible-first,2,rand2,paper,0.01,10,0.0769230769230769,5,0,0,rank,1,4.0,4
train,syn_n100_k05_cluster_corr_mixed_extreme_events_r03_s20260676,5,theta_144,1.095546920451116,0.0140424239358774,0.8261111111111111,0.0209687944912057,1.0275587894646985,5.595559123333334,5.5,5.5,5.5,5.5,20.0,8.4,8,theta_144,mixed,none,10%,crowding-pruned,repair+feasible-first,3,mixed,none,0.1,20,0.0769230769230769,5,0,0,rank,1,5.5,5
train,syn_n100_k05_cluster_corr_mixed_extreme_events_r03_s20260676,5,theta_159,1.095546920451116,0.0140424239358774,0.8261111111111111,0.0209687944912057,1.0275587894646985,4.483186186666667,5.5,5.5,5.5,5.5,17.0,7.8,5,theta_159,mixed,adaptive,5%,crowding-pruned,repair+feasible-first,3,mixed,stable,0.05,20,0.0769230769230769,5,0,0,rank,1,5.5,6
train,syn_n100_k05_cluster_corr_mixed_extreme_events_r03_s20260676,5,theta_084,1.092163537021846,0.0156986399546582,0.7897222222222222,0.0247995706692328,1.0210427319198867,3.1211321733333337,8.0,8.0,12.0,8.0,5.0,8.2,7,theta_084,DE/rand,none,1%,crowding-pruned,repair+feasible-first,3,rand2,none,0.01,20,0.0769230769230769,5,0,0,rank,1,9.2,7
train,syn_n100_k05_cluster_corr_mixed_extreme_events_r03_s20260676,5,theta_086,1.092163537021846,0.0156986399546582,0.7897222222222222,0.0247995706692328,1.0210427319198867,3.061009746666666,8.0,8.0,12.0,8.0,4.0,8.0,6,theta_086,DE/rand,none,5%,crowding-pruned,repair+feasible-first,3,rand2,none,0.05,10,0.0769230769230769,5,0,0,rank,1,9.2,8
train,syn_n100_k05_cluster_corr_mixed_extreme_events_r03_s20260676,5,theta_089,1.092163537021846,0.0156986399546582,0.7897222222222222,0.0247995706692328,1.0210427319198867,4.1493317733333335,8.0,8.0,12.0,8.0,15.0,10.2,9,theta_089,DE/rand,none,10%,crowding-pruned,repair+feasible-first,3,rand2,none,0.1,10,0.0769230769230769,5,0,0,rank,1,9.2,9
train,syn_n100_k05_cluster_corr_mixed_extreme_events_r03_s20260676,5,theta_164,1.0898230432784544,0.0164538190656874,0.7266666666666667,0.0250695707367916,1.0278106242852203,3.861625306666667,12.5,11.5,18.5,11.5,10.0,12.8,10,theta_164,DE/rand,none,1%,crowding-pruned,repair+feasible-first,5,rand2,none,0.01,10,0.0769230769230769,5,0,0,rank,1,13.8,10
train,syn_n100_k05_cluster_corr_mixed_extreme_events_r03_s20260676,5,theta_170,1.0898230432784544,0.0164538190656874,0.7266666666666667,0.0250695707367916,1.0278106242852203,4.3001401066666665,12.5,11.5,18.5,11.5,16.0,14.0,12,theta_170,DE/rand,none,10%,crowding-pruned,repair+feasible-first,5,rand2,none,0.1,10,0.0769230769230769,5,0,0,rank,1,13.8,11
train,syn_n100_k05_cluster_corr_mixed_extreme_events_r03_s20260676,5,theta_175,1.0898230432784544,0.0164538190656874,0.7266666666666667,0.0250695707367916,1.0278106242852203,4.097053466666668,12.5,11.5,18.5,11.5,14.0,13.6,11,theta_175,DE/rand,fixed,5%,crowding-pruned,repair+feasible-first,5,rand2,paper,0.05,5,0.0769230769230769,5,0,0,rank,1,13.8,12
train,syn_n100_k05_cluster_corr_mixed_extreme_events_r03_s20260676,5,theta_189,1.0898230432784544,0.0164538190656874,0.7266666666666667,0.0250695707367916,1.0278106242852203,4.564226363333333,12.5,11.5,18.5,11.5,19.0,14.6,13,theta_189,DE/rand,adaptive,10%,crowding-pruned,repair+feasible-first,5,rand2,stable,0.1,20,0.0769230769230769,5,0,0,rank,1,13.8,13
train,syn_n100_k05_cluster_corr_mixed_extreme_events_r03_s20260676,5,theta_200,1.0899341886935794,0.0178723826486547,0.7963888888888889,0.0261017981030209,1.0468675045550166,9.206473373333331,10.0,14.0,10.0,21.0,24.0,15.8,17,theta_200,DE/best,fixed,1%,crowding-pruned,repair+feasible-first,5,best2,paper,0.01,10,0.0769230769230769,5,0,0,rank,1,14.100000000000001,14
train,syn_n100_k05_cluster_corr_mixed_extreme_events_r03_s20260676,5,theta_118,1.0853219050240184,0.021832980052717,0.8136111111111112,0.0255751008405783,1.0601286981106317,3.9324471066666655,19.0,19.0,8.0,19.0,12.0,15.4,16,theta_118,DE/best,fixed,1%,crowding-pruned,repair+feasible-first,3,best2,paper,0.01,5,0.0769230769230769,5,0,0,rank,1,15.7,15
train,syn_n100_k05_cluster_corr_mixed_extreme_events_r03_s20260676,5,theta_131,1.0853219050240184,0.021832980052717,0.8136111111111112,0.0255751008405783,1.0601286981106317,3.8209299533333327,19.0,19.0,8.0,19.0,9.0,14.8,14,theta_131,DE/best,adaptive,5%,crowding-pruned,repair+feasible-first,3,best2,stable,0.05,10,0.0769230769230769,5,0,0,rank,1,15.7,16
train,syn_n100_k05_cluster_corr_mixed_extreme_events_r03_s20260676,5,theta_132,1.0853219050240184,0.021832980052717,0.8136111111111112,0.0255751008405783,1.0601286981106317,3.908895463333334,19.0,19.0,8.0,19.0,11.0,15.2,15,theta_132,DE/best,adaptive,5%,crowding-pruned,repair+feasible-first,3,best2,stable,0.05,20,0.0769230769230769,5,0,0,rank,1,15.7,17
train,syn_n100_k05_cluster_corr_mixed_extreme_events_r03_s20260676,5,theta_223,1.0869291198477238,0.0210902369052184,0.7666666666666667,0.0274519506910046,1.0196512161814024,9.095117163333333,16.0,16.0,15.0,23.0,23.0,18.6,23,theta_223,mixed,none,10%,crowding-pruned,repair+feasible-first,5,mixed,none,0.1,5,0.0769230769230769,5,0,0,rank,1,17.8,18
train,syn_n100_k05_cluster_corr_mixed_extreme_events_r03_s20260676,5,theta_234,1.0869291198477238,0.0210902369052184,0.7666666666666667,0.0274519506910046,1.0196512161814024,9.032930653333333,16.0,16.0,15.0,23.0,22.0,18.4,22,theta_234,mixed,fixed,10%,crowding-pruned,repair+feasible-first,5,mixed,paper,0.1,20,0.0769230769230769,5,0,0,rank,1,17.8,19
train,syn_n100_k05_cluster_corr_mixed_extreme_events_r03_s20260676,5,theta_237,1.0869291198477238,0.0210902369052184,0.7666666666666667,0.0274519506910046,1.0196512161814024,3.946220743333333,16.0,16.0,15.0,23.0,13.0,16.6,18,theta_237,mixed,adaptive,1%,crowding-pruned,repair+feasible-first,5,mixed,stable,0.01,20,0.0769230769230769,5,0,0,rank,1,17.8,20
train,syn_n100_k05_cluster_corr_mixed_extreme_events_r03_s20260676,5,theta_034,1.0816920430723491,0.025811359590956,0.7011111111111111,0.0252987074055147,1.0163703622235574,2.8663499333333333,22.5,22.5,22.5,15.5,3.0,17.2,20,theta_034,DE/best,none,10%,crowding-pruned,repair+feasible-first,2,best2,none,0.1,5,0.0769230769230769,5,0,0,rank,1,20.4,21
train,syn_n100_k05_cluster_corr_mixed_extreme_events_r03_s20260676,5,theta_037,1.0816920430723491,0.025811359590956,0.7011111111111111,0.0252987074055147,1.0163703622235574,2.8399373100000003,22.5,22.5,22.5,15.5,2.0,17.0,19,theta_037,DE/best,fixed,1%,crowding-pruned,repair+feasible-first,2,best2,paper,0.01,5,0.0769230769230769,5,0,0,rank,1,20.4,22
train,syn_n100_k05_cluster_corr_mixed_extreme_events_r03_s20260676,5,theta_045,1.0816920430723491,0.025811359590956,0.7011111111111111,0.0252987074055147,1.0163703622235574,3.495641300000001,22.5,22.5,22.5,15.5,6.0,17.8,21,theta_045,DE/best,fixed,10%,crowding-pruned,repair+feasible-first,2,best2,paper,0.1,20,0.0769230769230769,5,0,0,rank,1,20.4,23
train,syn_n100_k05_cluster_corr_mixed_extreme_events_r03_s20260676,5,theta_047,1.0816920430723491,0.025811359590956,0.7011111111111111,0.0252987074055147,1.0163703622235574,4.495599823333334,22.5,22.5,22.5,15.5,18.0,20.2,24,theta_047,DE/best,adaptive,1%,crowding-pruned,repair+feasible-first,2,best2,stable,0.01,10,0.0769230769230769,5,0,0,rank,1,20.4,24
train,syn_n100_k05_high_corr_heavy_tail_extreme_events_r01_s20260681,5,theta_011,1.1288754211339922,0.0054579335142039,0.9469444444444444,0.0222797554227206,0.8574722835886256,4.927841926666667,1.0,1.0,1.0,1.0,19.0,4.6,1,theta_011,DE/rand,fixed,1%,crowding-pruned,repair+feasible-first,2,rand2,paper,0.01,10,0.0769230769230769,5,0,0,rank,1,1.0,1
train,syn_n100_k05_high_corr_heavy_tail_extreme_events_r01_s20260681,5,theta_067,1.1271596112567488,0.0062468057385984,0.9230555555555556,0.0265414134757318,0.8592552292138337,6.841722326666666,10.0,3.0,7.0,3.0,21.0,8.8,9,theta_067,mixed,fixed,5%,crowding-pruned,repair+feasible-first,2,mixed,paper,0.05,5,0.0769230769230769,5,0,0,rank,1,5.6,2
train,syn_n100_k05_high_corr_heavy_tail_extreme_events_r01_s20260681,5,theta_076,1.1271596112567488,0.0062468057385984,0.9230555555555556,0.0265414134757318,0.8592552292138337,4.137276263333335,10.0,3.0,7.0,3.0,6.0,5.8,5,theta_076,mixed,adaptive,5%,crowding-pruned,repair+feasible-first,2,mixed,stable,0.05,5,0.0769230769230769,5,0,0,rank,1,5.6,3
train,syn_n100_k05_high_corr_heavy_tail_extreme_events_r01_s20260681,5,theta_078,1.1271596112567488,0.0062468057385984,0.9230555555555556,0.0265414134757318,0.8592552292138337,4.263707660000001,10.0,3.0,7.0,3.0,8.0,6.2,6,theta_078,mixed,adaptive,5%,crowding-pruned,repair+feasible-first,2,mixed,stable,0.05,20,0.0769230769230769,5,0,0,rank,1,5.6,4
train,syn_n100_k05_high_corr_heavy_tail_extreme_events_r01_s20260681,5,theta_034,1.127680738996523,0.0068563723293215,0.923888888888889,0.0306954803169753,0.8481457758192515,3.451182363333333,6.5,6.5,3.5,6.5,1.0,4.8,2,theta_034,DE/best,none,10%,crowding-pruned,repair+feasible-first,2,best2,none,0.1,5,0.0769230769230769,5,0,0,rank,1,5.6000000000000005,5
train,syn_n100_k05_high_corr_heavy_tail_extreme_events_r01_s20260681,5,theta_037,1.127680738996523,0.0068563723293215,0.923888888888889,0.0306954803169753,0.8481457758192515,3.4533198266666663,6.5,6.5,3.5,6.5,2.0,5.0,3,theta_037,DE/best,fixed,1%,crowding-pruned,repair+feasible-first,2,best2,paper,0.01,5,0.0769230769230769,5,0,0,rank,1,5.6000000000000005,6
train,syn_n100_k05_high_corr_heavy_tail_extreme_events_r01_s20260681,5,theta_045,1.127680738996523,0.0068563723293215,0.923888888888889,0.0306954803169753,0.8481457758192515,4.020853136666667,6.5,6.5,3.5,6.5,5.0,5.6,4,theta_045,DE/best,fixed,10%,crowding-pruned,repair+feasible-first,2,best2,paper,0.1,20,0.0769230769230769,5,0,0,rank,1,5.6000000000000005,7
train,syn_n100_k05_high_corr_heavy_tail_extreme_events_r01_s20260681,5,theta_047,1.127680738996523,0.0068563723293215,0.923888888888889,0.0306954803169753,0.8481457758192515,4.727189856666667,6.5,6.5,3.5,6.5,17.0,8.0,7,theta_047,DE/best,adaptive,1%,crowding-pruned,repair+feasible-first,2,best2,stable,0.01,10,0.0769230769230769,5,0,0,rank,1,5.6000000000000005,8
train,syn_n100_k05_high_corr_heavy_tail_extreme_events_r01_s20260681,5,theta_118,1.1281298666477422,0.0069192378206659,0.9225,0.0316376461719912,0.8416784558879106,4.46716171,3.0,10.0,10.0,10.0,11.0,8.8,10,theta_118,DE/best,fixed,1%,crowding-pruned,repair+feasible-first,3,best2,paper,0.01,5,0.0769230769230769,5,0,0,rank,1,8.6,9
train,syn_n100_k05_high_corr_heavy_tail_extreme_events_r01_s20260681,5,theta_131,1.1281298666477422,0.0069192378206659,0.9225,0.0316376461719912,0.8416784558879106,4.58401906,3.0,10.0,10.0,10.0,13.0,9.2,11,theta_131,DE/best,adaptive,5%,crowding-pruned,repair+feasible-first,3,best2,stable,0.05,10,0.0769230769230769,5,0,0,rank,1,8.6,10
train,syn_n100_k05_high_corr_heavy_tail_extreme_events_r01_s20260681,5,theta_132,1.1281298666477422,0.0069192378206659,0.9225,0.0316376461719912,0.8416784558879106,4.4656634933333335,3.0,10.0,10.0,10.0,10.0,8.6,8,theta_132,DE/best,adaptive,5%,crowding-pruned,repair+feasible-first,3,best2,stable,0.05,20,0.0769230769230769,5,0,0,rank,1,8.6,11
train,syn_n100_k05_high_corr_heavy_tail_extreme_events_r01_s20260681,5,theta_200,1.1255275325059209,0.0081173682599318,0.8922222222222225,0.0359014578861752,0.8818845520352948,10.579661233333333,15.0,12.0,12.0,18.0,22.0,15.8,16,theta_200,DE/best,fixed,1%,crowding-pruned,repair+feasible-first,5,best2,paper,0.01,10,0.0769230769230769,5,0,0,rank,1,14.399999999999999,12
train,syn_n100_k05_high_corr_heavy_tail_extreme_events_r01_s20260681,5,theta_084,1.1262664311900197,0.0087589805291529,0.8763888888888889,0.0331883083545725,0.8776148049781299,3.5652471166666664,13.0,14.0,16.0,16.0,4.0,12.6,13,theta_084,DE/rand,none,1%,crowding-pruned,repair+feasible-first,3,rand2,none,0.01,20,0.0769230769230769,5,0,0,rank,1,15.0,13
train,syn_n100_k05_high_corr_heavy_tail_extreme_events_r01_s20260681,5,theta_086,1.1262664311900197,0.0087589805291529,0.8763888888888889,0.0331883083545725,0.8776148049781299,3.543548,13.0,14.0,16.0,16.0,3.0,12.4,12,theta_086,DE/rand,none,5%,crowding-pruned,repair+feasible-first,3,rand2,none,0.05,10,0.0769230769230769,5,0,0,rank,1,15.0,14
train,syn_n100_k05_high_corr_heavy_tail_extreme_events_r01_s20260681,5,theta_089,1.1262664311900197,0.0087589805291529,0.8763888888888889,0.0331883083545725,0.8776148049781299,4.48553742,13.0,14.0,16.0,16.0,12.0,14.2,14,theta_089,DE/rand,none,10%,crowding-pruned,repair+feasible-first,3,rand2,none,0.1,10,0.0769230769230769,5,0,0,rank,1,15.0,15
train,syn_n100_k05_high_corr_heavy_tail_extreme_events_r01_s20260681,5,theta_144,1.1236219165968029,0.0094147972774068,0.881388888888889,0.0390680467266417,0.8643570271595179,6.0080731133333325,16.5,16.5,13.5,23.5,20.0,18.0,18,theta_144,mixed,none,10%,crowding-pruned,repair+feasible-first,3,mixed,none,0.1,20,0.0769230769230769,5,0,0,rank,1,17.7,16
train,syn_n100_k05_high_corr_heavy_tail_extreme_events_r01_s20260681,5,theta_159,1.1236219165968029,0.0094147972774068,0.881388888888889,0.0390680467266417,0.8643570271595179,4.351739153333332,16.5,16.5,13.5,23.5,9.0,15.8,15,theta_159,mixed,adaptive,5%,crowding-pruned,repair+feasible-first,3,mixed,stable,0.05,20,0.0769230769230769,5,0,0,rank,1,17.7,17
train,syn_n100_k05_high_corr_heavy_tail_extreme_events_r01_s20260681,5,theta_223,1.1220379941348952,0.0117842058428301,0.8213888888888888,0.0326341010226285,0.867054202985404,10.69397628,23.0,19.0,19.0,13.0,24.0,19.6,21,theta_223,mixed,none,10%,crowding-pruned,repair+feasible-first,5,mixed,none,0.1,5,0.0769230769230769,5,0,0,rank,1,18.0,18
train,syn_n100_k05_high_corr_heavy_tail_extreme_events_r01_s20260681,5,theta_234,1.1220379941348952,0.0117842058428301,0.8213888888888888,0.0326341010226285,0.867054202985404,10.608867446666665,23.0,19.0,19.0,13.0,23.0,19.4,20,theta_234,mixed,fixed,10%,crowding-pruned,repair+feasible-first,5,mixed,paper,0.1,20,0.0769230769230769,5,0,0,rank,1,18.0,19
train,syn_n100_k05_high_corr_heavy_tail_extreme_events_r01_s20260681,5,theta_237,1.1220379941348952,0.0117842058428301,0.8213888888888888,0.0326341010226285,0.867054202985404,4.638041996666667,23.0,19.0,19.0,13.0,15.0,17.8,17,theta_237,mixed,adaptive,1%,crowding-pruned,repair+feasible-first,5,mixed,stable,0.01,20,0.0769230769230769,5,0,0,rank,1,18.0,20
train,syn_n100_k05_high_corr_heavy_tail_extreme_events_r01_s20260681,5,theta_164,1.1224883671649846,0.0136097480125289,0.7630555555555556,0.0362390839033858,0.8646806604428332,4.23542803,19.5,22.5,22.5,20.5,7.0,18.4,19,theta_164,DE/rand,none,1%,crowding-pruned,repair+feasible-first,5,rand2,none,0.01,10,0.0769230769230769,5,0,0,rank,1,21.3,21
train,syn_n100_k05_high_corr_heavy_tail_extreme_events_r01_s20260681,5,theta_170,1.1224883671649846,0.0136097480125289,0.7630555555555556,0.0362390839033858,0.8646806604428332,4.853950036666666,19.5,22.5,22.5,20.5,18.0,20.6,24,theta_170,DE/rand,none,10%,crowding-pruned,repair+feasible-first,5,rand2,none,0.1,10,0.0769230769230769,5,0,0,rank,1,21.3,22
train,syn_n100_k05_high_corr_heavy_tail_extreme_events_r01_s20260681,5,theta_175,1.1224883671649846,0.0136097480125289,0.7630555555555556,0.0362390839033858,0.8646806604428332,4.627204036666667,19.5,22.5,22.5,20.5,14.0,19.8,22,theta_175,DE/rand,fixed,5%,crowding-pruned,repair+feasible-first,5,rand2,paper,0.05,5,0.0769230769230769,5,0,0,rank,1,21.3,23
train,syn_n100_k05_high_corr_heavy_tail_extreme_events_r01_s20260681,5,theta_189,1.1224883671649846,0.0136097480125289,0.7630555555555556,0.0362390839033858,0.8646806604428332,4.687041296666667,19.5,22.5,22.5,20.5,16.0,20.2,23,theta_189,DE/rand,adaptive,10%,crowding-pruned,repair+feasible-first,5,rand2,stable,0.1,20,0.0769230769230769,5,0,0,rank,1,21.3,24
train,syn_n100_k05_high_corr_mixed_high_vol_r02_s20260675,5,theta_067,1.0531121732572093,0.0189149823790849,0.8074999999999999,0.0412230631701192,1.1118255053275703,5.84584368,2.0,3.0,2.0,2.0,20.0,5.8,4,theta_067,mixed,fixed,5%,crowding-pruned,repair+feasible-first,2,mixed,paper,0.05,5,0.0769230769230769,5,0,0,rank,1,2.2,1
train,syn_n100_k05_high_corr_mixed_high_vol_r02_s20260675,5,theta_076,1.0531121732572093,0.0189149823790849,0.8074999999999999,0.0412230631701192,1.1118255053275703,4.103988996666667,2.0,3.0,2.0,2.0,6.0,3.0,1,theta_076,mixed,adaptive,5%,crowding-pruned,repair+feasible-first,2,mixed,stable,0.05,5,0.0769230769230769,5,0,0,rank,1,2.2,2
train,syn_n100_k05_high_corr_mixed_high_vol_r02_s20260675,5,theta_078,1.0531121732572093,0.0189149823790849,0.8074999999999999,0.0412230631701192,1.1118255053275703,4.137069253333333,2.0,3.0,2.0,2.0,7.0,3.2,2,theta_078,mixed,adaptive,5%,crowding-pruned,repair+feasible-first,2,mixed,stable,0.05,20,0.0769230769230769,5,0,0,rank,1,2.2,3
train,syn_n100_k05_high_corr_mixed_high_vol_r02_s20260675,5,theta_011,1.0527060513860609,0.0188495124411938,0.7958333333333333,0.0439036730950042,1.0794327768654692,4.187218803333334,4.0,1.0,8.0,4.0,9.0,5.2,3,theta_011,DE/rand,fixed,1%,crowding-pruned,repair+feasible-first,2,rand2,paper,0.01,10,0.0769230769230769,5,0,0,rank,1,4.6,4
train,syn_n100_k05_high_corr_mixed_high_vol_r02_s20260675,5,theta_034,1.0437357634963844,0.0234917091265256,0.7988888888888889,0.0521395452761106,1.095612297671728,3.390495093333333,9.5,6.5,5.5,11.5,2.0,7.0,6,theta_034,DE/best,none,10%,crowding-pruned,repair+feasible-first,2,best2,none,0.1,5,0.0769230769230769,5,0,0,rank,1,8.299999999999999,5
train,syn_n100_k05_high_corr_mixed_high_vol_r02_s20260675,5,theta_037,1.0437357634963844,0.0234917091265256,0.7988888888888889,0.0521395452761106,1.095612297671728,3.3896592800000005,9.5,6.5,5.5,11.5,1.0,6.8,5,theta_037,DE/best,fixed,1%,crowding-pruned,repair+feasible-first,2,best2,paper,0.01,5,0.0769230769230769,5,0,0,rank,1,8.299999999999999,6
train,syn_n100_k05_high_corr_mixed_high_vol_r02_s20260675,5,theta_045,1.0437357634963844,0.0234917091265256,0.7988888888888889,0.0521395452761106,1.095612297671728,3.9365454566666656,9.5,6.5,5.5,11.5,5.0,7.6,7,theta_045,DE/best,fixed,10%,crowding-pruned,repair+feasible-first,2,best2,paper,0.1,20,0.0769230769230769,5,0,0,rank,1,8.299999999999999,7
train,syn_n100_k05_high_corr_mixed_high_vol_r02_s20260675,5,theta_047,1.0437357634963844,0.0234917091265256,0.7988888888888889,0.0521395452761106,1.095612297671728,4.659726289999999,9.5,6.5,5.5,11.5,17.0,10.0,8,theta_047,DE/best,adaptive,1%,crowding-pruned,repair+feasible-first,2,best2,stable,0.01,10,0.0769230769230769,5,0,0,rank,1,8.299999999999999,8
train,syn_n100_k05_high_corr_mixed_high_vol_r02_s20260675,5,theta_084,1.0436313689684538,0.025208899801873,0.7358333333333335,0.0479588345387796,1.0863341602885863,3.5844556933333327,13.0,12.0,18.0,8.0,3.0,10.8,9,theta_084,DE/rand,none,1%,crowding-pruned,repair+feasible-first,3,rand2,none,0.01,20,0.0769230769230769,5,0,0,rank,1,12.799999999999999,9
train,syn_n100_k05_high_corr_mixed_high_vol_r02_s20260675,5,theta_086,1.0436313689684538,0.025208899801873,0.7358333333333335,0.0479588345387796,1.0863341602885863,3.694488363333333,13.0,12.0,18.0,8.0,4.0,11.0,10,theta_086,DE/rand,none,5%,crowding-pruned,repair+feasible-first,3,rand2,none,0.05,10,0.0769230769230769,5,0,0,rank,1,12.799999999999999,10
train,syn_n100_k05_high_corr_mixed_high_vol_r02_s20260675,5,theta_089,1.0436313689684538,0.025208899801873,0.7358333333333335,0.0479588345387796,1.0863341602885863,4.467565100000001,13.0,12.0,18.0,8.0,15.0,13.2,12,theta_089,DE/rand,none,10%,crowding-pruned,repair+feasible-first,3,rand2,none,0.1,10,0.0769230769230769,5,0,0,rank,1,12.799999999999999,11
train,syn_n100_k05_high_corr_mixed_high_vol_r02_s20260675,5,theta_144,1.03750420069899,0.0251744446231826,0.7508333333333334,0.0461758134027699,1.140755130812848,5.9441162200000015,23.5,9.5,15.5,5.5,21.0,15.0,16,theta_144,mixed,none,10%,crowding-pruned,repair+feasible-first,3,mixed,none,0.1,20,0.0769230769230769,5,0,0,rank,1,12.9,12
train,syn_n100_k05_high_corr_mixed_high_vol_r02_s20260675,5,theta_159,1.03750420069899,0.0251744446231826,0.7508333333333334,0.0461758134027699,1.140755130812848,4.344486493333333,23.5,9.5,15.5,5.5,11.0,13.0,11,theta_159,mixed,adaptive,5%,crowding-pruned,repair+feasible-first,3,mixed,stable,0.05,20,0.0769230769230769,5,0,0,rank,1,12.9,13
train,syn_n100_k05_high_corr_mixed_high_vol_r02_s20260675,5,theta_118,1.0450792558130566,0.0265228158103157,0.7625,0.0651128980898458,1.0852381249835663,4.346004766666668,6.0,19.0,10.0,23.0,12.0,14.0,14,theta_118,DE/best,fixed,1%,crowding-pruned,repair+feasible-first,3,best2,paper,0.01,5,0.0769230769230769,5,0,0,rank,1,14.899999999999999,14
train,syn_n100_k05_high_corr_mixed_high_vol_r02_s20260675,5,theta_131,1.0450792558130566,0.0265228158103157,0.7625,0.0651128980898458,1.0852381249835663,4.293058796666667,6.0,19.0,10.0,23.0,10.0,13.6,13,theta_131,DE/best,adaptive,5%,crowding-pruned,repair+feasible-first,3,best2,stable,0.05,10,0.0769230769230769,5,0,0,rank,1,14.899999999999999,15
train,syn_n100_k05_high_corr_mixed_high_vol_r02_s20260675,5,theta_132,1.0450792558130566,0.0265228158103157,0.7625,0.0651128980898458,1.0852381249835663,4.456667536666667,6.0,19.0,10.0,23.0,14.0,14.4,15,theta_132,DE/best,adaptive,5%,crowding-pruned,repair+feasible-first,3,best2,stable,0.05,20,0.0769230769230769,5,0,0,rank,1,14.899999999999999,16
train,syn_n100_k05_high_corr_mixed_high_vol_r02_s20260675,5,theta_223,1.0419120285163208,0.0274836208617867,0.7613888888888891,0.0637477153677361,1.1046743363009404,10.278849726666667,16.0,22.0,13.0,20.0,23.0,18.8,23,theta_223,mixed,none,10%,crowding-pruned,repair+feasible-first,5,mixed,none,0.1,5,0.0769230769230769,5,0,0,rank,1,17.5,17
train,syn_n100_k05_high_corr_mixed_high_vol_r02_s20260675,5,theta_234,1.0419120285163208,0.0274836208617867,0.7613888888888891,0.0637477153677361,1.1046743363009404,10.260780376666665,16.0,22.0,13.0,20.0,22.0,18.6,22,theta_234,mixed,fixed,10%,crowding-pruned,repair+feasible-first,5,mixed,paper,0.1,20,0.0769230769230769,5,0,0,rank,1,17.5,18
train,syn_n100_k05_high_corr_mixed_high_vol_r02_s20260675,5,theta_237,1.0419120285163208,0.0274836208617867,0.7613888888888891,0.0637477153677361,1.1046743363009404,4.3753796566666665,16.0,22.0,13.0,20.0,13.0,16.8,18,theta_237,mixed,adaptive,1%,crowding-pruned,repair+feasible-first,5,mixed,stable,0.01,20,0.0769230769230769,5,0,0,rank,1,17.5,19
train,syn_n100_k05_high_corr_mixed_high_vol_r02_s20260675,5,theta_164,1.0417760971551155,0.0255420642999921,0.6994444444444444,0.056015787654325,1.1091769126276596,4.1585944066666665,20.5,15.5,21.5,16.5,8.0,16.4,17,theta_164,DE/rand,none,1%,crowding-pruned,repair+feasible-first,5,rand2,none,0.01,10,0.0769230769230769,5,0,0,rank,1,18.6,20
train,syn_n100_k05_high_corr_mixed_high_vol_r02_s20260675,5,theta_170,1.0417760971551155,0.0255420642999921,0.6994444444444444,0.056015787654325,1.1091769126276596,4.733204553333334,20.5,15.5,21.5,16.5,18.0,18.4,20,theta_170,DE/rand,none,10%,crowding-pruned,repair+feasible-first,5,rand2,none,0.1,10,0.0769230769230769,5,0,0,rank,1,18.6,21
train,syn_n100_k05_high_corr_mixed_high_vol_r02_s20260675,5,theta_175,1.0417760971551155,0.0255420642999921,0.6994444444444444,0.056015787654325,1.1091769126276596,4.9892311933333335,20.5,15.5,21.5,16.5,19.0,18.6,21,theta_175,DE/rand,fixed,5%,crowding-pruned,repair+feasible-first,5,rand2,paper,0.05,5,0.0769230769230769,5,0,0,rank,1,18.6,22
train,syn_n100_k05_high_corr_mixed_high_vol_r02_s20260675,5,theta_189,1.0417760971551155,0.0255420642999921,0.6994444444444444,0.056015787654325,1.1091769126276596,4.547135246666667,20.5,15.5,21.5,16.5,16.0,18.0,19,theta_189,DE/rand,adaptive,10%,crowding-pruned,repair+feasible-first,5,rand2,stable,0.1,20,0.0769230769230769,5,0,0,rank,1,18.6,23
train,syn_n100_k05_high_corr_mixed_high_vol_r02_s20260675,5,theta_200,1.041839831884925,0.0289187641225076,0.6988888888888887,0.0541176838012538,1.0632029837508652,10.804086966666665,18.0,24.0,24.0,14.0,24.0,20.8,24,theta_200,DE/best,fixed,1%,crowding-pruned,repair+feasible-first,5,best2,paper,0.01,10,0.0769230769230769,5,0,0,rank,1,19.8,24
train,syn_n100_k05_high_corr_normal_low_vol_r03_s20260679,5,theta_011,1.1313312547015015,0.0095729398326776,0.8841666666666667,0.0205041580971379,0.7302989258565679,3.5642364699999995,1.0,1.0,10.0,1.0,5.0,3.6,1,theta_011,DE/rand,fixed,1%,crowding-pruned,repair+feasible-first,2,rand2,paper,0.01,10,0.0769230769230769,5,0,0,rank,1,3.6999999999999997,1
train,syn_n100_k05_high_corr_normal_low_vol_r03_s20260679,5,theta_084,1.128636661199224,0.0114723083619664,0.907222222222222,0.0215295848302864,0.7443689561226388,3.4989841300000006,6.0,6.0,2.0,3.0,3.0,4.0,2,theta_084,DE/rand,none,1%,crowding-pruned,repair+feasible-first,3,rand2,none,0.01,20,0.0769230769230769,5,0,0,rank,1,3.9000000000000004,2
train,syn_n100_k05_high_corr_normal_low_vol_r03_s20260679,5,theta_086,1.128636661199224,0.0114723083619664,0.907222222222222,0.0215295848302864,0.7443689561226388,3.5235978633333334,6.0,6.0,2.0,3.0,4.0,4.2,3,theta_086,DE/rand,none,5%,crowding-pruned,repair+feasible-first,3,rand2,none,0.05,10,0.0769230769230769,5,0,0,rank,1,3.9000000000000004,3
train,syn_n100_k05_high_corr_normal_low_vol_r03_s20260679,5,theta_089,1.128636661199224,0.0114723083619664,0.907222222222222,0.0215295848302864,0.7443689561226388,4.40742127,6.0,6.0,2.0,3.0,15.0,6.4,5,theta_089,DE/rand,none,10%,crowding-pruned,repair+feasible-first,3,rand2,none,0.1,10,0.0769230769230769,5,0,0,rank,1,3.9000000000000004,4
train,syn_n100_k05_high_corr_normal_low_vol_r03_s20260679,5,theta_067,1.1288687818977663,0.0110573439605714,0.9055555555555554,0.0380946184735192,0.7729582133097473,5.557655886666666,3.0,3.0,5.0,13.0,19.0,8.6,7,theta_067,mixed,fixed,5%,crowding-pruned,repair+feasible-first,2,mixed,paper,0.05,5,0.0769230769230769,5,0,0,rank,1,6.6,5
train,syn_n100_k05_high_corr_normal_low_vol_r03_s20260679,5,theta_076,1.1288687818977663,0.0110573439605714,0.9055555555555554,0.0380946184735192,0.7729582133097473,4.247037803333333,3.0,3.0,5.0,13.0,10.0,6.8,6,theta_076,mixed,adaptive,5%,crowding-pruned,repair+feasible-first,2,mixed,stable,0.05,5,0.0769230769230769,5,0,0,rank,1,6.6,6
train,syn_n100_k05_high_corr_normal_low_vol_r03_s20260679,5,theta_078,1.1288687818977663,0.0110573439605714,0.9055555555555554,0.0380946184735192,0.7729582133097473,4.179556316666667,3.0,3.0,5.0,13.0,6.0,6.0,4,theta_078,mixed,adaptive,5%,crowding-pruned,repair+feasible-first,2,mixed,stable,0.05,20,0.0769230769230769,5,0,0,rank,1,6.6,7
train,syn_n100_k05_high_corr_normal_low_vol_r03_s20260679,5,theta_118,1.1263512961084527,0.0128633788700937,0.8924999999999997,0.0298708564979762,0.7859074975163105,4.296577839999999,13.0,13.0,8.0,6.0,13.0,10.6,10,theta_118,DE/best,fixed,1%,crowding-pruned,repair+feasible-first,3,best2,paper,0.01,5,0.0769230769230769,5,0,0,rank,1,9.399999999999999,8
train,syn_n100_k05_high_corr_normal_low_vol_r03_s20260679,5,theta_131,1.1263512961084527,0.0128633788700937,0.8924999999999997,0.0298708564979762,0.7859074975163105,4.289126483333333,13.0,13.0,8.0,6.0,12.0,10.4,9,theta_131,DE/best,adaptive,5%,crowding-pruned,repair+feasible-first,3,best2,stable,0.05,10,0.0769230769230769,5,0,0,rank,1,9.399999999999999,9
train,syn_n100_k05_high_corr_normal_low_vol_r03_s20260679,5,theta_132,1.1263512961084527,0.0128633788700937,0.8924999999999997,0.0298708564979762,0.7859074975163105,4.284825406666667,13.0,13.0,8.0,6.0,11.0,10.2,8,theta_132,DE/best,adaptive,5%,crowding-pruned,repair+feasible-first,3,best2,stable,0.05,20,0.0769230769230769,5,0,0,rank,1,9.399999999999999,10
train,syn_n100_k05_high_corr_normal_low_vol_r03_s20260679,5,theta_164,1.1268371568222963,0.0124535685140874,0.8191666666666666,0.0365511359269193,0.7955196135425185,4.195585883333333,9.5,9.5,22.5,9.5,7.0,11.6,11,theta_164,DE/rand,none,1%,crowding-pruned,repair+feasible-first,5,rand2,none,0.01,10,0.0769230769230769,5,0,0,rank,1,13.4,11
train,syn_n100_k05_high_corr_normal_low_vol_r03_s20260679,5,theta_170,1.1268371568222963,0.0124535685140874,0.8191666666666666,0.0365511359269193,0.7955196135425185,4.627644703333334,9.5,9.5,22.5,9.5,16.0,13.4,13,theta_170,DE/rand,none,10%,crowding-pruned,repair+feasible-first,5,rand2,none,0.1,10,0.0769230769230769,5,0,0,rank,1,13.4,12
train,syn_n100_k05_high_corr_normal_low_vol_r03_s20260679,5,theta_175,1.1268371568222963,0.0124535685140874,0.8191666666666666,0.0365511359269193,0.7955196135425185,4.645759506666667,9.5,9.5,22.5,9.5,17.0,13.6,14,theta_175,DE/rand,fixed,5%,crowding-pruned,repair+feasible-first,5,rand2,paper,0.05,5,0.0769230769230769,5,0,0,rank,1,13.4,13
train,syn_n100_k05_high_corr_normal_low_vol_r03_s20260679,5,theta_189,1.1268371568222963,0.0124535685140874,0.8191666666666666,0.0365511359269193,0.7955196135425185,4.212914690000001,9.5,9.5,22.5,9.5,9.0,12.0,12,theta_189,DE/rand,adaptive,10%,crowding-pruned,repair+feasible-first,5,rand2,stable,0.1,20,0.0769230769230769,5,0,0,rank,1,13.4,14
train,syn_n100_k05_high_corr_normal_low_vol_r03_s20260679,5,theta_223,1.119281107934331,0.0171057546698281,0.8627777777777778,0.0415831682946168,0.7818028129316338,10.437777166666669,20.0,16.0,12.0,16.0,24.0,17.6,20,theta_223,mixed,none,10%,crowding-pruned,repair+feasible-first,5,mixed,none,0.1,5,0.0769230769230769,5,0,0,rank,1,15.600000000000001,15
train,syn_n100_k05_high_corr_normal_low_vol_r03_s20260679,5,theta_234,1.119281107934331,0.0171057546698281,0.8627777777777778,0.0415831682946168,0.7818028129316338,10.323797613333335,20.0,16.0,12.0,16.0,22.0,17.2,19,theta_234,mixed,fixed,10%,crowding-pruned,repair+feasible-first,5,mixed,paper,0.1,20,0.0769230769230769,5,0,0,rank,1,15.600000000000001,16
train,syn_n100_k05_high_corr_normal_low_vol_r03_s20260679,5,theta_237,1.119281107934331,0.0171057546698281,0.8627777777777778,0.0415831682946168,0.7818028129316338,4.397997863333334,20.0,16.0,12.0,16.0,14.0,15.6,17,theta_237,mixed,adaptive,1%,crowding-pruned,repair+feasible-first,5,mixed,stable,0.01,20,0.0769230769230769,5,0,0,rank,1,15.600000000000001,17
train,syn_n100_k05_high_corr_normal_low_vol_r03_s20260679,5,theta_144,1.118184120512005,0.0205806021930668,0.8486111111111111,0.0524928190086075,0.7888326937161309,6.936900623333335,22.5,22.5,14.5,18.5,21.0,19.8,23,theta_144,mixed,none,10%,crowding-pruned,repair+feasible-first,3,mixed,none,0.1,20,0.0769230769230769,5,0,0,rank,1,18.9,18
train,syn_n100_k05_high_corr_normal_low_vol_r03_s20260679,5,theta_159,1.118184120512005,0.0205806021930668,0.8486111111111111,0.0524928190086075,0.7888326937161309,5.850874016666666,22.5,22.5,14.5,18.5,20.0,19.6,22,theta_159,mixed,adaptive,5%,crowding-pruned,repair+feasible-first,3,mixed,stable,0.05,20,0.0769230769230769,5,0,0,rank,1,18.9,19
train,syn_n100_k05_high_corr_normal_low_vol_r03_s20260679,5,theta_034,1.1202060940088254,0.0188988616890002,0.8466666666666668,0.0557018532164882,0.7774847451659915,3.4071841766666666,16.5,19.5,17.5,21.5,2.0,15.4,16,theta_034,DE/best,none,10%,crowding-pruned,repair+feasible-first,2,best2,none,0.1,5,0.0769230769230769,5,0,0,rank,1,18.900000000000002,20
train,syn_n100_k05_high_corr_normal_low_vol_r03_s20260679,5,theta_037,1.1202060940088254,0.0188988616890002,0.8466666666666668,0.0557018532164882,0.7774847451659915,3.390231823333333,16.5,19.5,17.5,21.5,1.0,15.2,15,theta_037,DE/best,fixed,1%,crowding-pruned,repair+feasible-first,2,best2,paper,0.01,5,0.0769230769230769,5,0,0,rank,1,18.900000000000002,21
train,syn_n100_k05_high_corr_normal_low_vol_r03_s20260679,5,theta_045,1.1202060940088254,0.0188988616890002,0.8466666666666668,0.0557018532164882,0.7774847451659915,4.1963749833333335,16.5,19.5,17.5,21.5,8.0,16.6,18,theta_045,DE/best,fixed,10%,crowding-pruned,repair+feasible-first,2,best2,paper,0.1,20,0.0769230769230769,5,0,0,rank,1,18.900000000000002,22
train,syn_n100_k05_high_corr_normal_low_vol_r03_s20260679,5,theta_047,1.1202060940088254,0.0188988616890002,0.8466666666666668,0.0557018532164882,0.7774847451659915,4.897900933333333,16.5,19.5,17.5,21.5,18.0,18.6,21,theta_047,DE/best,adaptive,1%,crowding-pruned,repair+feasible-first,2,best2,stable,0.01,10,0.0769230769230769,5,0,0,rank,1,18.900000000000002,23
train,syn_n100_k05_high_corr_normal_low_vol_r03_s20260679,5,theta_200,1.1168010141320155,0.0208246008154376,0.8352777777777778,0.05970144226437,0.8122764429887438,10.412061106666666,24.0,24.0,20.0,24.0,23.0,23.0,24,theta_200,DE/best,fixed,1%,crowding-pruned,repair+feasible-first,5,best2,paper,0.01,10,0.0769230769230769,5,0,0,rank,1,22.8,24
train,syn_n100_k05_low_corr_heavy_tail_high_vol_r03_s20260677,5,theta_223,1.162515535901082,0.01745988218513,0.8747222222222223,0.0399197064831346,0.7748421977508838,9.089964596666666,3.0,3.0,2.0,16.0,23.0,9.4,7,theta_223,mixed,none,10%,crowding-pruned,repair+feasible-first,5,mixed,none,0.1,5,0.0769230769230769,5,0,0,rank,1,6.6,1
train,syn_n100_k05_low_corr_heavy_tail_high_vol_r03_s20260677,5,theta_234,1.162515535901082,0.01745988218513,0.8747222222222223,0.0399197064831346,0.7748421977508838,8.711655603333334,3.0,3.0,2.0,16.0,22.0,9.2,5,theta_234,mixed,fixed,10%,crowding-pruned,repair+feasible-first,5,mixed,paper,0.1,20,0.0769230769230769,5,0,0,rank,1,6.6,2
train,syn_n100_k05_low_corr_heavy_tail_high_vol_r03_s20260677,5,theta_237,1.162515535901082,0.01745988218513,0.8747222222222223,0.0399197064831346,0.7748421977508838,3.81536841,3.0,3.0,2.0,16.0,16.0,8.0,4,theta_237,mixed,adaptive,1%,crowding-pruned,repair+feasible-first,5,mixed,stable,0.01,20,0.0769230769230769,5,0,0,rank,1,6.6,3
train,syn_n100_k05_low_corr_heavy_tail_high_vol_r03_s20260677,5,theta_011,1.1646611531525262,0.0171152911631163,0.8572222222222223,0.0396067775638447,0.803678704054088,2.7780475200000003,1.0,1.0,7.0,14.0,2.0,5.0,1,theta_011,DE/rand,fixed,1%,crowding-pruned,repair+feasible-first,2,rand2,paper,0.01,10,0.0769230769230769,5,0,0,rank,1,6.7,4
train,syn_n100_k05_low_corr_heavy_tail_high_vol_r03_s20260677,5,theta_084,1.1580329229370512,0.020028980469163,0.8702777777777778,0.031751926042295,0.7548100977687852,2.8603481533333333,12.0,10.0,5.0,6.0,4.0,7.4,2,theta_084,DE/rand,none,1%,crowding-pruned,repair+feasible-first,3,rand2,none,0.01,20,0.0769230769230769,5,0,0,rank,1,7.7,5
train,syn_n100_k05_low_corr_heavy_tail_high_vol_r03_s20260677,5,theta_086,1.1580329229370512,0.020028980469163,0.8702777777777778,0.031751926042295,0.7548100977687852,2.8766389,12.0,10.0,5.0,6.0,5.0,7.6,3,theta_086,DE/rand,none,5%,crowding-pruned,repair+feasible-first,3,rand2,none,0.05,10,0.0769230769230769,5,0,0,rank,1,7.7,6
train,syn_n100_k05_low_corr_heavy_tail_high_vol_r03_s20260677,5,theta_089,1.1580329229370512,0.020028980469163,0.8702777777777778,0.031751926042295,0.7548100977687852,3.7457108033333335,12.0,10.0,5.0,6.0,14.0,9.4,6,theta_089,DE/rand,none,10%,crowding-pruned,repair+feasible-first,3,rand2,none,0.1,10,0.0769230769230769,5,0,0,rank,1,7.7,7
train,syn_n100_k05_low_corr_heavy_tail_high_vol_r03_s20260677,5,theta_200,1.161045049561377,0.0178679126284753,0.8480555555555556,0.0490135195909686,0.8471402088681563,9.519290359999998,8.0,5.0,11.0,18.0,24.0,13.2,16,theta_200,DE/best,fixed,1%,crowding-pruned,repair+feasible-first,5,best2,paper,0.01,10,0.0769230769230769,5,0,0,rank,1,11.3,8
train,syn_n100_k05_low_corr_heavy_tail_high_vol_r03_s20260677,5,theta_144,1.158498085582491,0.020602950838657,0.8436111111111112,0.03358311508061,0.7876954755192872,6.347480676666665,9.5,16.5,12.5,8.5,21.0,13.6,18,theta_144,mixed,none,10%,crowding-pruned,repair+feasible-first,3,mixed,none,0.1,20,0.0769230769230769,5,0,0,rank,1,11.5,9
train,syn_n100_k05_low_corr_heavy_tail_high_vol_r03_s20260677,5,theta_159,1.158498085582491,0.020602950838657,0.8436111111111112,0.03358311508061,0.7876954755192872,3.4166782566666662,9.5,16.5,12.5,8.5,7.0,10.8,10,theta_159,mixed,adaptive,5%,crowding-pruned,repair+feasible-first,3,mixed,stable,0.05,20,0.0769230769230769,5,0,0,rank,1,11.5,10
train,syn_n100_k05_low_corr_heavy_tail_high_vol_r03_s20260677,5,theta_067,1.1624892426008158,0.0186310839047749,0.8494444444444446,0.0538100886855181,0.8050045252732649,4.486310153333333,6.0,7.0,9.0,23.0,20.0,13.0,14,theta_067,mixed,fixed,5%,crowding-pruned,repair+feasible-first,2,mixed,paper,0.05,5,0.0769230769230769,5,0,0,rank,1,12.2,11
train,syn_n100_k05_low_corr_heavy_tail_high_vol_r03_s20260677,5,theta_076,1.1624892426008158,0.0186310839047749,0.8494444444444446,0.0538100886855181,0.8050045252732649,3.533495736666666,6.0,7.0,9.0,23.0,8.0,10.6,8,theta_076,mixed,adaptive,5%,crowding-pruned,repair+feasible-first,2,mixed,stable,0.05,5,0.0769230769230769,5,0,0,rank,1,12.2,12
train,syn_n100_k05_low_corr_heavy_tail_high_vol_r03_s20260677,5,theta_078,1.1624892426008158,0.0186310839047749,0.8494444444444446,0.0538100886855181,0.8050045252732649,3.5819388833333337,6.0,7.0,9.0,23.0,9.0,10.8,9,theta_078,mixed,adaptive,5%,crowding-pruned,repair+feasible-first,2,mixed,stable,0.05,20,0.0769230769230769,5,0,0,rank,1,12.2,13
train,syn_n100_k05_low_corr_heavy_tail_high_vol_r03_s20260677,5,theta_164,1.1566184129504171,0.02046563462931,0.8291666666666665,0.0315448696727376,0.7979057137760085,3.6860462266666665,15.5,13.5,19.5,2.5,12.0,12.6,12,theta_164,DE/rand,none,1%,crowding-pruned,repair+feasible-first,5,rand2,none,0.01,10,0.0769230769230769,5,0,0,rank,1,12.4,14
train,syn_n100_k05_low_corr_heavy_tail_high_vol_r03_s20260677,5,theta_170,1.1566184129504171,0.02046563462931,0.8291666666666665,0.0315448696727376,0.7979057137760085,3.7781013966666666,15.5,13.5,19.5,2.5,15.0,13.2,15,theta_170,DE/rand,none,10%,crowding-pruned,repair+feasible-first,5,rand2,none,0.1,10,0.0769230769230769,5,0,0,rank,1,12.4,15
train,syn_n100_k05_low_corr_heavy_tail_high_vol_r03_s20260677,5,theta_175,1.1566184129504171,0.02046563462931,0.8291666666666665,0.0315448696727376,0.7979057137760085,3.728863943333333,15.5,13.5,19.5,2.5,13.0,12.8,13,theta_175,DE/rand,fixed,5%,crowding-pruned,repair+feasible-first,5,rand2,paper,0.05,5,0.0769230769230769,5,0,0,rank,1,12.4,16
train,syn_n100_k05_low_corr_heavy_tail_high_vol_r03_s20260677,5,theta_189,1.1566184129504171,0.02046563462931,0.8291666666666665,0.0315448696727376,0.7979057137760085,3.601169443333333,15.5,13.5,19.5,2.5,10.0,12.2,11,theta_189,DE/rand,adaptive,10%,crowding-pruned,repair+feasible-first,5,rand2,stable,0.1,20,0.0769230769230769,5,0,0,rank,1,12.4,17
train,syn_n100_k05_low_corr_heavy_tail_high_vol_r03_s20260677,5,theta_034,1.1550711907299775,0.0231056167742951,0.8433333333333333,0.0379293070593848,0.7776683628974986,2.854428226666667,19.5,19.5,15.5,11.5,3.0,13.8,19,theta_034,DE/best,none,10%,crowding-pruned,repair+feasible-first,2,best2,none,0.1,5,0.0769230769230769,5,0,0,rank,1,15.899999999999999,18
train,syn_n100_k05_low_corr_heavy_tail_high_vol_r03_s20260677,5,theta_037,1.1550711907299775,0.0231056167742951,0.8433333333333333,0.0379293070593848,0.7776683628974986,2.732298203333334,19.5,19.5,15.5,11.5,1.0,13.4,17,theta_037,DE/best,fixed,1%,crowding-pruned,repair+feasible-first,2,best2,paper,0.01,5,0.0769230769230769,5,0,0,rank,1,15.899999999999999,19
train,syn_n100_k05_low_corr_heavy_tail_high_vol_r03_s20260677,5,theta_045,1.1550711907299775,0.0231056167742951,0.8433333333333333,0.0379293070593848,0.7776683628974986,3.2809884566666656,19.5,19.5,15.5,11.5,6.0,14.4,20,theta_045,DE/best,fixed,10%,crowding-pruned,repair+feasible-first,2,best2,paper,0.1,20,0.0769230769230769,5,0,0,rank,1,15.899999999999999,20
train,syn_n100_k05_low_corr_heavy_tail_high_vol_r03_s20260677,5,theta_047,1.1550711907299775,0.0231056167742951,0.8433333333333333,0.0379293070593848,0.7776683628974986,3.684133016666666,19.5,19.5,15.5,11.5,11.0,15.4,21,theta_047,DE/best,adaptive,1%,crowding-pruned,repair+feasible-first,2,best2,stable,0.01,10,0.0769230769230769,5,0,0,rank,1,15.899999999999999,21
train,syn_n100_k05_low_corr_heavy_tail_high_vol_r03_s20260677,5,theta_118,1.154430505654038,0.0243005900593538,0.8194444444444446,0.0525827410278237,0.8222358603514575,3.8388637699999992,23.0,23.0,23.0,20.0,17.0,21.2,22,theta_118,DE/best,fixed,1%,crowding-pruned,repair+feasible-first,3,best2,paper,0.01,5,0.0769230769230769,5,0,0,rank,1,22.1,22
train,syn_n100_k05_low_corr_heavy_tail_high_vol_r03_s20260677,5,theta_131,1.154430505654038,0.0243005900593538,0.8194444444444446,0.0525827410278237,0.8222358603514575,3.8824199833333335,23.0,23.0,23.0,20.0,18.0,21.4,23,theta_131,DE/best,adaptive,5%,crowding-pruned,repair+feasible-first,3,best2,stable,0.05,10,0.0769230769230769,5,0,0,rank,1,22.1,23
train,syn_n100_k05_low_corr_heavy_tail_high_vol_r03_s20260677,5,theta_132,1.154430505654038,0.0243005900593538,0.8194444444444446,0.0525827410278237,0.8222358603514575,3.90142858,23.0,23.0,23.0,20.0,19.0,21.6,24,theta_132,DE/best,adaptive,5%,crowding-pruned,repair+feasible-first,3,best2,stable,0.05,20,0.0769230769230769,5,0,0,rank,1,22.1,24
train,syn_n100_k05_low_corr_normal_low_vol_r01_s20260678,5,theta_118,1.1147873487263098,0.0100181167629215,0.8922222222222224,0.0207165190658228,1.2227210037426894,3.800433613333333,9.0,2.0,2.0,2.0,16.0,6.2,5,theta_118,DE/best,fixed,1%,crowding-pruned,repair+feasible-first,3,best2,paper,0.01,5,0.0769230769230769,5,0,0,rank,1,3.4000000000000004,1
train,syn_n100_k05_low_corr_normal_low_vol_r01_s20260678,5,theta_131,1.1147873487263098,0.0100181167629215,0.8922222222222224,0.0207165190658228,1.2227210037426894,3.756084120000001,9.0,2.0,2.0,2.0,12.0,5.4,3,theta_131,DE/best,adaptive,5%,crowding-pruned,repair+feasible-first,3,best2,stable,0.05,10,0.0769230769230769,5,0,0,rank,1,3.4000000000000004,2
train,syn_n100_k05_low_corr_normal_low_vol_r01_s20260678,5,theta_132,1.1147873487263098,0.0100181167629215,0.8922222222222224,0.0207165190658228,1.2227210037426894,3.6673327966666673,9.0,2.0,2.0,2.0,9.0,4.8,1,theta_132,DE/best,adaptive,5%,crowding-pruned,repair+feasible-first,3,best2,stable,0.05,20,0.0769230769230769,5,0,0,rank,1,3.4000000000000004,3
train,syn_n100_k05_low_corr_normal_low_vol_r01_s20260678,5,theta_067,1.1174795434600162,0.0103614875148434,0.8744444444444445,0.0297212564899564,1.2200035269293794,4.355954999999999,2.0,5.0,5.0,6.0,20.0,7.6,6,theta_067,mixed,fixed,5%,crowding-pruned,repair+feasible-first,2,mixed,paper,0.05,5,0.0769230769230769,5,0,0,rank,1,4.699999999999999,4
train,syn_n100_k05_low_corr_normal_low_vol_r01_s20260678,5,theta_076,1.1174795434600162,0.0103614875148434,0.8744444444444445,0.0297212564899564,1.2200035269293794,3.462055840000001,2.0,5.0,5.0,6.0,7.0,5.0,2,theta_076,mixed,adaptive,5%,crowding-pruned,repair+feasible-first,2,mixed,stable,0.05,5,0.0769230769230769,5,0,0,rank,1,4.699999999999999,5
train,syn_n100_k05_low_corr_normal_low_vol_r01_s20260678,5,theta_078,1.1174795434600162,0.0103614875148434,0.8744444444444445,0.0297212564899564,1.2200035269293794,3.7039151700000006,2.0,5.0,5.0,6.0,11.0,5.8,4,theta_078,mixed,adaptive,5%,crowding-pruned,repair+feasible-first,2,mixed,stable,0.05,20,0.0769230769230769,5,0,0,rank,1,4.699999999999999,6
train,syn_n100_k05_low_corr_normal_low_vol_r01_s20260678,5,theta_200,1.107571268750959,0.0130679203749327,0.8197222222222224,0.0230112927882603,1.2183164006172544,9.671001506666668,20.0,7.0,10.0,4.0,24.0,13.0,12,theta_200,DE/best,fixed,1%,crowding-pruned,repair+feasible-first,5,best2,paper,0.01,10,0.0769230769230769,5,0,0,rank,1,9.6,7
train,syn_n100_k05_low_corr_normal_low_vol_r01_s20260678,5,theta_034,1.111884111397029,0.013872346117127,0.8152777777777779,0.0357452358983927,1.2172294160337611,2.776050553333334,12.5,9.5,12.5,9.5,2.0,9.2,7,theta_034,DE/best,none,10%,crowding-pruned,repair+feasible-first,2,best2,none,0.1,5,0.0769230769230769,5,0,0,rank,1,11.0,8
train,syn_n100_k05_low_corr_normal_low_vol_r01_s20260678,5,theta_037,1.111884111397029,0.013872346117127,0.8152777777777779,0.0357452358983927,1.2172294160337611,2.788788063333333,12.5,9.5,12.5,9.5,3.0,9.4,8,theta_037,DE/best,fixed,1%,crowding-pruned,repair+feasible-first,2,best2,paper,0.01,5,0.0769230769230769,5,0,0,rank,1,11.0,9
train,syn_n100_k05_low_corr_normal_low_vol_r01_s20260678,5,theta_045,1.111884111397029,0.013872346117127,0.8152777777777779,0.0357452358983927,1.2172294160337611,3.35423987,12.5,9.5,12.5,9.5,6.0,10.0,9,theta_045,DE/best,fixed,10%,crowding-pruned,repair+feasible-first,2,best2,paper,0.1,20,0.0769230769230769,5,0,0,rank,1,11.0,10
train,syn_n100_k05_low_corr_normal_low_vol_r01_s20260678,5,theta_047,1.111884111397029,0.013872346117127,0.8152777777777779,0.0357452358983927,1.2172294160337611,3.7868333766666655,12.5,9.5,12.5,9.5,14.0,11.6,10,theta_047,DE/best,adaptive,1%,crowding-pruned,repair+feasible-first,2,best2,stable,0.01,10,0.0769230769230769,5,0,0,rank,1,11.0,11
train,syn_n100_k05_low_corr_normal_low_vol_r01_s20260678,5,theta_223,1.1155942041311582,0.0172038445843203,0.8363888888888888,0.0380254135294054,1.2092612846586752,8.638063413333333,5.0,13.0,8.0,20.0,23.0,13.8,14,theta_223,mixed,none,10%,crowding-pruned,repair+feasible-first,5,mixed,none,0.1,5,0.0769230769230769,5,0,0,rank,1,12.0,12
train,syn_n100_k05_low_corr_normal_low_vol_r01_s20260678,5,theta_234,1.1155942041311582,0.0172038445843203,0.8363888888888888,0.0380254135294054,1.2092612846586752,8.562058903333332,5.0,13.0,8.0,20.0,22.0,13.6,13,theta_234,mixed,fixed,10%,crowding-pruned,repair+feasible-first,5,mixed,paper,0.1,20,0.0769230769230769,5,0,0,rank,1,12.0,13
train,syn_n100_k05_low_corr_normal_low_vol_r01_s20260678,5,theta_237,1.1155942041311582,0.0172038445843203,0.8363888888888888,0.0380254135294054,1.2092612846586752,3.7969275100000006,5.0,13.0,8.0,20.0,15.0,12.2,11,theta_237,mixed,adaptive,1%,crowding-pruned,repair+feasible-first,5,mixed,stable,0.01,20,0.0769230769230769,5,0,0,rank,1,12.0,14
train,syn_n100_k05_low_corr_normal_low_vol_r01_s20260678,5,theta_084,1.1094688434102595,0.0179872086517608,0.7375000000000002,0.0360409416600698,1.207068095672014,2.91311159,18.0,16.0,18.0,17.0,5.0,14.8,17,theta_084,DE/rand,none,1%,crowding-pruned,repair+feasible-first,3,rand2,none,0.01,20,0.0769230769230769,5,0,0,rank,1,17.299999999999997,15
train,syn_n100_k05_low_corr_normal_low_vol_r01_s20260678,5,theta_086,1.1094688434102595,0.0179872086517608,0.7375000000000002,0.0360409416600698,1.207068095672014,2.849436616666666,18.0,16.0,18.0,17.0,4.0,14.6,15,theta_086,DE/rand,none,5%,crowding-pruned,repair+feasible-first,3,rand2,none,0.05,10,0.0769230769230769,5,0,0,rank,1,17.299999999999997,16
train,syn_n100_k05_low_corr_normal_low_vol_r01_s20260678,5,theta_089,1.1094688434102595,0.0179872086517608,0.7375000000000002,0.0360409416600698,1.207068095672014,3.69152011,18.0,16.0,18.0,17.0,10.0,15.8,18,theta_089,DE/rand,none,10%,crowding-pruned,repair+feasible-first,3,rand2,none,0.1,10,0.0769230769230769,5,0,0,rank,1,17.299999999999997,17
train,syn_n100_k05_low_corr_normal_low_vol_r01_s20260678,5,theta_011,1.1149540955051724,0.0295252265716145,0.7283333333333334,0.0462318454716819,1.179365188874158,2.2069303066666666,7.0,24.0,20.0,22.0,1.0,14.8,16,theta_011,DE/rand,fixed,1%,crowding-pruned,repair+feasible-first,2,rand2,paper,0.01,10,0.0769230769230769,5,0,0,rank,1,18.8,18
train,syn_n100_k05_low_corr_normal_low_vol_r01_s20260678,5,theta_164,1.1004847245388398,0.0231255870752444,0.6969444444444445,0.0358532268972944,1.212809137166755,3.6147667266666654,22.5,19.5,22.5,13.5,8.0,17.2,19,theta_164,DE/rand,none,1%,crowding-pruned,repair+feasible-first,5,rand2,none,0.01,10,0.0769230769230769,5,0,0,rank,1,19.2,19
train,syn_n100_k05_low_corr_normal_low_vol_r01_s20260678,5,theta_170,1.1004847245388398,0.0231255870752444,0.6969444444444445,0.0358532268972944,1.212809137166755,3.942439096666667,22.5,19.5,22.5,13.5,19.0,19.4,23,theta_170,DE/rand,none,10%,crowding-pruned,repair+feasible-first,5,rand2,none,0.1,10,0.0769230769230769,5,0,0,rank,1,19.2,20
train,syn_n100_k05_low_corr_normal_low_vol_r01_s20260678,5,theta_175,1.1004847245388398,0.0231255870752444,0.6969444444444445,0.0358532268972944,1.212809137166755,3.86837201,22.5,19.5,22.5,13.5,18.0,19.2,22,theta_175,DE/rand,fixed,5%,crowding-pruned,repair+feasible-first,5,rand2,paper,0.05,5,0.0769230769230769,5,0,0,rank,1,19.2,21
train,syn_n100_k05_low_corr_normal_low_vol_r01_s20260678,5,theta_189,1.1004847245388398,0.0231255870752444,0.6969444444444445,0.0358532268972944,1.212809137166755,3.77948557,22.5,19.5,22.5,13.5,13.0,18.2,20,theta_189,DE/rand,adaptive,10%,crowding-pruned,repair+feasible-first,5,rand2,stable,0.1,20,0.0769230769230769,5,0,0,rank,1,19.2,22
train,syn_n100_k05_low_corr_normal_low_vol_r01_s20260678,5,theta_144,1.1115961781339765,0.0273623609573224,0.7405555555555555,0.050857026587898,1.1964717260885005,6.03466468,15.5,22.5,15.5,23.5,21.0,19.6,24,theta_144,mixed,none,10%,crowding-pruned,repair+feasible-first,3,mixed,none,0.1,20,0.0769230769230769,5,0,0,rank,1,19.3,23
train,syn_n100_k05_low_corr_normal_low_vol_r01_s20260678,5,theta_159,1.1115961781339765,0.0273623609573224,0.7405555555555555,0.050857026587898,1.1964717260885005,3.836317309999999,15.5,22.5,15.5,23.5,17.0,18.8,21,theta_159,mixed,adaptive,5%,crowding-pruned,repair+feasible-first,3,mixed,stable,0.05,20,0.0769230769230769,5,0,0,rank,1,19.3,24
train,syn_n100_k05_pathological_cov_skewed_high_vol_r03_s20260680,5,theta_034,1.0890455176738418,0.0180156942765221,0.8602777777777778,0.0386505826368849,0.8460491620806925,3.70098461,2.5,2.5,2.5,2.5,5.0,3.0,2,theta_034,DE/best,none,10%,crowding-pruned,repair+feasible-first,2,best2,none,0.1,5,0.0769230769230769,5,0,0,rank,1,2.5,1
train,syn_n100_k05_pathological_cov_skewed_high_vol_r03_s20260680,5,theta_037,1.0890455176738418,0.0180156942765221,0.8602777777777778,0.0386505826368849,0.8460491620806925,3.635991306666667,2.5,2.5,2.5,2.5,3.0,2.6,1,theta_037,DE/best,fixed,1%,crowding-pruned,repair+feasible-first,2,best2,paper,0.01,5,0.0769230769230769,5,0,0,rank,1,2.5,2
train,syn_n100_k05_pathological_cov_skewed_high_vol_r03_s20260680,5,theta_045,1.0890455176738418,0.0180156942765221,0.8602777777777778,0.0386505826368849,0.8460491620806925,4.211032416666666,2.5,2.5,2.5,2.5,7.0,3.4,3,theta_045,DE/best,fixed,10%,crowding-pruned,repair+feasible-first,2,best2,paper,0.1,20,0.0769230769230769,5,0,0,rank,1,2.5,3
train,syn_n100_k05_pathological_cov_skewed_high_vol_r03_s20260680,5,theta_047,1.0890455176738418,0.0180156942765221,0.8602777777777778,0.0386505826368849,0.8460491620806925,4.493662336666666,2.5,2.5,2.5,2.5,9.0,3.8,4,theta_047,DE/best,adaptive,1%,crowding-pruned,repair+feasible-first,2,best2,stable,0.01,10,0.0769230769230769,5,0,0,rank,1,2.5,4
train,syn_n100_k05_pathological_cov_skewed_high_vol_r03_s20260680,5,theta_200,1.074643219091551,0.0274284429711328,0.7741666666666668,0.0519241801666832,0.8774369904381316,11.1691676,8.0,5.0,8.0,8.0,22.0,10.2,9,theta_200,DE/best,fixed,1%,crowding-pruned,repair+feasible-first,5,best2,paper,0.01,10,0.0769230769230769,5,0,0,rank,1,7.4,5
train,syn_n100_k05_pathological_cov_skewed_high_vol_r03_s20260680,5,theta_011,1.0702844590730949,0.0321820533768652,0.78,0.0554435704856671,0.8773567544003169,2.68176787,9.0,9.0,5.0,9.0,1.0,6.6,5,theta_011,DE/rand,fixed,1%,crowding-pruned,repair+feasible-first,2,rand2,paper,0.01,10,0.0769230769230769,5,0,0,rank,1,7.799999999999999,6
train,syn_n100_k05_pathological_cov_skewed_high_vol_r03_s20260680,5,theta_084,1.075180610404603,0.0297930779171713,0.7583333333333334,0.0510341828643274,0.8888847634830654,3.630410303333334,6.0,7.0,13.0,6.0,2.0,6.8,6,theta_084,DE/rand,none,1%,crowding-pruned,repair+feasible-first,3,rand2,none,0.01,20,0.0769230769230769,5,0,0,rank,1,8.3,7
train,syn_n100_k05_pathological_cov_skewed_high_vol_r03_s20260680,5,theta_086,1.075180610404603,0.0297930779171713,0.7583333333333334,0.0510341828643274,0.8888847634830654,3.662436533333334,6.0,7.0,13.0,6.0,4.0,7.2,7,theta_086,DE/rand,none,5%,crowding-pruned,repair+feasible-first,3,rand2,none,0.05,10,0.0769230769230769,5,0,0,rank,1,8.3,8
train,syn_n100_k05_pathological_cov_skewed_high_vol_r03_s20260680,5,theta_089,1.075180610404603,0.0297930779171713,0.7583333333333334,0.0510341828643274,0.8888847634830654,4.452338123333334,6.0,7.0,13.0,6.0,8.0,8.0,8,theta_089,DE/rand,none,10%,crowding-pruned,repair+feasible-first,3,rand2,none,0.1,10,0.0769230769230769,5,0,0,rank,1,8.3,9
train,syn_n100_k05_pathological_cov_skewed_high_vol_r03_s20260680,5,theta_144,1.0659866978693044,0.0360434743556935,0.7766666666666666,0.0602023407495273,0.8836545707028997,5.08471322,13.5,10.5,6.5,17.5,21.0,13.8,13,theta_144,mixed,none,10%,crowding-pruned,repair+feasible-first,3,mixed,none,0.1,20,0.0769230769230769,5,0,0,rank,1,12.0,10
train,syn_n100_k05_pathological_cov_skewed_high_vol_r03_s20260680,5,theta_159,1.0659866978693044,0.0360434743556935,0.7766666666666666,0.0602023407495273,0.8836545707028997,4.847452563333333,13.5,10.5,6.5,17.5,18.0,13.2,12,theta_159,mixed,adaptive,5%,crowding-pruned,repair+feasible-first,3,mixed,stable,0.05,20,0.0769230769230769,5,0,0,rank,1,12.0,11
train,syn_n100_k05_pathological_cov_skewed_high_vol_r03_s20260680,5,theta_067,1.0666482825964911,0.0399729071924211,0.7716666666666667,0.0571873054295424,0.8844570053839254,4.899041826666667,11.0,17.0,10.0,15.0,20.0,14.6,15,theta_067,mixed,fixed,5%,crowding-pruned,repair+feasible-first,2,mixed,paper,0.05,5,0.0769230769230769,5,0,0,rank,1,13.100000000000001,12
train,syn_n100_k05_pathological_cov_skewed_high_vol_r03_s20260680,5,theta_076,1.0666482825964911,0.0399729071924211,0.7716666666666667,0.0571873054295424,0.8844570053839254,4.50762986,11.0,17.0,10.0,15.0,10.0,12.6,10,theta_076,mixed,adaptive,5%,crowding-pruned,repair+feasible-first,2,mixed,stable,0.05,5,0.0769230769230769,5,0,0,rank,1,13.100000000000001,13
train,syn_n100_k05_pathological_cov_skewed_high_vol_r03_s20260680,5,theta_078,1.0666482825964911,0.0399729071924211,0.7716666666666667,0.0571873054295424,0.8844570053839254,4.533785853333332,11.0,17.0,10.0,15.0,12.0,13.0,11,theta_078,mixed,adaptive,5%,crowding-pruned,repair+feasible-first,2,mixed,stable,0.05,20,0.0769230769230769,5,0,0,rank,1,13.100000000000001,14
train,syn_n100_k05_pathological_cov_skewed_high_vol_r03_s20260680,5,theta_164,1.0637110475297795,0.0363530835105864,0.6697222222222222,0.0559447953033825,0.8718039134790849,4.14426099,16.5,13.5,22.5,11.5,6.0,14.0,14,theta_164,DE/rand,none,1%,crowding-pruned,repair+feasible-first,5,rand2,none,0.01,10,0.0769230769230769,5,0,0,rank,1,16.2,15
train,syn_n100_k05_pathological_cov_skewed_high_vol_r03_s20260680,5,theta_170,1.0637110475297795,0.0363530835105864,0.6697222222222222,0.0559447953033825,0.8718039134790849,4.515114273333334,16.5,13.5,22.5,11.5,11.0,15.0,16,theta_170,DE/rand,none,10%,crowding-pruned,repair+feasible-first,5,rand2,none,0.1,10,0.0769230769230769,5,0,0,rank,1,16.2,16
train,syn_n100_k05_pathological_cov_skewed_high_vol_r03_s20260680,5,theta_175,1.0637110475297795,0.0363530835105864,0.6697222222222222,0.0559447953033825,0.8718039134790849,4.788971326666667,16.5,13.5,22.5,11.5,17.0,16.2,18,theta_175,DE/rand,fixed,5%,crowding-pruned,repair+feasible-first,5,rand2,paper,0.05,5,0.0769230769230769,5,0,0,rank,1,16.2,17
train,syn_n100_k05_pathological_cov_skewed_high_vol_r03_s20260680,5,theta_189,1.0637110475297795,0.0363530835105864,0.6697222222222222,0.0559447953033825,0.8718039134790849,4.588110193333333,16.5,13.5,22.5,11.5,14.0,15.6,17,theta_189,DE/rand,adaptive,10%,crowding-pruned,repair+feasible-first,5,rand2,stable,0.1,20,0.0769230769230769,5,0,0,rank,1,16.2,18
train,syn_n100_k05_pathological_cov_skewed_high_vol_r03_s20260680,5,theta_223,1.0552843000398886,0.0416562900999996,0.7144444444444443,0.0727077720937106,0.8818521630287175,11.172002003333334,20.0,20.0,16.0,20.0,23.0,19.8,20,theta_223,mixed,none,10%,crowding-pruned,repair+feasible-first,5,mixed,none,0.1,5,0.0769230769230769,5,0,0,rank,1,18.8,19
train,syn_n100_k05_pathological_cov_skewed_high_vol_r03_s20260680,5,theta_234,1.0552843000398886,0.0416562900999996,0.7144444444444443,0.0727077720937106,0.8818521630287175,11.223924079999998,20.0,20.0,16.0,20.0,24.0,20.0,21,theta_234,mixed,fixed,10%,crowding-pruned,repair+feasible-first,5,mixed,paper,0.1,20,0.0769230769230769,5,0,0,rank,1,18.8,20
train,syn_n100_k05_pathological_cov_skewed_high_vol_r03_s20260680,5,theta_237,1.0552843000398886,0.0416562900999996,0.7144444444444443,0.0727077720937106,0.8818521630287175,4.858452663333332,20.0,20.0,16.0,20.0,19.0,19.0,19,theta_237,mixed,adaptive,1%,crowding-pruned,repair+feasible-first,5,mixed,stable,0.01,20,0.0769230769230769,5,0,0,rank,1,18.8,21
train,syn_n100_k05_pathological_cov_skewed_high_vol_r03_s20260680,5,theta_118,1.0491901648440185,0.0513708273132419,0.7136111111111112,0.0826186837550373,0.8704286786933958,4.587057516666667,23.0,23.0,19.0,23.0,13.0,20.2,22,theta_118,DE/best,fixed,1%,crowding-pruned,repair+feasible-first,3,best2,paper,0.01,5,0.0769230769230769,5,0,0,rank,1,21.8,22
train,syn_n100_k05_pathological_cov_skewed_high_vol_r03_s20260680,5,theta_131,1.0491901648440185,0.0513708273132419,0.7136111111111112,0.0826186837550373,0.8704286786933958,4.61102577,23.0,23.0,19.0,23.0,16.0,20.8,24,theta_131,DE/best,adaptive,5%,crowding-pruned,repair+feasible-first,3,best2,stable,0.05,10,0.0769230769230769,5,0,0,rank,1,21.8,23
train,syn_n100_k05_pathological_cov_skewed_high_vol_r03_s20260680,5,theta_132,1.0491901648440185,0.0513708273132419,0.7136111111111112,0.0826186837550373,0.8704286786933958,4.6051323,23.0,23.0,19.0,23.0,15.0,20.6,23,theta_132,DE/best,adaptive,5%,crowding-pruned,repair+feasible-first,3,best2,stable,0.05,20,0.0769230769230769,5,0,0,rank,1,21.8,24
train,syn_n100_k10_cluster_corr_heavy_tail_low_vol_r02_s20260689,10,theta_084,0.9829628022116054,0.0229159525385136,0.7841666666666668,0.0391704454728796,1.217228717150221,2.7092942633333337,2.0,10.0,2.0,7.0,5.0,5.2,2,theta_084,DE/rand,none,1%,crowding-pruned,repair+feasible-first,3,rand2,none,0.01,20,0.0769230769230769,5,0,0,rank,1,5.1,1
train,syn_n100_k10_cluster_corr_heavy_tail_low_vol_r02_s20260689,10,theta_086,0.9829628022116054,0.0229159525385136,0.7841666666666668,0.0391704454728796,1.217228717150221,2.7030840033333337,2.0,10.0,2.0,7.0,4.0,5.0,1,theta_086,DE/rand,none,5%,crowding-pruned,repair+feasible-first,3,rand2,none,0.05,10,0.0769230769230769,5,0,0,rank,1,5.1,2
train,syn_n100_k10_cluster_corr_heavy_tail_low_vol_r02_s20260689,10,theta_089,0.9829628022116054,0.0229159525385136,0.7841666666666668,0.0391704454728796,1.217228717150221,3.96356508,2.0,10.0,2.0,7.0,21.0,8.4,7,theta_089,DE/rand,none,10%,crowding-pruned,repair+feasible-first,3,rand2,none,0.1,10,0.0769230769230769,5,0,0,rank,1,5.1,3
train,syn_n100_k10_cluster_corr_heavy_tail_low_vol_r02_s20260689,10,theta_164,0.9811908314982424,0.0175921406737042,0.7233333333333333,0.0335801197124642,1.2959886876409592,3.48915983,5.5,2.5,9.5,2.5,17.0,7.4,5,theta_164,DE/rand,none,1%,crowding-pruned,repair+feasible-first,5,rand2,none,0.01,10,0.0769230769230769,5,0,0,rank,1,5.2,4
train,syn_n100_k10_cluster_corr_heavy_tail_low_vol_r02_s20260689,10,theta_170,0.9811908314982424,0.0175921406737042,0.7233333333333333,0.0335801197124642,1.2959886876409592,3.30134723,5.5,2.5,9.5,2.5,8.0,5.6,3,theta_170,DE/rand,none,10%,crowding-pruned,repair+feasible-first,5,rand2,none,0.1,10,0.0769230769230769,5,0,0,rank,1,5.2,5
train,syn_n100_k10_cluster_corr_heavy_tail_low_vol_r02_s20260689,10,theta_175,0.9811908314982424,0.0175921406737042,0.7233333333333333,0.0335801197124642,1.2959886876409592,3.71775723,5.5,2.5,9.5,2.5,20.0,8.0,6,theta_175,DE/rand,fixed,5%,crowding-pruned,repair+feasible-first,5,rand2,paper,0.05,5,0.0769230769230769,5,0,0,rank,1,5.2,6
train,syn_n100_k10_cluster_corr_heavy_tail_low_vol_r02_s20260689,10,theta_189,0.9811908314982424,0.0175921406737042,0.7233333333333333,0.0335801197124642,1.2959886876409592,3.397217853333333,5.5,2.5,9.5,2.5,14.0,6.8,4,theta_189,DE/rand,adaptive,10%,crowding-pruned,repair+feasible-first,5,rand2,stable,0.1,20,0.0769230769230769,5,0,0,rank,1,5.2,7
train,syn_n100_k10_cluster_corr_heavy_tail_low_vol_r02_s20260689,10,theta_118,0.9784659024660416,0.0179920637939093,0.7533333333333333,0.0441077219020714,1.3369243244062483,3.41241145,9.0,6.0,5.0,11.0,15.0,9.2,10,theta_118,DE/best,fixed,1%,crowding-pruned,repair+feasible-first,3,best2,paper,0.01,5,0.0769230769230769,5,0,0,rank,1,7.8,8
train,syn_n100_k10_cluster_corr_heavy_tail_low_vol_r02_s20260689,10,theta_131,0.9784659024660416,0.0179920637939093,0.7533333333333333,0.0441077219020714,1.3369243244062483,3.35445075,9.0,6.0,5.0,11.0,11.0,8.4,8,theta_131,DE/best,adaptive,5%,crowding-pruned,repair+feasible-first,3,best2,stable,0.05,10,0.0769230769230769,5,0,0,rank,1,7.8,9
train,syn_n100_k10_cluster_corr_heavy_tail_low_vol_r02_s20260689,10,theta_132,0.9784659024660416,0.0179920637939093,0.7533333333333333,0.0441077219020714,1.3369243244062483,3.4340921266666657,9.0,6.0,5.0,11.0,16.0,9.4,11,theta_132,DE/best,adaptive,5%,crowding-pruned,repair+feasible-first,3,best2,stable,0.05,20,0.0769230769230769,5,0,0,rank,1,7.8,10
train,syn_n100_k10_cluster_corr_heavy_tail_low_vol_r02_s20260689,10,theta_200,0.9753882313127618,0.0194278008201889,0.7450000000000002,0.0434002068064426,1.3390948596911223,8.090615883333333,12.0,8.0,7.0,9.0,24.0,12.0,14,theta_200,DE/best,fixed,1%,crowding-pruned,repair+feasible-first,5,best2,paper,0.01,10,0.0769230769230769,5,0,0,rank,1,8.799999999999999,11
train,syn_n100_k10_cluster_corr_heavy_tail_low_vol_r02_s20260689,10,theta_011,0.9779726322141464,0.0308056448300925,0.7000000000000001,0.0390269520044418,1.1901863233109988,1.85197134,11.0,16.0,12.0,5.0,1.0,9.0,9,theta_011,DE/rand,fixed,1%,crowding-pruned,repair+feasible-first,2,rand2,paper,0.01,10,0.0769230769230769,5,0,0,rank,1,10.5,12
train,syn_n100_k10_cluster_corr_heavy_tail_low_vol_r02_s20260689,10,theta_034,0.973285694424798,0.0242377771421261,0.6497222222222223,0.0521956405764037,1.295963089841846,2.525826536666666,14.5,13.5,14.5,14.5,2.0,11.8,12,theta_034,DE/best,none,10%,crowding-pruned,repair+feasible-first,2,best2,none,0.1,5,0.0769230769230769,5,0,0,rank,1,14.299999999999999,13
train,syn_n100_k10_cluster_corr_heavy_tail_low_vol_r02_s20260689,10,theta_037,0.973285694424798,0.0242377771421261,0.6497222222222223,0.0521956405764037,1.295963089841846,2.547692046666667,14.5,13.5,14.5,14.5,3.0,12.0,13,theta_037,DE/best,fixed,1%,crowding-pruned,repair+feasible-first,2,best2,paper,0.01,5,0.0769230769230769,5,0,0,rank,1,14.299999999999999,14
train,syn_n100_k10_cluster_corr_heavy_tail_low_vol_r02_s20260689,10,theta_045,0.973285694424798,0.0242377771421261,0.6497222222222223,0.0521956405764037,1.295963089841846,3.0603482366666666,14.5,13.5,14.5,14.5,6.0,12.6,15,theta_045,DE/best,fixed,10%,crowding-pruned,repair+feasible-first,2,best2,paper,0.1,20,0.0769230769230769,5,0,0,rank,1,14.299999999999999,15
train,syn_n100_k10_cluster_corr_heavy_tail_low_vol_r02_s20260689,10,theta_047,0.973285694424798,0.0242377771421261,0.6497222222222223,0.0521956405764037,1.295963089841846,3.236497193333333,14.5,13.5,14.5,14.5,7.0,12.8,16,theta_047,DE/best,adaptive,1%,crowding-pruned,repair+feasible-first,2,best2,stable,0.01,10,0.0769230769230769,5,0,0,rank,1,14.299999999999999,16
train,syn_n100_k10_cluster_corr_heavy_tail_low_vol_r02_s20260689,10,theta_067,0.9705995394848927,0.0316529927152737,0.5894444444444444,0.0661143206913915,1.214317269427824,3.6607227,18.0,18.0,23.0,18.0,19.0,19.2,20,theta_067,mixed,fixed,5%,crowding-pruned,repair+feasible-first,2,mixed,paper,0.05,5,0.0769230769230769,5,0,0,rank,1,19.5,17
train,syn_n100_k10_cluster_corr_heavy_tail_low_vol_r02_s20260689,10,theta_076,0.9705995394848927,0.0316529927152737,0.5894444444444444,0.0661143206913915,1.214317269427824,3.3499970533333325,18.0,18.0,23.0,18.0,10.0,17.4,17,theta_076,mixed,adaptive,5%,crowding-pruned,repair+feasible-first,2,mixed,stable,0.05,5,0.0769230769230769,5,0,0,rank,1,19.5,18
train,syn_n100_k10_cluster_corr_heavy_tail_low_vol_r02_s20260689,10,theta_078,0.9705995394848927,0.0316529927152737,0.5894444444444444,0.0661143206913915,1.214317269427824,3.384479923333333,18.0,18.0,23.0,18.0,13.0,18.0,18,theta_078,mixed,adaptive,5%,crowding-pruned,repair+feasible-first,2,mixed,stable,0.05,20,0.0769230769230769,5,0,0,rank,1,19.5,19
train,syn_n100_k10_cluster_corr_heavy_tail_low_vol_r02_s20260689,10,theta_223,0.9683004568618414,0.0379726594142127,0.6308333333333334,0.0705087452867906,1.2174513348889977,7.838632039999999,21.0,21.0,18.0,23.0,22.0,21.0,22,theta_223,mixed,none,10%,crowding-pruned,repair+feasible-first,5,mixed,none,0.1,5,0.0769230769230769,5,0,0,rank,1,20.7,20
train,syn_n100_k10_cluster_corr_heavy_tail_low_vol_r02_s20260689,10,theta_234,0.9683004568618414,0.0379726594142127,0.6308333333333334,0.0705087452867906,1.2174513348889977,7.905953899999999,21.0,21.0,18.0,23.0,23.0,21.2,24,theta_234,mixed,fixed,10%,crowding-pruned,repair+feasible-first,5,mixed,paper,0.1,20,0.0769230769230769,5,0,0,rank,1,20.7,21
train,syn_n100_k10_cluster_corr_heavy_tail_low_vol_r02_s20260689,10,theta_237,0.9683004568618414,0.0379726594142127,0.6308333333333334,0.0705087452867906,1.2174513348889977,3.3477949400000004,21.0,21.0,18.0,23.0,9.0,18.4,19,theta_237,mixed,adaptive,1%,crowding-pruned,repair+feasible-first,5,mixed,stable,0.01,20,0.0769230769230769,5,0,0,rank,1,20.7,22
train,syn_n100_k10_cluster_corr_heavy_tail_low_vol_r02_s20260689,10,theta_144,0.9665848269058132,0.0418041513825271,0.6119444444444445,0.0684663385593672,1.1825561668337594,3.3800433266666663,23.5,23.5,20.5,20.5,12.0,20.0,21,theta_144,mixed,none,10%,crowding-pruned,repair+feasible-first,3,mixed,none,0.1,20,0.0769230769230769,5,0,0,rank,1,21.7,23
train,syn_n100_k10_cluster_corr_heavy_tail_low_vol_r02_s20260689,10,theta_159,0.9665848269058132,0.0418041513825271,0.6119444444444445,0.0684663385593672,1.1825561668337594,3.554886,23.5,23.5,20.5,20.5,18.0,21.2,23,theta_159,mixed,adaptive,5%,crowding-pruned,repair+feasible-first,3,mixed,stable,0.05,20,0.0769230769230769,5,0,0,rank,1,21.7,24
train,syn_n100_k10_cluster_corr_mixed_extreme_events_r03_s20260693,10,theta_164,0.9883122729071744,0.0112014336980549,0.9077777777777778,0.0222975403707488,1.3124646211212414,3.43596605,5.5,2.5,2.5,2.5,15.0,5.6,4,theta_164,DE/rand,none,1%,crowding-pruned,repair+feasible-first,5,rand2,none,0.01,10,0.0769230769230769,5,0,0,rank,1,3.1,1
train,syn_n100_k10_cluster_corr_mixed_extreme_events_r03_s20260693,10,theta_170,0.9883122729071744,0.0112014336980549,0.9077777777777778,0.0222975403707488,1.3124646211212414,3.731652153333334,5.5,2.5,2.5,2.5,18.0,6.2,7,theta_170,DE/rand,none,10%,crowding-pruned,repair+feasible-first,5,rand2,none,0.1,10,0.0769230769230769,5,0,0,rank,1,3.1,2
train,syn_n100_k10_cluster_corr_mixed_extreme_events_r03_s20260693,10,theta_175,0.9883122729071744,0.0112014336980549,0.9077777777777778,0.0222975403707488,1.3124646211212414,3.479891196666666,5.5,2.5,2.5,2.5,16.0,5.8,5,theta_175,DE/rand,fixed,5%,crowding-pruned,repair+feasible-first,5,rand2,paper,0.05,5,0.0769230769230769,5,0,0,rank,1,3.1,3
train,syn_n100_k10_cluster_corr_mixed_extreme_events_r03_s20260693,10,theta_189,0.9883122729071744,0.0112014336980549,0.9077777777777778,0.0222975403707488,1.3124646211212414,3.291408136666667,5.5,2.5,2.5,2.5,8.0,4.2,1,theta_189,DE/rand,adaptive,10%,crowding-pruned,repair+feasible-first,5,rand2,stable,0.1,20,0.0769230769230769,5,0,0,rank,1,3.1,4
train,syn_n100_k10_cluster_corr_mixed_extreme_events_r03_s20260693,10,theta_084,0.9890112962794354,0.0113372849167988,0.8947222222222223,0.0261586577715507,1.291939650137876,2.6579084400000004,2.0,6.0,7.0,6.0,4.0,5.0,2,theta_084,DE/rand,none,1%,crowding-pruned,repair+feasible-first,3,rand2,none,0.01,20,0.0769230769230769,5,0,0,rank,1,5.5,5
train,syn_n100_k10_cluster_corr_mixed_extreme_events_r03_s20260693,10,theta_086,0.9890112962794354,0.0113372849167988,0.8947222222222223,0.0261586577715507,1.291939650137876,2.67591254,2.0,6.0,7.0,6.0,5.0,5.2,3,theta_086,DE/rand,none,5%,crowding-pruned,repair+feasible-first,3,rand2,none,0.05,10,0.0769230769230769,5,0,0,rank,1,5.5,6
train,syn_n100_k10_cluster_corr_mixed_extreme_events_r03_s20260693,10,theta_089,0.9890112962794354,0.0113372849167988,0.8947222222222223,0.0261586577715507,1.291939650137876,3.889210246666667,2.0,6.0,7.0,6.0,20.0,8.2,8,theta_089,DE/rand,none,10%,crowding-pruned,repair+feasible-first,3,rand2,none,0.1,10,0.0769230769230769,5,0,0,rank,1,5.5,7
train,syn_n100_k10_cluster_corr_mixed_extreme_events_r03_s20260693,10,theta_011,0.9831415234435724,0.0171576188868129,0.9016666666666666,0.0348325685978623,1.2462282416929158,1.8727526533333332,8.0,8.0,5.0,8.0,1.0,6.0,6,theta_011,DE/rand,fixed,1%,crowding-pruned,repair+feasible-first,2,rand2,paper,0.01,10,0.0769230769230769,5,0,0,rank,1,7.1,8
