split,instance,K,method,run,PF_Size,Runtime,PF_Feasible_Rate,Population_Feasible_Rate,PF_Mean_Violation,PF_Max_Violation,Population_Mean_Violation,Population_Max_Violation,theta_id,N,maxFE,rng_policy,seed_policy,run_dir,HV,IGD,PF_Overlap,Diversity
test,syn_n100_k05_cluster_corr_skewed_high_vol_r01_s20260685,5,HandCrafted_ECMADE_MOO,1,100,2.7542881,1,1,3.019806626980426e-16,1.1102230246251563e-15,3.019806626980426e-16,1.1102230246251563e-15,,,,"rng(run,'mcg16807')",run index,p0_lite_outputs\synthetic_constrained_portfolio\test\syn_n100_k05_cluster_corr_skewed_high_vol_r01_s20260685\K_05\ECMADE_MOO\run_001,1.0297879649265542,0.024783875940048758,0.2916666666666667,1.1595581418070053
test,syn_n100_k05_cluster_corr_skewed_high_vol_r01_s20260685,5,HandCrafted_ECMADE_MOO,2,100,2.4801609,1,1,4.063416270128073e-16,1.1102230246251563e-15,4.063416270128073e-16,1.1102230246251563e-15,,,,"rng(run,'mcg16807')",run index,p0_lite_outputs\synthetic_constrained_portfolio\test\syn_n100_k05_cluster_corr_skewed_high_vol_r01_s20260685\K_05\ECMADE_MOO\run_002,1.051033752806942,0.007064725999857137,0.9916666666666667,1.124409903421702
test,syn_n100_k05_cluster_corr_skewed_high_vol_r01_s20260685,5,HandCrafted_ECMADE_MOO,3,100,3.0215544,1,1,4.285460875053104e-16,1.1102230246251563e-15,4.285460875053104e-16,1.1102230246251563e-15,,,,"rng(run,'mcg16807')",run index,p0_lite_outputs\synthetic_constrained_portfolio\test\syn_n100_k05_cluster_corr_skewed_high_vol_r01_s20260685\K_05\ECMADE_MOO\run_003,1.0292305101360018,0.025832075239289647,0.38333333333333336,1.1739224133163504
test,syn_n100_k05_cluster_corr_skewed_high_vol_r01_s20260685,5,HandCrafted_ECMADE_MOO,4,100,2.4723428,1,1,3.0975222387041873e-16,1.1102230246251563e-15,3.0975222387041873e-16,1.1102230246251563e-15,,,,"rng(run,'mcg16807')",run index,p0_lite_outputs\synthetic_constrained_portfolio\test\syn_n100_k05_cluster_corr_skewed_high_vol_r01_s20260685\K_05\ECMADE_MOO\run_004,1.0492762155920665,0.007434468124145136,0.9583333333333334,1.20467043279087
test,syn_n100_k05_cluster_corr_skewed_high_vol_r01_s20260685,5,HandCrafted_ECMADE_MOO,5,100,2.3196818,1,1,3.230749001659205e-16,1.9984014443252818e-15,3.230749001659205e-16,1.9984014443252818e-15,,,,"rng(run,'mcg16807')",run index,p0_lite_outputs\synthetic_constrained_portfolio\test\syn_n100_k05_cluster_corr_skewed_high_vol_r01_s20260685\K_05\ECMADE_MOO\run_005,1.0526373533347655,0.0061545025256689,0.9833333333333333,1.0954620995877333
test,syn_n100_k05_cluster_corr_skewed_high_vol_r01_s20260685,5,HandCrafted_ECMADE_MOO,6,100,2.1240558,1,1,4.207745263329343e-16,1.3322676295501878e-15,4.207745263329343e-16,1.3322676295501878e-15,,,,"rng(run,'mcg16807')",run index,p0_lite_outputs\synthetic_constrained_portfolio\test\syn_n100_k05_cluster_corr_skewed_high_vol_r01_s20260685\K_05\ECMADE_MOO\run_006,1.0514863706879465,0.007697534540751004,0.9416666666666667,1.193147435128391
test,syn_n100_k05_cluster_corr_skewed_high_vol_r01_s20260685,5,HandCrafted_ECMADE_MOO,7,100,2.8199575,1,1,3.8524738954492924e-16,1.2212453270876722e-15,3.8524738954492924e-16,1.2212453270876722e-15,,,,"rng(run,'mcg16807')",run index,p0_lite_outputs\synthetic_constrained_portfolio\test\syn_n100_k05_cluster_corr_skewed_high_vol_r01_s20260685\K_05\ECMADE_MOO\run_007,1.0359725829904416,0.0223968250000836,0.43333333333333335,1.2147654430127581
test,syn_n100_k05_cluster_corr_skewed_high_vol_r01_s20260685,5,HandCrafted_ECMADE_MOO,8,100,2.6785091,1,1,3.463895836830488e-16,1.5543122344752194e-15,3.463895836830488e-16,1.5543122344752194e-15,,,,"rng(run,'mcg16807')",run index,p0_lite_outputs\synthetic_constrained_portfolio\test\syn_n100_k05_cluster_corr_skewed_high_vol_r01_s20260685\K_05\ECMADE_MOO\run_008,1.0507554858031158,0.006321562184159037,0.9916666666666667,1.1620191933831843
test,syn_n100_k05_cluster_corr_skewed_high_vol_r01_s20260685,5,HandCrafted_ECMADE_MOO,9,100,2.5320665,1,1,2.886579864025407e-16,1.1102230246251563e-15,2.886579864025407e-16,1.1102230246251563e-15,,,,"rng(run,'mcg16807')",run index,p0_lite_outputs\synthetic_constrained_portfolio\test\syn_n100_k05_cluster_corr_skewed_high_vol_r01_s20260685\K_05\ECMADE_MOO\run_009,1.0551724139053724,0.006549112544283956,0.9833333333333333,1.1004416094178235
test,syn_n100_k05_cluster_corr_skewed_high_vol_r01_s20260685,5,HandCrafted_ECMADE_MOO,10,100,2.6096235,1,1,3.8191672047105375e-16,1.3322676295501878e-15,3.8191672047105375e-16,1.3322676295501878e-15,,,,"rng(run,'mcg16807')",run index,p0_lite_outputs\synthetic_constrained_portfolio\test\syn_n100_k05_cluster_corr_skewed_high_vol_r01_s20260685\K_05\ECMADE_MOO\run_010,1.0577162843102068,0.006030289047841028,0.9833333333333333,1.1313985305648444
test,syn_n100_k05_cluster_corr_skewed_high_vol_r01_s20260685,5,HandCrafted_ECMADE_MOO,11,100,2.8270165,1,1,2.9198865547641616e-16,1.3322676295501878e-15,2.9198865547641616e-16,1.3322676295501878e-15,,,,"rng(run,'mcg16807')",run index,p0_lite_outputs\synthetic_constrained_portfolio\test\syn_n100_k05_cluster_corr_skewed_high_vol_r01_s20260685\K_05\ECMADE_MOO\run_011,1.0571262478002168,0.004439957826960627,1.0,1.2185747105401172
test,syn_n100_k05_cluster_corr_skewed_high_vol_r01_s20260685,5,HandCrafted_ECMADE_MOO,12,100,2.3383096,1,1,4.3631764867768654e-16,1.9984014443252818e-15,4.3631764867768654e-16,1.9984014443252818e-15,,,,"rng(run,'mcg16807')",run index,p0_lite_outputs\synthetic_constrained_portfolio\test\syn_n100_k05_cluster_corr_skewed_high_vol_r01_s20260685\K_05\ECMADE_MOO\run_012,1.0522993249173256,0.006142550837367273,1.0,1.2110189629232815
test,syn_n100_k05_cluster_corr_skewed_high_vol_r01_s20260685,5,HandCrafted_ECMADE_MOO,13,100,3.1244079,1,1,2.708944180085382e-16,8.881784197001252e-16,2.708944180085382e-16,8.881784197001252e-16,,,,"rng(run,'mcg16807')",run index,p0_lite_outputs\synthetic_constrained_portfolio\test\syn_n100_k05_cluster_corr_skewed_high_vol_r01_s20260685\K_05\ECMADE_MOO\run_013,1.0271536277063997,0.02720688738078576,0.35833333333333334,1.1340837758450504
test,syn_n100_k05_cluster_corr_skewed_high_vol_r01_s20260685,5,HandCrafted_ECMADE_MOO,14,100,2.5961442,1,1,3.7303493627405263e-16,1.1102230246251563e-15,3.7303493627405263e-16,1.1102230246251563e-15,,,,"rng(run,'mcg16807')",run index,p0_lite_outputs\synthetic_constrained_portfolio\test\syn_n100_k05_cluster_corr_skewed_high_vol_r01_s20260685\K_05\ECMADE_MOO\run_014,1.0562766811107025,0.005896416250830119,0.9916666666666667,1.1848448624392707
test,syn_n100_k05_cluster_corr_skewed_high_vol_r01_s20260685,5,HandCrafted_ECMADE_MOO,15,100,2.5848088,1,1,3.4305891460917336e-16,1.3322676295501878e-15,3.4305891460917336e-16,1.3322676295501878e-15,,,,"rng(run,'mcg16807')",run index,p0_lite_outputs\synthetic_constrained_portfolio\test\syn_n100_k05_cluster_corr_skewed_high_vol_r01_s20260685\K_05\ECMADE_MOO\run_015,1.052750078875284,0.006711727967267463,0.9916666666666667,1.1313752872533562
test,syn_n100_k05_cluster_corr_skewed_high_vol_r01_s20260685,5,HandCrafted_ECMADE_MOO,16,100,2.1861957,1,1,3.663735981263016e-16,1.7763568394002505e-15,3.663735981263016e-16,1.7763568394002505e-15,,,,"rng(run,'mcg16807')",run index,p0_lite_outputs\synthetic_constrained_portfolio\test\syn_n100_k05_cluster_corr_skewed_high_vol_r01_s20260685\K_05\ECMADE_MOO\run_016,1.0549270410458904,0.006291917663243029,0.9583333333333334,1.1769511836307884
test,syn_n100_k05_cluster_corr_skewed_high_vol_r01_s20260685,5,HandCrafted_ECMADE_MOO,17,100,2.8047444,1,1,4.3520742565306136e-16,1.3322676295501878e-15,4.3520742565306136e-16,1.3322676295501878e-15,,,,"rng(run,'mcg16807')",run index,p0_lite_outputs\synthetic_constrained_portfolio\test\syn_n100_k05_cluster_corr_skewed_high_vol_r01_s20260685\K_05\ECMADE_MOO\run_017,1.0518788286026552,0.0067708530336995955,0.9916666666666667,1.2212554115398477
test,syn_n100_k05_cluster_corr_skewed_high_vol_r01_s20260685,5,HandCrafted_ECMADE_MOO,18,100,2.7957998,1,1,3.463895836830488e-16,1.5543122344752194e-15,3.463895836830488e-16,1.5543122344752194e-15,,,,"rng(run,'mcg16807')",run index,p0_lite_outputs\synthetic_constrained_portfolio\test\syn_n100_k05_cluster_corr_skewed_high_vol_r01_s20260685\K_05\ECMADE_MOO\run_018,1.0488193280674198,0.006321243965524163,1.0,1.1849576790552696
test,syn_n100_k05_cluster_corr_skewed_high_vol_r01_s20260685,5,HandCrafted_ECMADE_MOO,19,100,2.5322541,1,1,3.05311331771918e-16,1.5543122344752194e-15,3.05311331771918e-16,1.5543122344752194e-15,,,,"rng(run,'mcg16807')",run index,p0_lite_outputs\synthetic_constrained_portfolio\test\syn_n100_k05_cluster_corr_skewed_high_vol_r01_s20260685\K_05\ECMADE_MOO\run_019,1.051897986292975,0.006011319744532162,0.9916666666666667,1.1244105168300083
test,syn_n100_k05_cluster_corr_skewed_high_vol_r01_s20260685,5,HandCrafted_ECMADE_MOO,20,100,2.8735354,1,1,3.708144902248023e-16,1.7763568394002505e-15,3.708144902248023e-16,1.7763568394002505e-15,,,,"rng(run,'mcg16807')",run index,p0_lite_outputs\synthetic_constrained_portfolio\test\syn_n100_k05_cluster_corr_skewed_high_vol_r01_s20260685\K_05\ECMADE_MOO\run_020,1.0422564864680077,0.010557585262128862,0.8166666666666667,1.1272442324746328
test,syn_n100_k05_cluster_corr_skewed_high_vol_r01_s20260685,5,HandCrafted_ECMADE_MOO,21,100,2.3480888,1,1,3.652633751016765e-16,1.5543122344752194e-15,3.652633751016765e-16,1.5543122344752194e-15,,,,"rng(run,'mcg16807')",run index,p0_lite_outputs\synthetic_constrained_portfolio\test\syn_n100_k05_cluster_corr_skewed_high_vol_r01_s20260685\K_05\ECMADE_MOO\run_021,1.0317230258584598,0.025805890801886177,0.35833333333333334,1.1924809669437266
test,syn_n100_k05_cluster_corr_skewed_high_vol_r01_s20260685,5,HandCrafted_ECMADE_MOO,22,100,2.1104273,1,1,3.708144902248023e-16,1.3322676295501878e-15,3.708144902248023e-16,1.3322676295501878e-15,,,,"rng(run,'mcg16807')",run index,p0_lite_outputs\synthetic_constrained_portfolio\test\syn_n100_k05_cluster_corr_skewed_high_vol_r01_s20260685\K_05\ECMADE_MOO\run_022,1.0570916937493167,0.007981154117126583,0.9333333333333333,1.135139370744497
test,syn_n100_k05_cluster_corr_skewed_high_vol_r01_s20260685,5,HandCrafted_ECMADE_MOO,23,100,2.7636678,1,1,2.864375403532904e-16,1.1102230246251563e-15,2.864375403532904e-16,1.1102230246251563e-15,,,,"rng(run,'mcg16807')",run index,p0_lite_outputs\synthetic_constrained_portfolio\test\syn_n100_k05_cluster_corr_skewed_high_vol_r01_s20260685\K_05\ECMADE_MOO\run_023,1.051926545882961,0.006875009193203757,0.9916666666666667,1.1520467902636933
test,syn_n100_k05_cluster_corr_skewed_high_vol_r01_s20260685,5,HandCrafted_ECMADE_MOO,24,100,2.2130453,1,1,2.9753977059954197e-16,1.9984014443252818e-15,2.9753977059954197e-16,1.9984014443252818e-15,,,,"rng(run,'mcg16807')",run index,p0_lite_outputs\synthetic_constrained_portfolio\test\syn_n100_k05_cluster_corr_skewed_high_vol_r01_s20260685\K_05\ECMADE_MOO\run_024,1.055539694173304,0.005910877749857181,0.9833333333333333,1.0891153492048578
test,syn_n100_k05_cluster_corr_skewed_high_vol_r01_s20260685,5,HandCrafted_ECMADE_MOO,25,100,2.2263104,1,1,3.3861802251067273e-16,1.1102230246251563e-15,3.3861802251067273e-16,1.1102230246251563e-15,,,,"rng(run,'mcg16807')",run index,p0_lite_outputs\synthetic_constrained_portfolio\test\syn_n100_k05_cluster_corr_skewed_high_vol_r01_s20260685\K_05\ECMADE_MOO\run_025,1.0501031454569236,0.007268394189539614,0.95,1.2494419685974543
test,syn_n100_k05_cluster_corr_skewed_high_vol_r01_s20260685,5,HandCrafted_ECMADE_MOO,26,100,2.4741139,1,1,3.641531520770513e-16,1.3322676295501878e-15,3.641531520770513e-16,1.3322676295501878e-15,,,,"rng(run,'mcg16807')",run index,p0_lite_outputs\synthetic_constrained_portfolio\test\syn_n100_k05_cluster_corr_skewed_high_vol_r01_s20260685\K_05\ECMADE_MOO\run_026,1.0563935286668498,0.005464871301212691,0.9916666666666667,1.1215345979828908
test,syn_n100_k05_cluster_corr_skewed_high_vol_r01_s20260685,5,HandCrafted_ECMADE_MOO,27,100,2.7333001,1,1,3.275157922644212e-16,1.1102230246251563e-15,3.275157922644212e-16,1.1102230246251563e-15,,,,"rng(run,'mcg16807')",run index,p0_lite_outputs\synthetic_constrained_portfolio\test\syn_n100_k05_cluster_corr_skewed_high_vol_r01_s20260685\K_05\ECMADE_MOO\run_027,1.0516207067630157,0.00681057364674799,1.0,1.222633050902581
test,syn_n100_k05_cluster_corr_skewed_high_vol_r01_s20260685,5,HandCrafted_ECMADE_MOO,28,100,2.4778771,1,1,3.8302694349567903e-16,1.1102230246251563e-15,3.8302694349567903e-16,1.1102230246251563e-15,,,,"rng(run,'mcg16807')",run index,p0_lite_outputs\synthetic_constrained_portfolio\test\syn_n100_k05_cluster_corr_skewed_high_vol_r01_s20260685\K_05\ECMADE_MOO\run_028,1.0504886193956857,0.00636478144929829,0.9916666666666667,1.2302010398684162
test,syn_n100_k05_cluster_corr_skewed_high_vol_r01_s20260685,5,HandCrafted_ECMADE_MOO,29,100,2.370815,1,1,3.752553823233029e-16,1.1102230246251563e-15,3.752553823233029e-16,1.1102230246251563e-15,,,,"rng(run,'mcg16807')",run index,p0_lite_outputs\synthetic_constrained_portfolio\test\syn_n100_k05_cluster_corr_skewed_high_vol_r01_s20260685\K_05\ECMADE_MOO\run_029,1.030278212470406,0.09759602199578317,0.375,0.925019145450762
test,syn_n100_k05_cluster_corr_skewed_high_vol_r01_s20260685,5,HandCrafted_ECMADE_MOO,30,100,2.5096202,1,1,3.47499806707674e-16,1.1102230246251563e-15,3.47499806707674e-16,1.1102230246251563e-15,,,,"rng(run,'mcg16807')",run index,p0_lite_outputs\synthetic_constrained_portfolio\test\syn_n100_k05_cluster_corr_skewed_high_vol_r01_s20260685\K_05\ECMADE_MOO\run_030,1.0370844484281891,0.010281864564716236,0.85,1.2317350936645697
test,syn_n100_k05_low_corr_skewed_extreme_events_r02_s20260686,5,HandCrafted_ECMADE_MOO,1,100,2.7676916,1,1,3.8302694349567903e-16,1.1102230246251563e-15,3.8302694349567903e-16,1.1102230246251563e-15,,,,"rng(run,'mcg16807')",run index,p0_lite_outputs\synthetic_constrained_portfolio\test\syn_n100_k05_low_corr_skewed_extreme_events_r02_s20260686\K_05\ECMADE_MOO\run_001,1.015267510333889,0.006776980424790615,0.975,1.269526625027462
test,syn_n100_k05_low_corr_skewed_extreme_events_r02_s20260686,5,HandCrafted_ECMADE_MOO,2,100,2.9949525,1,1,3.030908857226677e-16,1.1102230246251563e-15,3.030908857226677e-16,1.1102230246251563e-15,,,,"rng(run,'mcg16807')",run index,p0_lite_outputs\synthetic_constrained_portfolio\test\syn_n100_k05_low_corr_skewed_extreme_events_r02_s20260686\K_05\ECMADE_MOO\run_002,1.0179812745337276,0.005850332830937823,1.0,1.3227058935410543
test,syn_n100_k05_low_corr_skewed_extreme_events_r02_s20260686,5,HandCrafted_ECMADE_MOO,3,100,2.6644932,1,1,3.741451592986777e-16,1.3322676295501878e-15,3.741451592986777e-16,1.3322676295501878e-15,,,,"rng(run,'mcg16807')",run index,p0_lite_outputs\synthetic_constrained_portfolio\test\syn_n100_k05_low_corr_skewed_extreme_events_r02_s20260686\K_05\ECMADE_MOO\run_003,1.0169181126812616,0.00578389843304117,0.9916666666666667,1.3317063734556704
test,syn_n100_k05_low_corr_skewed_extreme_events_r02_s20260686,5,HandCrafted_ECMADE_MOO,4,100,2.2111684,1,1,3.796962744218035e-16,1.1102230246251563e-15,3.796962744218035e-16,1.1102230246251563e-15,,,,"rng(run,'mcg16807')",run index,p0_lite_outputs\synthetic_constrained_portfolio\test\syn_n100_k05_low_corr_skewed_extreme_events_r02_s20260686\K_05\ECMADE_MOO\run_004,1.014935059845126,0.005637785989675298,0.9916666666666667,1.3673926288419795
test,syn_n100_k05_low_corr_skewed_extreme_events_r02_s20260686,5,HandCrafted_ECMADE_MOO,5,100,2.7821305,1,1,2.864375403532904e-16,1.3322676295501878e-15,2.864375403532904e-16,1.3322676295501878e-15,,,,"rng(run,'mcg16807')",run index,p0_lite_outputs\synthetic_constrained_portfolio\test\syn_n100_k05_low_corr_skewed_extreme_events_r02_s20260686\K_05\ECMADE_MOO\run_005,1.0171388272439126,0.005626556977395827,0.9916666666666667,1.307555972460788
test,syn_n100_k05_low_corr_skewed_extreme_events_r02_s20260686,5,HandCrafted_ECMADE_MOO,6,100,2.9436643,1,1,3.241851231905457e-16,1.1102230246251563e-15,3.241851231905457e-16,1.1102230246251563e-15,,,,"rng(run,'mcg16807')",run index,p0_lite_outputs\synthetic_constrained_portfolio\test\syn_n100_k05_low_corr_skewed_extreme_events_r02_s20260686\K_05\ECMADE_MOO\run_006,1.0129247615958765,0.006491441009086587,0.9916666666666667,1.3241106261256488
test,syn_n100_k05_low_corr_skewed_extreme_events_r02_s20260686,5,HandCrafted_ECMADE_MOO,7,100,2.7754358,1,1,3.419486915845482e-16,1.9984014443252818e-15,3.419486915845482e-16,1.9984014443252818e-15,,,,"rng(run,'mcg16807')",run index,p0_lite_outputs\synthetic_constrained_portfolio\test\syn_n100_k05_low_corr_skewed_extreme_events_r02_s20260686\K_05\ECMADE_MOO\run_007,1.0190995883207516,0.005590202214692632,0.9916666666666667,1.3129897749154125
test,syn_n100_k05_low_corr_skewed_extreme_events_r02_s20260686,5,HandCrafted_ECMADE_MOO,8,100,2.7512754,1,1,3.663735981263016e-16,1.5543122344752194e-15,3.663735981263016e-16,1.5543122344752194e-15,,,,"rng(run,'mcg16807')",run index,p0_lite_outputs\synthetic_constrained_portfolio\test\syn_n100_k05_low_corr_skewed_extreme_events_r02_s20260686\K_05\ECMADE_MOO\run_008,0.9979947863602271,0.017627756325191056,0.5916666666666667,1.2968707211811221
test,syn_n100_k05_low_corr_skewed_extreme_events_r02_s20260686,5,HandCrafted_ECMADE_MOO,9,100,3.0781334,1,1,3.1863400806741994e-16,1.1102230246251563e-15,3.1863400806741994e-16,1.1102230246251563e-15,,,,"rng(run,'mcg16807')",run index,p0_lite_outputs\synthetic_constrained_portfolio\test\syn_n100_k05_low_corr_skewed_extreme_events_r02_s20260686\K_05\ECMADE_MOO\run_009,0.9990531689626736,0.016765083405459052,0.6083333333333333,1.2951495074855086
test,syn_n100_k05_low_corr_skewed_extreme_events_r02_s20260686,5,HandCrafted_ECMADE_MOO,10,100,2.9002009,1,1,3.674838211509268e-16,1.3322676295501878e-15,3.674838211509268e-16,1.3322676295501878e-15,,,,"rng(run,'mcg16807')",run index,p0_lite_outputs\synthetic_constrained_portfolio\test\syn_n100_k05_low_corr_skewed_extreme_events_r02_s20260686\K_05\ECMADE_MOO\run_010,1.0041165198188937,0.009490066656353114,0.85,1.32139315363248
test,syn_n100_k05_low_corr_skewed_extreme_events_r02_s20260686,5,HandCrafted_ECMADE_MOO,11,100,2.6669806,1,1,3.896882816434299e-16,1.2212453270876722e-15,3.896882816434299e-16,1.2212453270876722e-15,,,,"rng(run,'mcg16807')",run index,p0_lite_outputs\synthetic_constrained_portfolio\test\syn_n100_k05_low_corr_skewed_extreme_events_r02_s20260686\K_05\ECMADE_MOO\run_011,0.9992039673523766,0.017708988483712718,0.55,1.3040986046011165
test,syn_n100_k05_low_corr_skewed_extreme_events_r02_s20260686,5,HandCrafted_ECMADE_MOO,12,100,2.883118,1,1,3.4083846855992304e-16,1.1102230246251563e-15,3.4083846855992304e-16,1.1102230246251563e-15,,,,"rng(run,'mcg16807')",run index,p0_lite_outputs\synthetic_constrained_portfolio\test\syn_n100_k05_low_corr_skewed_extreme_events_r02_s20260686\K_05\ECMADE_MOO\run_012,0.9984568400698154,0.01686670240338239,0.5916666666666667,1.3005152440949141
test,syn_n100_k05_low_corr_skewed_extreme_events_r02_s20260686,5,HandCrafted_ECMADE_MOO,13,100,2.7507226,1,1,4.085620730620576e-16,1.887379141862766e-15,4.085620730620576e-16,1.887379141862766e-15,,,,"rng(run,'mcg16807')",run index,p0_lite_outputs\synthetic_constrained_portfolio\test\syn_n100_k05_low_corr_skewed_extreme_events_r02_s20260686\K_05\ECMADE_MOO\run_013,1.0114117544406562,0.006871220737742719,0.9416666666666667,1.3485776981465776
test,syn_n100_k05_low_corr_skewed_extreme_events_r02_s20260686,5,HandCrafted_ECMADE_MOO,14,100,2.3663777,1,1,3.652633751016765e-16,1.3322676295501878e-15,3.652633751016765e-16,1.3322676295501878e-15,,,,"rng(run,'mcg16807')",run index,p0_lite_outputs\synthetic_constrained_portfolio\test\syn_n100_k05_low_corr_skewed_extreme_events_r02_s20260686\K_05\ECMADE_MOO\run_014,1.016855388691665,0.005864751001968499,1.0,1.3319481033465952
test,syn_n100_k05_low_corr_skewed_extreme_events_r02_s20260686,5,HandCrafted_ECMADE_MOO,15,100,2.8292697,1,1,4.1744385725905884e-16,1.3322676295501878e-15,4.1744385725905884e-16,1.3322676295501878e-15,,,,"rng(run,'mcg16807')",run index,p0_lite_outputs\synthetic_constrained_portfolio\test\syn_n100_k05_low_corr_skewed_extreme_events_r02_s20260686\K_05\ECMADE_MOO\run_015,1.0132336749501876,0.006766812493502179,0.9916666666666667,1.2921283929753031
test,syn_n100_k05_low_corr_skewed_extreme_events_r02_s20260686,5,HandCrafted_ECMADE_MOO,16,100,2.6456635,1,1,4.0745185003743244e-16,1.1102230246251563e-15,4.0745185003743244e-16,1.1102230246251563e-15,,,,"rng(run,'mcg16807')",run index,p0_lite_outputs\synthetic_constrained_portfolio\test\syn_n100_k05_low_corr_skewed_extreme_events_r02_s20260686\K_05\ECMADE_MOO\run_016,1.0209339605395946,0.005173420770478593,0.9916666666666667,1.3251082068031206
test,syn_n100_k05_low_corr_skewed_extreme_events_r02_s20260686,5,HandCrafted_ECMADE_MOO,17,100,2.9317985,1,1,3.719247132494274e-16,1.1102230246251563e-15,3.719247132494274e-16,1.1102230246251563e-15,,,,"rng(run,'mcg16807')",run index,p0_lite_outputs\synthetic_constrained_portfolio\test\syn_n100_k05_low_corr_skewed_extreme_events_r02_s20260686\K_05\ECMADE_MOO\run_017,1.0178428822436785,0.010035025500668452,0.9,1.3298657468583472
test,syn_n100_k05_low_corr_skewed_extreme_events_r02_s20260686,5,HandCrafted_ECMADE_MOO,18,100,3.1680139,1,1,3.11972669919669e-16,1.1102230246251563e-15,3.11972669919669e-16,1.1102230246251563e-15,,,,"rng(run,'mcg16807')",run index,p0_lite_outputs\synthetic_constrained_portfolio\test\syn_n100_k05_low_corr_skewed_extreme_events_r02_s20260686\K_05\ECMADE_MOO\run_018,1.0044704037108865,0.015742475446434073,0.6333333333333333,1.3030393304474555
test,syn_n100_k05_low_corr_skewed_extreme_events_r02_s20260686,5,HandCrafted_ECMADE_MOO,19,100,2.3202996,1,1,4.1744385725905884e-16,1.1102230246251563e-15,4.1744385725905884e-16,1.1102230246251563e-15,,,,"rng(run,'mcg16807')",run index,p0_lite_outputs\synthetic_constrained_portfolio\test\syn_n100_k05_low_corr_skewed_extreme_events_r02_s20260686\K_05\ECMADE_MOO\run_019,0.7505515425237402,0.25113106489480413,0.025,1.0998973557200413
test,syn_n100_k05_low_corr_skewed_extreme_events_r02_s20260686,5,HandCrafted_ECMADE_MOO,20,100,2.5605768,1,1,4.085620730620576e-16,1.3322676295501878e-15,4.085620730620576e-16,1.3322676295501878e-15,,,,"rng(run,'mcg16807')",run index,p0_lite_outputs\synthetic_constrained_portfolio\test\syn_n100_k05_low_corr_skewed_extreme_events_r02_s20260686\K_05\ECMADE_MOO\run_020,1.0160510552985251,0.006122190283328388,1.0,1.3428580408866106
test,syn_n100_k05_low_corr_skewed_extreme_events_r02_s20260686,5,HandCrafted_ECMADE_MOO,21,100,2.4228044,1,1,3.652633751016765e-16,1.1102230246251563e-15,3.652633751016765e-16,1.1102230246251563e-15,,,,"rng(run,'mcg16807')",run index,p0_lite_outputs\synthetic_constrained_portfolio\test\syn_n100_k05_low_corr_skewed_extreme_events_r02_s20260686\K_05\ECMADE_MOO\run_021,1.021232986977634,0.005238901892138233,1.0,1.306737787416533
test,syn_n100_k05_low_corr_skewed_extreme_events_r02_s20260686,5,HandCrafted_ECMADE_MOO,22,100,2.8638123,1,1,4.3520742565306136e-16,1.5543122344752194e-15,4.3520742565306136e-16,1.5543122344752194e-15,,,,"rng(run,'mcg16807')",run index,p0_lite_outputs\synthetic_constrained_portfolio\test\syn_n100_k05_low_corr_skewed_extreme_events_r02_s20260686\K_05\ECMADE_MOO\run_022,1.0143293784816287,0.015932728122137245,0.7666666666666667,1.2320649980677745
test,syn_n100_k05_low_corr_skewed_extreme_events_r02_s20260686,5,HandCrafted_ECMADE_MOO,23,100,2.6346734,1,1,3.275157922644212e-16,1.2212453270876722e-15,3.275157922644212e-16,1.2212453270876722e-15,,,,"rng(run,'mcg16807')",run index,p0_lite_outputs\synthetic_constrained_portfolio\test\syn_n100_k05_low_corr_skewed_extreme_events_r02_s20260686\K_05\ECMADE_MOO\run_023,1.01572174353006,0.006387930238530698,1.0,1.32298363856524
test,syn_n100_k05_low_corr_skewed_extreme_events_r02_s20260686,5,HandCrafted_ECMADE_MOO,24,100,2.3234708,1,1,3.630429290524262e-16,1.9984014443252818e-15,3.630429290524262e-16,1.9984014443252818e-15,,,,"rng(run,'mcg16807')",run index,p0_lite_outputs\synthetic_constrained_portfolio\test\syn_n100_k05_low_corr_skewed_extreme_events_r02_s20260686\K_05\ECMADE_MOO\run_024,0.9901851744599711,0.018631569725591643,0.5083333333333333,1.4059996226538207
test,syn_n100_k05_low_corr_skewed_extreme_events_r02_s20260686,5,HandCrafted_ECMADE_MOO,25,100,2.763571,1,1,4.229949723821847e-16,1.3322676295501878e-15,4.229949723821847e-16,1.3322676295501878e-15,,,,"rng(run,'mcg16807')",run index,p0_lite_outputs\synthetic_constrained_portfolio\test\syn_n100_k05_low_corr_skewed_extreme_events_r02_s20260686\K_05\ECMADE_MOO\run_025,0.9955343962095666,0.017726821474228653,0.55,1.2887506155263657
test,syn_n100_k05_low_corr_skewed_extreme_events_r02_s20260686,5,HandCrafted_ECMADE_MOO,26,100,2.4743214,1,1,3.9190872769268014e-16,1.7763568394002505e-15,3.9190872769268014e-16,1.7763568394002505e-15,,,,"rng(run,'mcg16807')",run index,p0_lite_outputs\synthetic_constrained_portfolio\test\syn_n100_k05_low_corr_skewed_extreme_events_r02_s20260686\K_05\ECMADE_MOO\run_026,1.0114556108045474,0.0072543250370141225,0.9583333333333334,1.3252759074610434
test,syn_n100_k05_low_corr_skewed_extreme_events_r02_s20260686,5,HandCrafted_ECMADE_MOO,27,100,3.0333485,1,1,3.0642155479654323e-16,1.1102230246251563e-15,3.0642155479654323e-16,1.1102230246251563e-15,,,,"rng(run,'mcg16807')",run index,p0_lite_outputs\synthetic_constrained_portfolio\test\syn_n100_k05_low_corr_skewed_extreme_events_r02_s20260686\K_05\ECMADE_MOO\run_027,1.0134250772332687,0.006922630643679591,0.95,1.287573765709293
test,syn_n100_k05_low_corr_skewed_extreme_events_r02_s20260686,5,HandCrafted_ECMADE_MOO,28,100,2.7226836,1,1,3.1974423109204507e-16,1.5543122344752194e-15,3.1974423109204507e-16,1.5543122344752194e-15,,,,"rng(run,'mcg16807')",run index,p0_lite_outputs\synthetic_constrained_portfolio\test\syn_n100_k05_low_corr_skewed_extreme_events_r02_s20260686\K_05\ECMADE_MOO\run_028,1.0142273535176674,0.006980620643462882,0.95,1.3012516676764623
test,syn_n100_k05_low_corr_skewed_extreme_events_r02_s20260686,5,HandCrafted_ECMADE_MOO,29,100,2.3505067,1,1,3.8524738954492924e-16,1.3322676295501878e-15,3.8524738954492924e-16,1.3322676295501878e-15,,,,"rng(run,'mcg16807')",run index,p0_lite_outputs\synthetic_constrained_portfolio\test\syn_n100_k05_low_corr_skewed_extreme_events_r02_s20260686\K_05\ECMADE_MOO\run_029,1.01327892679615,0.006472260911950752,0.9916666666666667,1.3734571394597759
test,syn_n100_k05_low_corr_skewed_extreme_events_r02_s20260686,5,HandCrafted_ECMADE_MOO,30,100,2.8994476,1,1,3.1308289294429413e-16,1.1102230246251563e-15,3.1308289294429413e-16,1.1102230246251563e-15,,,,"rng(run,'mcg16807')",run index,p0_lite_outputs\synthetic_constrained_portfolio\test\syn_n100_k05_low_corr_skewed_extreme_events_r02_s20260686\K_05\ECMADE_MOO\run_030,1.0090378732609475,0.008654610221659146,0.925,1.3672244148042303
test,syn_n100_k10_cluster_corr_skewed_high_vol_r01_s20260697,10,HandCrafted_ECMADE_MOO,1,100,1.9839694,1,1,3.61932706027801e-16,1.3322676295501878e-15,3.61932706027801e-16,1.3322676295501878e-15,,,,"rng(run,'mcg16807')",run index,p0_lite_outputs\synthetic_constrained_portfolio\test\syn_n100_k10_cluster_corr_skewed_high_vol_r01_s20260697\K_10\ECMADE_MOO\run_001,1.115844886991514,0.010200072971403525,0.9916666666666667,0.9097864286801853
test,syn_n100_k10_cluster_corr_skewed_high_vol_r01_s20260697,10,HandCrafted_ECMADE_MOO,2,100,1.8889528,1,1,4.3298697960381104e-16,1.3322676295501878e-15,4.3298697960381104e-16,1.3322676295501878e-15,,,,"rng(run,'mcg16807')",run index,p0_lite_outputs\synthetic_constrained_portfolio\test\syn_n100_k10_cluster_corr_skewed_high_vol_r01_s20260697\K_10\ECMADE_MOO\run_002,1.1009385866937123,0.009754305661063405,0.9416666666666667,0.9076689700193618
test,syn_n100_k10_cluster_corr_skewed_high_vol_r01_s20260697,10,HandCrafted_ECMADE_MOO,3,100,1.9749172,1,1,3.8524738954492924e-16,1.3322676295501878e-15,3.8524738954492924e-16,1.3322676295501878e-15,,,,"rng(run,'mcg16807')",run index,p0_lite_outputs\synthetic_constrained_portfolio\test\syn_n100_k10_cluster_corr_skewed_high_vol_r01_s20260697\K_10\ECMADE_MOO\run_003,1.12077124988921,0.007524003188590411,0.9833333333333333,0.8480983920656643
test,syn_n100_k10_cluster_corr_skewed_high_vol_r01_s20260697,10,HandCrafted_ECMADE_MOO,4,100,1.7165008,1,1,5.206945985491986e-16,2.220446049250313e-15,5.206945985491986e-16,2.220446049250313e-15,,,,"rng(run,'mcg16807')",run index,p0_lite_outputs\synthetic_constrained_portfolio\test\syn_n100_k10_cluster_corr_skewed_high_vol_r01_s20260697\K_10\ECMADE_MOO\run_004,1.0464559310306558,0.037766373551652334,0.55,1.002744940828037
test,syn_n100_k10_cluster_corr_skewed_high_vol_r01_s20260697,10,HandCrafted_ECMADE_MOO,5,100,1.9333467,1,1,3.9968028886505636e-16,1.3322676295501878e-15,3.9968028886505636e-16,1.3322676295501878e-15,,,,"rng(run,'mcg16807')",run index,p0_lite_outputs\synthetic_constrained_portfolio\test\syn_n100_k10_cluster_corr_skewed_high_vol_r01_s20260697\K_10\ECMADE_MOO\run_005,1.0867449649500658,0.0227003160396355,0.35833333333333334,1.0531229719868895
test,syn_n100_k10_cluster_corr_skewed_high_vol_r01_s20260697,10,HandCrafted_ECMADE_MOO,6,100,1.7134424,1,1,4.54081217071689e-16,1.5543122344752194e-15,4.54081217071689e-16,1.5543122344752194e-15,,,,"rng(run,'mcg16807')",run index,p0_lite_outputs\synthetic_constrained_portfolio\test\syn_n100_k10_cluster_corr_skewed_high_vol_r01_s20260697\K_10\ECMADE_MOO\run_006,1.0822387914378715,0.017924951295391057,0.825,0.7228131748852786
test,syn_n100_k10_cluster_corr_skewed_high_vol_r01_s20260697,10,HandCrafted_ECMADE_MOO,7,100,2.4778126,1,1,3.9634961979118087e-16,1.2212453270876722e-15,3.9634961979118087e-16,1.2212453270876722e-15,,,,"rng(run,'mcg16807')",run index,p0_lite_outputs\synthetic_constrained_portfolio\test\syn_n100_k10_cluster_corr_skewed_high_vol_r01_s20260697\K_10\ECMADE_MOO\run_007,1.1182410071013165,0.006198537156574604,0.975,0.8574141338447461
test,syn_n100_k10_cluster_corr_skewed_high_vol_r01_s20260697,10,HandCrafted_ECMADE_MOO,8,100,1.8712132,1,1,4.785061236134424e-16,1.5543122344752194e-15,4.785061236134424e-16,1.5543122344752194e-15,,,,"rng(run,'mcg16807')",run index,p0_lite_outputs\synthetic_constrained_portfolio\test\syn_n100_k10_cluster_corr_skewed_high_vol_r01_s20260697\K_10\ECMADE_MOO\run_008,1.11710653441783,0.006495982331420528,0.9916666666666667,0.876239123021299
test,syn_n100_k10_cluster_corr_skewed_high_vol_r01_s20260697,10,HandCrafted_ECMADE_MOO,9,100,1.9954963,1,1,4.252154184314349e-16,2.220446049250313e-15,4.252154184314349e-16,2.220446049250313e-15,,,,"rng(run,'mcg16807')",run index,p0_lite_outputs\synthetic_constrained_portfolio\test\syn_n100_k10_cluster_corr_skewed_high_vol_r01_s20260697\K_10\ECMADE_MOO\run_009,1.1179913722205226,0.006026176738148648,0.975,0.8490935726849769
test,syn_n100_k10_cluster_corr_skewed_high_vol_r01_s20260697,10,HandCrafted_ECMADE_MOO,10,100,2.0315557,1,1,4.507505479978135e-16,1.3322676295501878e-15,4.507505479978135e-16,1.3322676295501878e-15,,,,"rng(run,'mcg16807')",run index,p0_lite_outputs\synthetic_constrained_portfolio\test\syn_n100_k10_cluster_corr_skewed_high_vol_r01_s20260697\K_10\ECMADE_MOO\run_010,1.1129981628053822,0.012958212971385918,0.9416666666666667,1.049353861277035
test,syn_n100_k10_cluster_corr_skewed_high_vol_r01_s20260697,10,HandCrafted_ECMADE_MOO,11,100,1.8238914,1,1,4.496403249731884e-16,1.6653345369377348e-15,4.496403249731884e-16,1.6653345369377348e-15,,,,"rng(run,'mcg16807')",run index,p0_lite_outputs\synthetic_constrained_portfolio\test\syn_n100_k10_cluster_corr_skewed_high_vol_r01_s20260697\K_10\ECMADE_MOO\run_011,1.080869154926478,0.017138275519123333,0.85,0.7535154865397563
test,syn_n100_k10_cluster_corr_skewed_high_vol_r01_s20260697,10,HandCrafted_ECMADE_MOO,12,100,2.0419119,1,1,3.896882816434299e-16,1.5543122344752194e-15,3.896882816434299e-16,1.5543122344752194e-15,,,,"rng(run,'mcg16807')",run index,p0_lite_outputs\synthetic_constrained_portfolio\test\syn_n100_k10_cluster_corr_skewed_high_vol_r01_s20260697\K_10\ECMADE_MOO\run_012,1.106494772501487,0.009178924318163497,0.95,0.9051947750518476
test,syn_n100_k10_cluster_corr_skewed_high_vol_r01_s20260697,10,HandCrafted_ECMADE_MOO,13,100,1.8613833,1,1,4.063416270128073e-16,1.3322676295501878e-15,4.063416270128073e-16,1.3322676295501878e-15,,,,"rng(run,'mcg16807')",run index,p0_lite_outputs\synthetic_constrained_portfolio\test\syn_n100_k10_cluster_corr_skewed_high_vol_r01_s20260697\K_10\ECMADE_MOO\run_013,1.1084174048902031,0.009512737142914325,0.9583333333333334,0.9463822593331948
test,syn_n100_k10_cluster_corr_skewed_high_vol_r01_s20260697,10,HandCrafted_ECMADE_MOO,14,100,2.0465317,1,1,4.285460875053104e-16,1.5543122344752194e-15,4.285460875053104e-16,1.5543122344752194e-15,,,,"rng(run,'mcg16807')",run index,p0_lite_outputs\synthetic_constrained_portfolio\test\syn_n100_k10_cluster_corr_skewed_high_vol_r01_s20260697\K_10\ECMADE_MOO\run_014,1.1126008650881072,0.01428255981907105,0.9666666666666667,0.9626582879423383
test,syn_n100_k10_cluster_corr_skewed_high_vol_r01_s20260697,10,HandCrafted_ECMADE_MOO,15,100,2.1960769,1,1,3.8746783559417966e-16,1.7763568394002505e-15,3.8746783559417966e-16,1.7763568394002505e-15,,,,"rng(run,'mcg16807')",run index,p0_lite_outputs\synthetic_constrained_portfolio\test\syn_n100_k10_cluster_corr_skewed_high_vol_r01_s20260697\K_10\ECMADE_MOO\run_015,1.099272926429527,0.010716256616654795,0.9166666666666666,0.885684553752985
test,syn_n100_k10_cluster_corr_skewed_high_vol_r01_s20260697,10,HandCrafted_ECMADE_MOO,16,100,1.6620662,1,1,4.496403249731884e-16,1.7763568394002505e-15,4.496403249731884e-16,1.7763568394002505e-15,,,,"rng(run,'mcg16807')",run index,p0_lite_outputs\synthetic_constrained_portfolio\test\syn_n100_k10_cluster_corr_skewed_high_vol_r01_s20260697\K_10\ECMADE_MOO\run_016,1.114227914249447,0.011311930574604659,0.9916666666666667,1.0569395495040168
test,syn_n100_k10_cluster_corr_skewed_high_vol_r01_s20260697,10,HandCrafted_ECMADE_MOO,17,100,1.8955142,1,1,4.585221091701896e-16,1.5543122344752194e-15,4.585221091701896e-16,1.5543122344752194e-15,,,,"rng(run,'mcg16807')",run index,p0_lite_outputs\synthetic_constrained_portfolio\test\syn_n100_k10_cluster_corr_skewed_high_vol_r01_s20260697\K_10\ECMADE_MOO\run_017,1.0948691509844206,0.011562870525440154,0.875,0.7851855459134377
test,syn_n100_k10_cluster_corr_skewed_high_vol_r01_s20260697,10,HandCrafted_ECMADE_MOO,18,100,1.8808345,1,1,4.340972026284362e-16,1.7763568394002505e-15,4.340972026284362e-16,1.7763568394002505e-15,,,,"rng(run,'mcg16807')",run index,p0_lite_outputs\synthetic_constrained_portfolio\test\syn_n100_k10_cluster_corr_skewed_high_vol_r01_s20260697\K_10\ECMADE_MOO\run_018,1.1164292014028994,0.009370204732639874,0.9916666666666667,0.8831931454423085
test,syn_n100_k10_cluster_corr_skewed_high_vol_r01_s20260697,10,HandCrafted_ECMADE_MOO,19,100,1.8987409,1,1,3.9634961979118087e-16,1.3322676295501878e-15,3.9634961979118087e-16,1.3322676295501878e-15,,,,"rng(run,'mcg16807')",run index,p0_lite_outputs\synthetic_constrained_portfolio\test\syn_n100_k10_cluster_corr_skewed_high_vol_r01_s20260697\K_10\ECMADE_MOO\run_019,1.100747961907952,0.010569075441599724,0.9083333333333333,0.8748273595048967
test,syn_n100_k10_cluster_corr_skewed_high_vol_r01_s20260697,10,HandCrafted_ECMADE_MOO,20,100,2.1042509,1,1,3.9968028886505636e-16,1.7763568394002505e-15,3.9968028886505636e-16,1.7763568394002505e-15,,,,"rng(run,'mcg16807')",run index,p0_lite_outputs\synthetic_constrained_portfolio\test\syn_n100_k10_cluster_corr_skewed_high_vol_r01_s20260697\K_10\ECMADE_MOO\run_020,1.0588165304866601,0.025285990068573485,0.7583333333333333,0.6812699118267839
test,syn_n100_k10_cluster_corr_skewed_high_vol_r01_s20260697,10,HandCrafted_ECMADE_MOO,21,100,1.7680427,1,1,3.8635761256955447e-16,1.2212453270876722e-15,3.8635761256955447e-16,1.2212453270876722e-15,,,,"rng(run,'mcg16807')",run index,p0_lite_outputs\synthetic_constrained_portfolio\test\syn_n100_k10_cluster_corr_skewed_high_vol_r01_s20260697\K_10\ECMADE_MOO\run_021,1.116451910199704,0.010445490607542006,0.975,1.01131671705338
test,syn_n100_k10_cluster_corr_skewed_high_vol_r01_s20260697,10,HandCrafted_ECMADE_MOO,22,100,1.8390087,1,1,3.752553823233029e-16,1.3322676295501878e-15,3.752553823233029e-16,1.3322676295501878e-15,,,,"rng(run,'mcg16807')",run index,p0_lite_outputs\synthetic_constrained_portfolio\test\syn_n100_k10_cluster_corr_skewed_high_vol_r01_s20260697\K_10\ECMADE_MOO\run_022,1.1232333759478481,0.005367379796864928,0.9916666666666667,0.9470168060837584
test,syn_n100_k10_cluster_corr_skewed_high_vol_r01_s20260697,10,HandCrafted_ECMADE_MOO,23,100,1.9937166,1,1,4.474198789239381e-16,1.7763568394002505e-15,4.474198789239381e-16,1.7763568394002505e-15,,,,"rng(run,'mcg16807')",run index,p0_lite_outputs\synthetic_constrained_portfolio\test\syn_n100_k10_cluster_corr_skewed_high_vol_r01_s20260697\K_10\ECMADE_MOO\run_023,0.9671689184281828,0.11654492745958071,0.08333333333333333,1.1987297373210504
test,syn_n100_k10_cluster_corr_skewed_high_vol_r01_s20260697,10,HandCrafted_ECMADE_MOO,24,100,1.9209962,1,1,3.8746783559417966e-16,1.3322676295501878e-15,3.8746783559417966e-16,1.3322676295501878e-15,,,,"rng(run,'mcg16807')",run index,p0_lite_outputs\synthetic_constrained_portfolio\test\syn_n100_k10_cluster_corr_skewed_high_vol_r01_s20260697\K_10\ECMADE_MOO\run_024,1.1042508796608153,0.014069090064408983,0.625,0.9101582239893093
test,syn_n100_k10_cluster_corr_skewed_high_vol_r01_s20260697,10,HandCrafted_ECMADE_MOO,25,100,2.1640656,1,1,4.418687638008123e-16,1.6653345369377348e-15,4.418687638008123e-16,1.6653345369377348e-15,,,,"rng(run,'mcg16807')",run index,p0_lite_outputs\synthetic_constrained_portfolio\test\syn_n100_k10_cluster_corr_skewed_high_vol_r01_s20260697\K_10\ECMADE_MOO\run_025,1.1133898980088204,0.011484396436734375,0.9666666666666667,0.8042591842187998
test,syn_n100_k10_cluster_corr_skewed_high_vol_r01_s20260697,10,HandCrafted_ECMADE_MOO,26,100,1.8036861,1,1,3.8746783559417966e-16,2.220446049250313e-15,3.8746783559417966e-16,2.220446049250313e-15,,,,"rng(run,'mcg16807')",run index,p0_lite_outputs\synthetic_constrained_portfolio\test\syn_n100_k10_cluster_corr_skewed_high_vol_r01_s20260697\K_10\ECMADE_MOO\run_026,1.075550943523605,0.01964625807561367,0.7916666666666666,0.7409361883660901
test,syn_n100_k10_cluster_corr_skewed_high_vol_r01_s20260697,10,HandCrafted_ECMADE_MOO,27,100,2.1087762,1,1,4.585221091701896e-16,1.6653345369377348e-15,4.585221091701896e-16,1.6653345369377348e-15,,,,"rng(run,'mcg16807')",run index,p0_lite_outputs\synthetic_constrained_portfolio\test\syn_n100_k10_cluster_corr_skewed_high_vol_r01_s20260697\K_10\ECMADE_MOO\run_027,1.123344669481059,0.0047984700464084595,0.9916666666666667,0.8753488352820133
test,syn_n100_k10_cluster_corr_skewed_high_vol_r01_s20260697,10,HandCrafted_ECMADE_MOO,28,100,1.9826693,1,1,4.718447854656915e-16,1.4432899320127037e-15,4.718447854656915e-16,1.4432899320127037e-15,,,,"rng(run,'mcg16807')",run index,p0_lite_outputs\synthetic_constrained_portfolio\test\syn_n100_k10_cluster_corr_skewed_high_vol_r01_s20260697\K_10\ECMADE_MOO\run_028,1.0944799462375532,0.01227272201602242,0.9083333333333333,0.8500498229860987
test,syn_n100_k10_cluster_corr_skewed_high_vol_r01_s20260697,10,HandCrafted_ECMADE_MOO,29,100,1.9843328,1,1,4.54081217071689e-16,1.887379141862766e-15,4.54081217071689e-16,1.887379141862766e-15,,,,"rng(run,'mcg16807')",run index,p0_lite_outputs\synthetic_constrained_portfolio\test\syn_n100_k10_cluster_corr_skewed_high_vol_r01_s20260697\K_10\ECMADE_MOO\run_029,1.0903305589859864,0.013795658576403995,0.8916666666666667,0.9274277889374221
test,syn_n100_k10_cluster_corr_skewed_high_vol_r01_s20260697,10,HandCrafted_ECMADE_MOO,30,100,1.9657423,1,1,4.1744385725905884e-16,1.7763568394002505e-15,4.1744385725905884e-16,1.7763568394002505e-15,,,,"rng(run,'mcg16807')",run index,p0_lite_outputs\synthetic_constrained_portfolio\test\syn_n100_k10_cluster_corr_skewed_high_vol_r01_s20260697\K_10\ECMADE_MOO\run_030,1.119670847661616,0.009655187327594007,0.975,0.821362405222879
test,syn_n100_k10_high_corr_normal_low_vol_r03_s20260698,10,HandCrafted_ECMADE_MOO,1,100,2.1312621,1,1,3.9968028886505636e-16,1.3322676295501878e-15,3.9968028886505636e-16,1.3322676295501878e-15,,,,"rng(run,'mcg16807')",run index,p0_lite_outputs\synthetic_constrained_portfolio\test\syn_n100_k10_high_corr_normal_low_vol_r03_s20260698\K_10\ECMADE_MOO\run_001,0.8799590482521901,0.068791829008839,0.025,1.0455996826623677
test,syn_n100_k10_high_corr_normal_low_vol_r03_s20260698,10,HandCrafted_ECMADE_MOO,2,100,1.9848115,1,1,3.752553823233029e-16,1.1102230246251563e-15,3.752553823233029e-16,1.1102230246251563e-15,,,,"rng(run,'mcg16807')",run index,p0_lite_outputs\synthetic_constrained_portfolio\test\syn_n100_k10_high_corr_normal_low_vol_r03_s20260698\K_10\ECMADE_MOO\run_002,0.9866494415432189,0.013467776600688052,0.8083333333333333,1.1580043602210701
test,syn_n100_k10_high_corr_normal_low_vol_r03_s20260698,10,HandCrafted_ECMADE_MOO,3,100,2.2796132,1,1,3.541611448554249e-16,9.992007221626409e-16,3.541611448554249e-16,9.992007221626409e-16,,,,"rng(run,'mcg16807')",run index,p0_lite_outputs\synthetic_constrained_portfolio\test\syn_n100_k10_high_corr_normal_low_vol_r03_s20260698\K_10\ECMADE_MOO\run_003,0.9905011836135368,0.01157874392988777,0.9166666666666666,1.074317480791863
test,syn_n100_k10_high_corr_normal_low_vol_r03_s20260698,10,HandCrafted_ECMADE_MOO,4,100,1.8797316,1,1,4.11892742135933e-16,1.5543122344752194e-15,4.11892742135933e-16,1.5543122344752194e-15,,,,"rng(run,'mcg16807')",run index,p0_lite_outputs\synthetic_constrained_portfolio\test\syn_n100_k10_high_corr_normal_low_vol_r03_s20260698\K_10\ECMADE_MOO\run_004,0.9955871289661469,0.00856761196133034,0.9583333333333334,1.105824084027422
test,syn_n100_k10_high_corr_normal_low_vol_r03_s20260698,10,HandCrafted_ECMADE_MOO,5,100,2.2597743,1,1,3.708144902248023e-16,1.3322676295501878e-15,3.708144902248023e-16,1.3322676295501878e-15,,,,"rng(run,'mcg16807')",run index,p0_lite_outputs\synthetic_constrained_portfolio\test\syn_n100_k10_high_corr_normal_low_vol_r03_s20260698\K_10\ECMADE_MOO\run_005,1.0039790147683096,0.008193199960570375,0.9833333333333333,1.2015311146407694
test,syn_n100_k10_high_corr_normal_low_vol_r03_s20260698,10,HandCrafted_ECMADE_MOO,6,100,1.9137206,1,1,4.529709940470639e-16,1.5543122344752194e-15,4.529709940470639e-16,1.5543122344752194e-15,,,,"rng(run,'mcg16807')",run index,p0_lite_outputs\synthetic_constrained_portfolio\test\syn_n100_k10_high_corr_normal_low_vol_r03_s20260698\K_10\ECMADE_MOO\run_006,1.006843371538621,0.007727610085905739,0.9583333333333334,1.1835234923719615
test,syn_n100_k10_high_corr_normal_low_vol_r03_s20260698,10,HandCrafted_ECMADE_MOO,7,100,2.0993369,1,1,3.641531520770513e-16,1.3322676295501878e-15,3.641531520770513e-16,1.3322676295501878e-15,,,,"rng(run,'mcg16807')",run index,p0_lite_outputs\synthetic_constrained_portfolio\test\syn_n100_k10_high_corr_normal_low_vol_r03_s20260698\K_10\ECMADE_MOO\run_007,0.964692007638593,0.018266471345469,0.725,1.1147681955028472
test,syn_n100_k10_high_corr_normal_low_vol_r03_s20260698,10,HandCrafted_ECMADE_MOO,8,100,2.2474303,1,1,3.719247132494274e-16,1.3322676295501878e-15,3.719247132494274e-16,1.3322676295501878e-15,,,,"rng(run,'mcg16807')",run index,p0_lite_outputs\synthetic_constrained_portfolio\test\syn_n100_k10_high_corr_normal_low_vol_r03_s20260698\K_10\ECMADE_MOO\run_008,0.9866315417694501,0.013794519817995355,0.8916666666666667,1.0736690942095408
test,syn_n100_k10_high_corr_normal_low_vol_r03_s20260698,10,HandCrafted_ECMADE_MOO,9,100,2.3441675,1,1,3.896882816434299e-16,1.3322676295501878e-15,3.896882816434299e-16,1.3322676295501878e-15,,,,"rng(run,'mcg16807')",run index,p0_lite_outputs\synthetic_constrained_portfolio\test\syn_n100_k10_high_corr_normal_low_vol_r03_s20260698\K_10\ECMADE_MOO\run_009,0.9884497208383266,0.01732405834631551,0.8666666666666667,0.928006641002318
test,syn_n100_k10_high_corr_normal_low_vol_r03_s20260698,10,HandCrafted_ECMADE_MOO,10,100,1.6858849,1,1,3.8524738954492924e-16,1.5543122344752194e-15,3.8524738954492924e-16,1.5543122344752194e-15,,,,"rng(run,'mcg16807')",run index,p0_lite_outputs\synthetic_constrained_portfolio\test\syn_n100_k10_high_corr_normal_low_vol_r03_s20260698\K_10\ECMADE_MOO\run_010,1.004871111968621,0.008972960950877766,0.9583333333333334,1.230861585488091
test,syn_n100_k10_high_corr_normal_low_vol_r03_s20260698,10,HandCrafted_ECMADE_MOO,11,100,2.1225872,1,1,3.930189507173054e-16,1.1102230246251563e-15,3.930189507173054e-16,1.1102230246251563e-15,,,,"rng(run,'mcg16807')",run index,p0_lite_outputs\synthetic_constrained_portfolio\test\syn_n100_k10_high_corr_normal_low_vol_r03_s20260698\K_10\ECMADE_MOO\run_011,0.9923176690335188,0.01385898024908255,0.7416666666666667,1.1773452508650322
test,syn_n100_k10_high_corr_normal_low_vol_r03_s20260698,10,HandCrafted_ECMADE_MOO,12,100,1.6934578,1,1,3.8524738954492924e-16,1.3322676295501878e-15,3.8524738954492924e-16,1.3322676295501878e-15,,,,"rng(run,'mcg16807')",run index,p0_lite_outputs\synthetic_constrained_portfolio\test\syn_n100_k10_high_corr_normal_low_vol_r03_s20260698\K_10\ECMADE_MOO\run_012,1.0001830697663376,0.017927895336233225,0.725,1.1071266656843344
test,syn_n100_k10_high_corr_normal_low_vol_r03_s20260698,10,HandCrafted_ECMADE_MOO,13,100,1.8038513,1,1,3.9857006584043123e-16,1.5543122344752194e-15,3.9857006584043123e-16,1.5543122344752194e-15,,,,"rng(run,'mcg16807')",run index,p0_lite_outputs\synthetic_constrained_portfolio\test\syn_n100_k10_high_corr_normal_low_vol_r03_s20260698\K_10\ECMADE_MOO\run_013,0.9871415115778182,0.012946101544056036,0.775,1.1297003328583306
test,syn_n100_k10_high_corr_normal_low_vol_r03_s20260698,10,HandCrafted_ECMADE_MOO,14,100,2.102527,1,1,3.563815909046752e-16,1.3322676295501878e-15,3.563815909046752e-16,1.3322676295501878e-15,,,,"rng(run,'mcg16807')",run index,p0_lite_outputs\synthetic_constrained_portfolio\test\syn_n100_k10_high_corr_normal_low_vol_r03_s20260698\K_10\ECMADE_MOO\run_014,0.9991060638999048,0.011164583899471663,0.925,1.1400174535669756
test,syn_n100_k10_high_corr_normal_low_vol_r03_s20260698,10,HandCrafted_ECMADE_MOO,15,100,1.762343,1,1,4.085620730620576e-16,1.2212453270876722e-15,4.085620730620576e-16,1.2212453270876722e-15,,,,"rng(run,'mcg16807')",run index,p0_lite_outputs\synthetic_constrained_portfolio\test\syn_n100_k10_high_corr_normal_low_vol_r03_s20260698\K_10\ECMADE_MOO\run_015,0.9865521534870872,0.012748653132567875,0.8,1.156780823807324
test,syn_n100_k10_high_corr_normal_low_vol_r03_s20260698,10,HandCrafted_ECMADE_MOO,16,100,1.8432907,1,1,3.7303493627405263e-16,1.1102230246251563e-15,3.7303493627405263e-16,1.1102230246251563e-15,,,,"rng(run,'mcg16807')",run index,p0_lite_outputs\synthetic_constrained_portfolio\test\syn_n100_k10_high_corr_normal_low_vol_r03_s20260698\K_10\ECMADE_MOO\run_016,0.9973410346656798,0.00966761060663818,0.95,1.1315649628736024
test,syn_n100_k10_high_corr_normal_low_vol_r03_s20260698,10,HandCrafted_ECMADE_MOO,17,100,2.040439,1,1,4.063416270128073e-16,1.6653345369377348e-15,4.063416270128073e-16,1.6653345369377348e-15,,,,"rng(run,'mcg16807')",run index,p0_lite_outputs\synthetic_constrained_portfolio\test\syn_n100_k10_high_corr_normal_low_vol_r03_s20260698\K_10\ECMADE_MOO\run_017,0.9913692733277756,0.011102391779327482,0.9416666666666667,1.08929215619212
test,syn_n100_k10_high_corr_normal_low_vol_r03_s20260698,10,HandCrafted_ECMADE_MOO,18,100,1.6146556,1,1,4.0190073491430673e-16,1.4432899320127037e-15,4.0190073491430673e-16,1.4432899320127037e-15,,,,"rng(run,'mcg16807')",run index,p0_lite_outputs\synthetic_constrained_portfolio\test\syn_n100_k10_high_corr_normal_low_vol_r03_s20260698\K_10\ECMADE_MOO\run_018,0.9958875589826487,0.012842899326589639,0.925,1.033423557857589
test,syn_n100_k10_high_corr_normal_low_vol_r03_s20260698,10,HandCrafted_ECMADE_MOO,19,100,1.9673324,1,1,4.1411318818518344e-16,1.4432899320127037e-15,4.1411318818518344e-16,1.4432899320127037e-15,,,,"rng(run,'mcg16807')",run index,p0_lite_outputs\synthetic_constrained_portfolio\test\syn_n100_k10_high_corr_normal_low_vol_r03_s20260698\K_10\ECMADE_MOO\run_019,0.995390392903091,0.010929575594767673,0.925,1.100494368270034
test,syn_n100_k10_high_corr_normal_low_vol_r03_s20260698,10,HandCrafted_ECMADE_MOO,20,100,2.0353211,1,1,3.0753177782116836e-16,1.1102230246251563e-15,3.0753177782116836e-16,1.1102230246251563e-15,,,,"rng(run,'mcg16807')",run index,p0_lite_outputs\synthetic_constrained_portfolio\test\syn_n100_k10_high_corr_normal_low_vol_r03_s20260698\K_10\ECMADE_MOO\run_020,0.9775163498153205,0.02545802594146857,0.5083333333333333,1.2141902056113756
test,syn_n100_k10_high_corr_normal_low_vol_r03_s20260698,10,HandCrafted_ECMADE_MOO,21,100,1.7999094,1,1,3.741451592986777e-16,1.1102230246251563e-15,3.741451592986777e-16,1.1102230246251563e-15,,,,"rng(run,'mcg16807')",run index,p0_lite_outputs\synthetic_constrained_portfolio\test\syn_n100_k10_high_corr_normal_low_vol_r03_s20260698\K_10\ECMADE_MOO\run_021,1.0041663191681762,0.015539167528396744,0.9166666666666666,1.1055668714363498
test,syn_n100_k10_high_corr_normal_low_vol_r03_s20260698,10,HandCrafted_ECMADE_MOO,22,100,2.0026417,1,1,4.3298697960381104e-16,1.7763568394002505e-15,4.3298697960381104e-16,1.7763568394002505e-15,,,,"rng(run,'mcg16807')",run index,p0_lite_outputs\synthetic_constrained_portfolio\test\syn_n100_k10_high_corr_normal_low_vol_r03_s20260698\K_10\ECMADE_MOO\run_022,1.0081440398917578,0.006176298163843463,0.9583333333333334,1.182553434733323
test,syn_n100_k10_high_corr_normal_low_vol_r03_s20260698,10,HandCrafted_ECMADE_MOO,23,100,2.0687337,1,1,4.1855408028368397e-16,1.1102230246251563e-15,4.1855408028368397e-16,1.1102230246251563e-15,,,,"rng(run,'mcg16807')",run index,p0_lite_outputs\synthetic_constrained_portfolio\test\syn_n100_k10_high_corr_normal_low_vol_r03_s20260698\K_10\ECMADE_MOO\run_023,0.9782569165575482,0.014638867988057403,0.7916666666666666,1.1066029705579536
test,syn_n100_k10_high_corr_normal_low_vol_r03_s20260698,10,HandCrafted_ECMADE_MOO,24,100,1.973071,1,1,3.907985046680551e-16,1.2212453270876722e-15,3.907985046680551e-16,1.2212453270876722e-15,,,,"rng(run,'mcg16807')",run index,p0_lite_outputs\synthetic_constrained_portfolio\test\syn_n100_k10_high_corr_normal_low_vol_r03_s20260698\K_10\ECMADE_MOO\run_024,0.9962443146093045,0.008849873231518446,0.9583333333333334,1.1149479411397218
test,syn_n100_k10_high_corr_normal_low_vol_r03_s20260698,10,HandCrafted_ECMADE_MOO,25,100,1.7783992,1,1,3.8191672047105375e-16,1.1102230246251563e-15,3.8191672047105375e-16,1.1102230246251563e-15,,,,"rng(run,'mcg16807')",run index,p0_lite_outputs\synthetic_constrained_portfolio\test\syn_n100_k10_high_corr_normal_low_vol_r03_s20260698\K_10\ECMADE_MOO\run_025,1.0084460936544826,0.0071287635918771,0.975,1.2325663952262984
test,syn_n100_k10_high_corr_normal_low_vol_r03_s20260698,10,HandCrafted_ECMADE_MOO,26,100,1.7370293,1,1,3.9968028886505636e-16,1.3322676295501878e-15,3.9968028886505636e-16,1.3322676295501878e-15,,,,"rng(run,'mcg16807')",run index,p0_lite_outputs\synthetic_constrained_portfolio\test\syn_n100_k10_high_corr_normal_low_vol_r03_s20260698\K_10\ECMADE_MOO\run_026,1.0103831786821968,0.009639598532679889,0.9333333333333333,1.1017971337634647
test,syn_n100_k10_high_corr_normal_low_vol_r03_s20260698,10,HandCrafted_ECMADE_MOO,27,100,1.9927642,1,1,3.9523939676655564e-16,1.1102230246251563e-15,3.9523939676655564e-16,1.1102230246251563e-15,,,,"rng(run,'mcg16807')",run index,p0_lite_outputs\synthetic_constrained_portfolio\test\syn_n100_k10_high_corr_normal_low_vol_r03_s20260698\K_10\ECMADE_MOO\run_027,1.0072733848122086,0.011445876918628391,0.9333333333333333,1.108282777329268
test,syn_n100_k10_high_corr_normal_low_vol_r03_s20260698,10,HandCrafted_ECMADE_MOO,28,100,1.7489544,1,1,3.9634961979118087e-16,1.7763568394002505e-15,3.9634961979118087e-16,1.7763568394002505e-15,,,,"rng(run,'mcg16807')",run index,p0_lite_outputs\synthetic_constrained_portfolio\test\syn_n100_k10_high_corr_normal_low_vol_r03_s20260698\K_10\ECMADE_MOO\run_028,1.0102175812444423,0.005926114613703803,0.9833333333333333,1.1861553117009713
test,syn_n100_k10_high_corr_normal_low_vol_r03_s20260698,10,HandCrafted_ECMADE_MOO,29,100,2.5600388,1,1,4.218847493575594e-16,1.1102230246251563e-15,4.218847493575594e-16,1.1102230246251563e-15,,,,"rng(run,'mcg16807')",run index,p0_lite_outputs\synthetic_constrained_portfolio\test\syn_n100_k10_high_corr_normal_low_vol_r03_s20260698\K_10\ECMADE_MOO\run_029,0.9160479895727673,0.04589664317915642,0.30833333333333335,1.0874896300985641
test,syn_n100_k10_high_corr_normal_low_vol_r03_s20260698,10,HandCrafted_ECMADE_MOO,30,100,2.0155339,1,1,3.9634961979118087e-16,1.3322676295501878e-15,3.9634961979118087e-16,1.3322676295501878e-15,,,,"rng(run,'mcg16807')",run index,p0_lite_outputs\synthetic_constrained_portfolio\test\syn_n100_k10_high_corr_normal_low_vol_r03_s20260698\K_10\ECMADE_MOO\run_030,1.0100361366258328,0.006454087887633409,0.9666666666666667,1.2442974602153738
test,syn_n100_k20_high_corr_heavy_tail_extreme_events_r01_s20260710,20,HandCrafted_ECMADE_MOO,1,100,2.6643822,1,1,3.363975764614224e-16,9.992007221626409e-16,3.363975764614224e-16,9.992007221626409e-16,,,,"rng(run,'mcg16807')",run index,p0_lite_outputs\synthetic_constrained_portfolio\test\syn_n100_k20_high_corr_heavy_tail_extreme_events_r01_s20260710\K_20\ECMADE_MOO\run_001,1.084159205717434,0.007653713378265856,1.0,0.971981778799046
test,syn_n100_k20_high_corr_heavy_tail_extreme_events_r01_s20260710,20,HandCrafted_ECMADE_MOO,2,100,3.2754448,1,1,3.4083846855992304e-16,1.1102230246251563e-15,3.4083846855992304e-16,1.1102230246251563e-15,,,,"rng(run,'mcg16807')",run index,p0_lite_outputs\synthetic_constrained_portfolio\test\syn_n100_k20_high_corr_heavy_tail_extreme_events_r01_s20260710\K_20\ECMADE_MOO\run_002,1.083287729461814,0.007678794626453444,1.0,0.9738621424911079
test,syn_n100_k20_high_corr_heavy_tail_extreme_events_r01_s20260710,20,HandCrafted_ECMADE_MOO,3,100,3.6068046,1,1,3.5749181392930043e-16,1.1102230246251563e-15,3.5749181392930043e-16,1.1102230246251563e-15,,,,"rng(run,'mcg16807')",run index,p0_lite_outputs\synthetic_constrained_portfolio\test\syn_n100_k20_high_corr_heavy_tail_extreme_events_r01_s20260710\K_20\ECMADE_MOO\run_003,1.0878052536278826,0.0063727356804040135,1.0,0.9543731954459522
test,syn_n100_k20_high_corr_heavy_tail_extreme_events_r01_s20260710,20,HandCrafted_ECMADE_MOO,4,100,2.9974686,1,1,3.907985046680551e-16,1.3322676295501878e-15,3.907985046680551e-16,1.3322676295501878e-15,,,,"rng(run,'mcg16807')",run index,p0_lite_outputs\synthetic_constrained_portfolio\test\syn_n100_k20_high_corr_heavy_tail_extreme_events_r01_s20260710\K_20\ECMADE_MOO\run_004,1.083427988162887,0.005207734311961026,1.0,0.9347897699607732
test,syn_n100_k20_high_corr_heavy_tail_extreme_events_r01_s20260710,20,HandCrafted_ECMADE_MOO,5,100,3.1271803,1,1,4.04121180963557e-16,1.3322676295501878e-15,4.04121180963557e-16,1.3322676295501878e-15,,,,"rng(run,'mcg16807')",run index,p0_lite_outputs\synthetic_constrained_portfolio\test\syn_n100_k20_high_corr_heavy_tail_extreme_events_r01_s20260710\K_20\ECMADE_MOO\run_005,1.0825003322466655,0.005756109484994095,1.0,0.9405288736758968
test,syn_n100_k20_high_corr_heavy_tail_extreme_events_r01_s20260710,20,HandCrafted_ECMADE_MOO,6,100,3.5586458,1,1,3.652633751016765e-16,1.3322676295501878e-15,3.652633751016765e-16,1.3322676295501878e-15,,,,"rng(run,'mcg16807')",run index,p0_lite_outputs\synthetic_constrained_portfolio\test\syn_n100_k20_high_corr_heavy_tail_extreme_events_r01_s20260710\K_20\ECMADE_MOO\run_006,1.083927291704199,0.0045102392680323785,0.9916666666666667,0.9186883940567008
test,syn_n100_k20_high_corr_heavy_tail_extreme_events_r01_s20260710,20,HandCrafted_ECMADE_MOO,7,100,1.7127275,1,1,3.2196467714129544e-16,8.881784197001252e-16,3.2196467714129544e-16,8.881784197001252e-16,,,,"rng(run,'mcg16807')",run index,p0_lite_outputs\synthetic_constrained_portfolio\test\syn_n100_k20_high_corr_heavy_tail_extreme_events_r01_s20260710\K_20\ECMADE_MOO\run_007,1.0705501637169001,0.00853821974878379,0.9833333333333333,0.9447278358308727
test,syn_n100_k20_high_corr_heavy_tail_extreme_events_r01_s20260710,20,HandCrafted_ECMADE_MOO,8,100,1.9567677,1,1,3.208544541166702e-16,1.1102230246251563e-15,3.208544541166702e-16,1.1102230246251563e-15,,,,"rng(run,'mcg16807')",run index,p0_lite_outputs\synthetic_constrained_portfolio\test\syn_n100_k20_high_corr_heavy_tail_extreme_events_r01_s20260710\K_20\ECMADE_MOO\run_008,1.077642059702618,0.007969757346527714,1.0,0.9368510270659308
test,syn_n100_k20_high_corr_heavy_tail_extreme_events_r01_s20260710,20,HandCrafted_ECMADE_MOO,9,100,1.7775527,1,1,3.652633751016765e-16,1.5543122344752194e-15,3.652633751016765e-16,1.5543122344752194e-15,,,,"rng(run,'mcg16807')",run index,p0_lite_outputs\synthetic_constrained_portfolio\test\syn_n100_k20_high_corr_heavy_tail_extreme_events_r01_s20260710\K_20\ECMADE_MOO\run_009,1.0781795359448223,0.005272713677601288,0.9833333333333333,0.9230093613398113
test,syn_n100_k20_high_corr_heavy_tail_extreme_events_r01_s20260710,20,HandCrafted_ECMADE_MOO,10,100,1.6254342,1,1,2.8976820942716584e-16,1.1102230246251563e-15,2.8976820942716584e-16,1.1102230246251563e-15,,,,"rng(run,'mcg16807')",run index,p0_lite_outputs\synthetic_constrained_portfolio\test\syn_n100_k20_high_corr_heavy_tail_extreme_events_r01_s20260710\K_20\ECMADE_MOO\run_010,1.0771751069004376,0.008978242218608027,1.0,1.0054080480144862
test,syn_n100_k20_high_corr_heavy_tail_extreme_events_r01_s20260710,20,HandCrafted_ECMADE_MOO,11,100,1.6212993,1,1,3.3861802251067273e-16,1.3322676295501878e-15,3.3861802251067273e-16,1.3322676295501878e-15,,,,"rng(run,'mcg16807')",run index,p0_lite_outputs\synthetic_constrained_portfolio\test\syn_n100_k20_high_corr_heavy_tail_extreme_events_r01_s20260710\K_20\ECMADE_MOO\run_011,1.0785817807348268,0.006940330824594404,1.0,0.9528276928604199
test,syn_n100_k20_high_corr_heavy_tail_extreme_events_r01_s20260710,20,HandCrafted_ECMADE_MOO,12,100,1.5897629,1,1,4.0745185003743244e-16,1.1102230246251563e-15,4.0745185003743244e-16,1.1102230246251563e-15,,,,"rng(run,'mcg16807')",run index,p0_lite_outputs\synthetic_constrained_portfolio\test\syn_n100_k20_high_corr_heavy_tail_extreme_events_r01_s20260710\K_20\ECMADE_MOO\run_012,1.0757882274538255,0.006810575976342059,0.9916666666666667,0.9954436755818331
test,syn_n100_k20_high_corr_heavy_tail_extreme_events_r01_s20260710,20,HandCrafted_ECMADE_MOO,13,100,1.610129,1,1,3.930189507173054e-16,1.3322676295501878e-15,3.930189507173054e-16,1.3322676295501878e-15,,,,"rng(run,'mcg16807')",run index,p0_lite_outputs\synthetic_constrained_portfolio\test\syn_n100_k20_high_corr_heavy_tail_extreme_events_r01_s20260710\K_20\ECMADE_MOO\run_013,1.0911389241767668,0.004006156843596121,1.0,0.9623232073286883
test,syn_n100_k20_high_corr_heavy_tail_extreme_events_r01_s20260710,20,HandCrafted_ECMADE_MOO,14,100,1.5575911,1,1,3.9968028886505636e-16,1.3322676295501878e-15,3.9968028886505636e-16,1.3322676295501878e-15,,,,"rng(run,'mcg16807')",run index,p0_lite_outputs\synthetic_constrained_portfolio\test\syn_n100_k20_high_corr_heavy_tail_extreme_events_r01_s20260710\K_20\ECMADE_MOO\run_014,1.0887253559738395,0.005232976003258895,0.9916666666666667,0.9394707803125275
test,syn_n100_k20_high_corr_heavy_tail_extreme_events_r01_s20260710,20,HandCrafted_ECMADE_MOO,15,100,1.5665221,1,1,3.8857805861880484e-16,1.3322676295501878e-15,3.8857805861880484e-16,1.3322676295501878e-15,,,,"rng(run,'mcg16807')",run index,p0_lite_outputs\synthetic_constrained_portfolio\test\syn_n100_k20_high_corr_heavy_tail_extreme_events_r01_s20260710\K_20\ECMADE_MOO\run_015,1.0832204076194611,0.006776136454539729,0.9916666666666667,0.9218878171591296
test,syn_n100_k20_high_corr_heavy_tail_extreme_events_r01_s20260710,20,HandCrafted_ECMADE_MOO,16,100,1.4304724,1,1,4.451994328746877e-16,1.9984014443252818e-15,4.451994328746877e-16,1.9984014443252818e-15,,,,"rng(run,'mcg16807')",run index,p0_lite_outputs\synthetic_constrained_portfolio\test\syn_n100_k20_high_corr_heavy_tail_extreme_events_r01_s20260710\K_20\ECMADE_MOO\run_016,1.0342431236642098,0.01425389913044603,0.8583333333333333,0.8941769805358313
test,syn_n100_k20_high_corr_heavy_tail_extreme_events_r01_s20260710,20,HandCrafted_ECMADE_MOO,17,100,1.6460793,1,1,4.418687638008123e-16,1.3322676295501878e-15,4.418687638008123e-16,1.3322676295501878e-15,,,,"rng(run,'mcg16807')",run index,p0_lite_outputs\synthetic_constrained_portfolio\test\syn_n100_k20_high_corr_heavy_tail_extreme_events_r01_s20260710\K_20\ECMADE_MOO\run_017,1.0870379866233837,0.004823752502491239,0.9916666666666667,0.9355037750647255
test,syn_n100_k20_high_corr_heavy_tail_extreme_events_r01_s20260710,20,HandCrafted_ECMADE_MOO,18,100,1.5264954,1,1,3.308464613382966e-16,9.992007221626409e-16,3.308464613382966e-16,9.992007221626409e-16,,,,"rng(run,'mcg16807')",run index,p0_lite_outputs\synthetic_constrained_portfolio\test\syn_n100_k20_high_corr_heavy_tail_extreme_events_r01_s20260710\K_20\ECMADE_MOO\run_018,1.0704684571455645,0.008023229242143663,0.9833333333333333,0.9362201322972603
test,syn_n100_k20_high_corr_heavy_tail_extreme_events_r01_s20260710,20,HandCrafted_ECMADE_MOO,19,100,1.5769256,1,1,3.68594044175552e-16,1.1102230246251563e-15,3.68594044175552e-16,1.1102230246251563e-15,,,,"rng(run,'mcg16807')",run index,p0_lite_outputs\synthetic_constrained_portfolio\test\syn_n100_k20_high_corr_heavy_tail_extreme_events_r01_s20260710\K_20\ECMADE_MOO\run_019,1.0677754666811303,0.009066944288515637,0.9833333333333333,0.9207570473274947
test,syn_n100_k20_high_corr_heavy_tail_extreme_events_r01_s20260710,20,HandCrafted_ECMADE_MOO,20,100,1.4443083,1,1,3.752553823233029e-16,1.1102230246251563e-15,3.752553823233029e-16,1.1102230246251563e-15,,,,"rng(run,'mcg16807')",run index,p0_lite_outputs\synthetic_constrained_portfolio\test\syn_n100_k20_high_corr_heavy_tail_extreme_events_r01_s20260710\K_20\ECMADE_MOO\run_020,1.0688838921094097,0.010706559193005843,0.975,0.9236456214990894
test,syn_n100_k20_high_corr_heavy_tail_extreme_events_r01_s20260710,20,HandCrafted_ECMADE_MOO,21,100,1.5274918,1,1,3.896882816434299e-16,1.3322676295501878e-15,3.896882816434299e-16,1.3322676295501878e-15,,,,"rng(run,'mcg16807')",run index,p0_lite_outputs\synthetic_constrained_portfolio\test\syn_n100_k20_high_corr_heavy_tail_extreme_events_r01_s20260710\K_20\ECMADE_MOO\run_021,1.0767882453900186,0.006083043211186414,0.9583333333333334,0.8650615130182718
test,syn_n100_k20_high_corr_heavy_tail_extreme_events_r01_s20260710,20,HandCrafted_ECMADE_MOO,22,100,1.6704469,1,1,3.530509218307998e-16,8.881784197001252e-16,3.530509218307998e-16,8.881784197001252e-16,,,,"rng(run,'mcg16807')",run index,p0_lite_outputs\synthetic_constrained_portfolio\test\syn_n100_k20_high_corr_heavy_tail_extreme_events_r01_s20260710\K_20\ECMADE_MOO\run_022,1.0820053087212929,0.00440104760796988,0.9916666666666667,0.9184659094689577
test,syn_n100_k20_high_corr_heavy_tail_extreme_events_r01_s20260710,20,HandCrafted_ECMADE_MOO,23,100,1.7124644,1,1,3.1530333899354444e-16,8.881784197001252e-16,3.1530333899354444e-16,8.881784197001252e-16,,,,"rng(run,'mcg16807')",run index,p0_lite_outputs\synthetic_constrained_portfolio\test\syn_n100_k20_high_corr_heavy_tail_extreme_events_r01_s20260710\K_20\ECMADE_MOO\run_023,1.0788097551756015,0.006488344615734404,1.0,0.9333110255041025
test,syn_n100_k20_high_corr_heavy_tail_extreme_events_r01_s20260710,20,HandCrafted_ECMADE_MOO,24,100,1.4629549,1,1,3.9745984281580605e-16,1.2212453270876722e-15,3.9745984281580605e-16,1.2212453270876722e-15,,,,"rng(run,'mcg16807')",run index,p0_lite_outputs\synthetic_constrained_portfolio\test\syn_n100_k20_high_corr_heavy_tail_extreme_events_r01_s20260710\K_20\ECMADE_MOO\run_024,1.0410080587204493,0.011200600528967835,0.925,0.8764132203242574
test,syn_n100_k20_high_corr_heavy_tail_extreme_events_r01_s20260710,20,HandCrafted_ECMADE_MOO,25,100,1.4144049,1,1,3.752553823233029e-16,1.3322676295501878e-15,3.752553823233029e-16,1.3322676295501878e-15,,,,"rng(run,'mcg16807')",run index,p0_lite_outputs\synthetic_constrained_portfolio\test\syn_n100_k20_high_corr_heavy_tail_extreme_events_r01_s20260710\K_20\ECMADE_MOO\run_025,1.0482414211357278,0.01784178342848918,0.6666666666666666,0.9469611864728563
test,syn_n100_k20_high_corr_heavy_tail_extreme_events_r01_s20260710,20,HandCrafted_ECMADE_MOO,26,100,1.6301559,1,1,3.674838211509268e-16,9.992007221626409e-16,3.674838211509268e-16,9.992007221626409e-16,,,,"rng(run,'mcg16807')",run index,p0_lite_outputs\synthetic_constrained_portfolio\test\syn_n100_k20_high_corr_heavy_tail_extreme_events_r01_s20260710\K_20\ECMADE_MOO\run_026,1.0744603547072802,0.008441529331070913,0.9916666666666667,0.937415102173516
test,syn_n100_k20_high_corr_heavy_tail_extreme_events_r01_s20260710,20,HandCrafted_ECMADE_MOO,27,100,1.7929044,1,1,3.61932706027801e-16,1.3322676295501878e-15,3.61932706027801e-16,1.3322676295501878e-15,,,,"rng(run,'mcg16807')",run index,p0_lite_outputs\synthetic_constrained_portfolio\test\syn_n100_k20_high_corr_heavy_tail_extreme_events_r01_s20260710\K_20\ECMADE_MOO\run_027,1.0865779545265937,0.004410150986037227,0.9916666666666667,0.9254239994406297
test,syn_n100_k20_high_corr_heavy_tail_extreme_events_r01_s20260710,20,HandCrafted_ECMADE_MOO,28,100,1.9102162,1,1,3.9857006584043123e-16,1.3322676295501878e-15,3.9857006584043123e-16,1.3322676295501878e-15,,,,"rng(run,'mcg16807')",run index,p0_lite_outputs\synthetic_constrained_portfolio\test\syn_n100_k20_high_corr_heavy_tail_extreme_events_r01_s20260710\K_20\ECMADE_MOO\run_028,1.0915144994309107,0.003972702059563035,0.9916666666666667,0.9256346211242251
test,syn_n100_k20_high_corr_heavy_tail_extreme_events_r01_s20260710,20,HandCrafted_ECMADE_MOO,29,100,1.7524846,1,1,3.8857805861880484e-16,1.3322676295501878e-15,3.8857805861880484e-16,1.3322676295501878e-15,,,,"rng(run,'mcg16807')",run index,p0_lite_outputs\synthetic_constrained_portfolio\test\syn_n100_k20_high_corr_heavy_tail_extreme_events_r01_s20260710\K_20\ECMADE_MOO\run_029,1.0773107430057745,0.005430135664807353,0.9833333333333333,0.9226968092317716
test,syn_n100_k20_high_corr_heavy_tail_extreme_events_r01_s20260710,20,HandCrafted_ECMADE_MOO,30,100,1.6082149,1,1,3.541611448554249e-16,1.3322676295501878e-15,3.541611448554249e-16,1.3322676295501878e-15,,,,"rng(run,'mcg16807')",run index,p0_lite_outputs\synthetic_constrained_portfolio\test\syn_n100_k20_high_corr_heavy_tail_extreme_events_r01_s20260710\K_20\ECMADE_MOO\run_030,1.0666671180641965,0.006930542073659942,0.975,0.8891563350356367
test,syn_n100_k20_pathological_cov_skewed_high_vol_r03_s20260709,20,HandCrafted_ECMADE_MOO,1,100,3.9124447,1,1,3.896882816434299e-16,1.5543122344752194e-15,3.896882816434299e-16,1.5543122344752194e-15,,,,"rng(run,'mcg16807')",run index,p0_lite_outputs\synthetic_constrained_portfolio\test\syn_n100_k20_pathological_cov_skewed_high_vol_r03_s20260709\K_20\ECMADE_MOO\run_001,1.1905567193860902,0.017131835841517232,0.9416666666666667,0.4095343621472923
test,syn_n100_k20_pathological_cov_skewed_high_vol_r03_s20260709,20,HandCrafted_ECMADE_MOO,2,65,3.403335,1,1,4.3384099731506116e-16,1.3322676295501878e-15,4.0745185003743244e-16,1.3322676295501878e-15,,,,"rng(run,'mcg16807')",run index,p0_lite_outputs\synthetic_constrained_portfolio\test\syn_n100_k20_pathological_cov_skewed_high_vol_r03_s20260709\K_20\ECMADE_MOO\run_002,1.176164412769001,0.026418420028242243,0.9166666666666666,0.4753687497203487
test,syn_n100_k20_pathological_cov_skewed_high_vol_r03_s20260709,20,HandCrafted_ECMADE_MOO,3,100,3.9551767,1,1,3.9968028886505636e-16,1.3322676295501878e-15,3.9968028886505636e-16,1.3322676295501878e-15,,,,"rng(run,'mcg16807')",run index,p0_lite_outputs\synthetic_constrained_portfolio\test\syn_n100_k20_pathological_cov_skewed_high_vol_r03_s20260709\K_20\ECMADE_MOO\run_003,1.1897129894150507,0.016872304894414384,0.9416666666666667,0.42348021854282925
test,syn_n100_k20_pathological_cov_skewed_high_vol_r03_s20260709,20,HandCrafted_ECMADE_MOO,4,100,3.5868694,1,1,3.8746783559417966e-16,1.5543122344752194e-15,3.8746783559417966e-16,1.5543122344752194e-15,,,,"rng(run,'mcg16807')",run index,p0_lite_outputs\synthetic_constrained_portfolio\test\syn_n100_k20_pathological_cov_skewed_high_vol_r03_s20260709\K_20\ECMADE_MOO\run_004,1.1845268919842113,0.022850520568536616,0.9416666666666667,0.3955582894194871
test,syn_n100_k20_pathological_cov_skewed_high_vol_r03_s20260709,20,HandCrafted_ECMADE_MOO,5,100,3.4693693,1,1,3.8746783559417966e-16,1.1102230246251563e-15,3.8746783559417966e-16,1.1102230246251563e-15,,,,"rng(run,'mcg16807')",run index,p0_lite_outputs\synthetic_constrained_portfolio\test\syn_n100_k20_pathological_cov_skewed_high_vol_r03_s20260709\K_20\ECMADE_MOO\run_005,1.1853440825166257,0.019611654050151618,0.9416666666666667,0.3875251636758868
test,syn_n100_k20_pathological_cov_skewed_high_vol_r03_s20260709,20,HandCrafted_ECMADE_MOO,6,49,3.4383629,1,1,3.8971093925617744e-16,1.2212453270876722e-15,3.796962744218035e-16,1.2212453270876722e-15,,,,"rng(run,'mcg16807')",run index,p0_lite_outputs\synthetic_constrained_portfolio\test\syn_n100_k20_pathological_cov_skewed_high_vol_r03_s20260709\K_20\ECMADE_MOO\run_006,1.1658379014998899,0.03289466267468762,0.8583333333333333,0.46536466001424603
test,syn_n100_k20_pathological_cov_skewed_high_vol_r03_s20260709,20,HandCrafted_ECMADE_MOO,7,100,3.6231059,1,1,3.5971225997855074e-16,1.1102230246251563e-15,3.5971225997855074e-16,1.1102230246251563e-15,,,,"rng(run,'mcg16807')",run index,p0_lite_outputs\synthetic_constrained_portfolio\test\syn_n100_k20_pathological_cov_skewed_high_vol_r03_s20260709\K_20\ECMADE_MOO\run_007,1.1855492914618773,0.010043894156160001,0.975,0.7799089059966133
test,syn_n100_k20_pathological_cov_skewed_high_vol_r03_s20260709,20,HandCrafted_ECMADE_MOO,8,39,3.3359593,1,1,3.558407130208835e-16,1.2212453270876722e-15,3.719247132494274e-16,1.3322676295501878e-15,,,,"rng(run,'mcg16807')",run index,p0_lite_outputs\synthetic_constrained_portfolio\test\syn_n100_k20_pathological_cov_skewed_high_vol_r03_s20260709\K_20\ECMADE_MOO\run_008,1.1655935255999839,0.03050227544262014,0.7916666666666666,0.6837739348053335
test,syn_n100_k20_pathological_cov_skewed_high_vol_r03_s20260709,20,HandCrafted_ECMADE_MOO,9,100,3.8116748,1,1,3.808064974464287e-16,1.1102230246251563e-15,3.808064974464287e-16,1.1102230246251563e-15,,,,"rng(run,'mcg16807')",run index,p0_lite_outputs\synthetic_constrained_portfolio\test\syn_n100_k20_pathological_cov_skewed_high_vol_r03_s20260709\K_20\ECMADE_MOO\run_009,1.1868990349103967,0.022528023362984144,0.9333333333333333,0.3837885772316507
test,syn_n100_k20_pathological_cov_skewed_high_vol_r03_s20260709,20,HandCrafted_ECMADE_MOO,10,100,4.089736,1,1,3.785860513971784e-16,1.1102230246251563e-15,3.785860513971784e-16,1.1102230246251563e-15,,,,"rng(run,'mcg16807')",run index,p0_lite_outputs\synthetic_constrained_portfolio\test\syn_n100_k20_pathological_cov_skewed_high_vol_r03_s20260709\K_20\ECMADE_MOO\run_010,1.1897973811509375,0.018298916855387228,0.9333333333333333,0.3899226489547882
test,syn_n100_k20_pathological_cov_skewed_high_vol_r03_s20260709,20,HandCrafted_ECMADE_MOO,11,74,3.7481851,1,1,3.405684143106899e-16,1.3322676295501878e-15,3.663735981263016e-16,1.3322676295501878e-15,,,,"rng(run,'mcg16807')",run index,p0_lite_outputs\synthetic_constrained_portfolio\test\syn_n100_k20_pathological_cov_skewed_high_vol_r03_s20260709\K_20\ECMADE_MOO\run_011,1.185119372430009,0.021293690022286513,0.9333333333333333,0.3881737963787286
test,syn_n100_k20_pathological_cov_skewed_high_vol_r03_s20260709,20,HandCrafted_ECMADE_MOO,12,100,4.4015962,1,1,3.8302694349567903e-16,1.2212453270876722e-15,3.8302694349567903e-16,1.2212453270876722e-15,,,,"rng(run,'mcg16807')",run index,p0_lite_outputs\synthetic_constrained_portfolio\test\syn_n100_k20_pathological_cov_skewed_high_vol_r03_s20260709\K_20\ECMADE_MOO\run_012,1.190333759446074,0.020686545035477753,0.9416666666666667,0.3954121638642301
test,syn_n100_k20_pathological_cov_skewed_high_vol_r03_s20260709,20,HandCrafted_ECMADE_MOO,13,100,4.1416865,1,1,4.196643033083092e-16,1.4432899320127037e-15,4.196643033083092e-16,1.4432899320127037e-15,,,,"rng(run,'mcg16807')",run index,p0_lite_outputs\synthetic_constrained_portfolio\test\syn_n100_k20_pathological_cov_skewed_high_vol_r03_s20260709\K_20\ECMADE_MOO\run_013,1.1855425132350936,0.02097745701863326,0.9333333333333333,0.38003877982227463
test,syn_n100_k20_pathological_cov_skewed_high_vol_r03_s20260709,20,HandCrafted_ECMADE_MOO,14,100,4.76641,1,1,3.68594044175552e-16,1.1102230246251563e-15,3.68594044175552e-16,1.1102230246251563e-15,,,,"rng(run,'mcg16807')",run index,p0_lite_outputs\synthetic_constrained_portfolio\test\syn_n100_k20_pathological_cov_skewed_high_vol_r03_s20260709\K_20\ECMADE_MOO\run_014,1.18695902408134,0.018738813504613046,0.9416666666666667,0.41330191038498476
test,syn_n100_k20_pathological_cov_skewed_high_vol_r03_s20260709,20,HandCrafted_ECMADE_MOO,15,91,4.3782572,1,1,3.5014726161254936e-16,1.2212453270876722e-15,3.4527936065842367e-16,1.2212453270876722e-15,,,,"rng(run,'mcg16807')",run index,p0_lite_outputs\synthetic_constrained_portfolio\test\syn_n100_k20_pathological_cov_skewed_high_vol_r03_s20260709\K_20\ECMADE_MOO\run_015,1.1877029152305818,0.01769930116286904,0.9416666666666667,0.40168956403735423
test,syn_n100_k20_pathological_cov_skewed_high_vol_r03_s20260709,20,HandCrafted_ECMADE_MOO,16,85,4.1132193,1,1,3.604959468194626e-16,1.3322676295501878e-15,3.5971225997855074e-16,1.3322676295501878e-15,,,,"rng(run,'mcg16807')",run index,p0_lite_outputs\synthetic_constrained_portfolio\test\syn_n100_k20_pathological_cov_skewed_high_vol_r03_s20260709\K_20\ECMADE_MOO\run_016,1.1790499776924646,0.01988990164898755,0.9416666666666667,0.41624453520936894
test,syn_n100_k20_pathological_cov_skewed_high_vol_r03_s20260709,20,HandCrafted_ECMADE_MOO,17,82,4.1218395,1,1,4.0617915535066704e-16,1.1102230246251563e-15,3.896882816434299e-16,1.1102230246251563e-15,,,,"rng(run,'mcg16807')",run index,p0_lite_outputs\synthetic_constrained_portfolio\test\syn_n100_k20_pathological_cov_skewed_high_vol_r03_s20260709\K_20\ECMADE_MOO\run_017,1.186116895650402,0.008550828339544063,0.975,0.6574895348935279
test,syn_n100_k20_pathological_cov_skewed_high_vol_r03_s20260709,20,HandCrafted_ECMADE_MOO,18,82,4.1152451,1,1,4.0211736379716037e-16,1.3322676295501878e-15,3.8857805861880484e-16,1.3322676295501878e-15,,,,"rng(run,'mcg16807')",run index,p0_lite_outputs\synthetic_constrained_portfolio\test\syn_n100_k20_pathological_cov_skewed_high_vol_r03_s20260709\K_20\ECMADE_MOO\run_018,1.1850767642001205,0.019304661566480658,0.9416666666666667,0.43949402142002847
test,syn_n100_k20_pathological_cov_skewed_high_vol_r03_s20260709,20,HandCrafted_ECMADE_MOO,19,79,4.4583133,1,1,3.8928073141920046e-16,1.2212453270876722e-15,3.8524738954492924e-16,1.2212453270876722e-15,,,,"rng(run,'mcg16807')",run index,p0_lite_outputs\synthetic_constrained_portfolio\test\syn_n100_k20_pathological_cov_skewed_high_vol_r03_s20260709\K_20\ECMADE_MOO\run_019,1.1859129153769845,0.011050964441310037,0.9666666666666667,0.5788453127976959
test,syn_n100_k20_pathological_cov_skewed_high_vol_r03_s20260709,20,HandCrafted_ECMADE_MOO,20,90,3.6464812,1,1,3.6020569243393973e-16,1.3322676295501878e-15,3.630429290524262e-16,1.3322676295501878e-15,,,,"rng(run,'mcg16807')",run index,p0_lite_outputs\synthetic_constrained_portfolio\test\syn_n100_k20_pathological_cov_skewed_high_vol_r03_s20260709\K_20\ECMADE_MOO\run_020,1.1843375627229038,0.023779262913665437,0.9083333333333333,0.35606452311325076
test,syn_n100_k20_pathological_cov_skewed_high_vol_r03_s20260709,20,HandCrafted_ECMADE_MOO,21,100,3.6810576,1,1,3.8302694349567903e-16,1.4432899320127037e-15,3.8302694349567903e-16,1.4432899320127037e-15,,,,"rng(run,'mcg16807')",run index,p0_lite_outputs\synthetic_constrained_portfolio\test\syn_n100_k20_pathological_cov_skewed_high_vol_r03_s20260709\K_20\ECMADE_MOO\run_021,1.184023958448715,0.020676473863938765,0.9416666666666667,0.40921820204050197
test,syn_n100_k20_pathological_cov_skewed_high_vol_r03_s20260709,20,HandCrafted_ECMADE_MOO,22,91,3.6504288,1,1,3.6844764113933774e-16,1.3322676295501878e-15,3.8524738954492924e-16,1.3322676295501878e-15,,,,"rng(run,'mcg16807')",run index,p0_lite_outputs\synthetic_constrained_portfolio\test\syn_n100_k20_pathological_cov_skewed_high_vol_r03_s20260709\K_20\ECMADE_MOO\run_022,1.1840988344945176,0.018416990664319607,0.9416666666666667,0.41429524357045566
test,syn_n100_k20_pathological_cov_skewed_high_vol_r03_s20260709,20,HandCrafted_ECMADE_MOO,23,85,3.6039038,1,1,4.0098643359990953e-16,1.1102230246251563e-15,4.085620730620576e-16,1.1102230246251563e-15,,,,"rng(run,'mcg16807')",run index,p0_lite_outputs\synthetic_constrained_portfolio\test\syn_n100_k20_pathological_cov_skewed_high_vol_r03_s20260709\K_20\ECMADE_MOO\run_023,1.1831304280681505,0.019321844813822295,0.9416666666666667,0.4104779347045747
test,syn_n100_k20_pathological_cov_skewed_high_vol_r03_s20260709,20,HandCrafted_ECMADE_MOO,24,93,3.4515082,1,1,4.1663208128406415e-16,1.1102230246251563e-15,4.063416270128073e-16,1.1102230246251563e-15,,,,"rng(run,'mcg16807')",run index,p0_lite_outputs\synthetic_constrained_portfolio\test\syn_n100_k20_pathological_cov_skewed_high_vol_r03_s20260709\K_20\ECMADE_MOO\run_024,1.184614533359831,0.020202554032666395,0.9333333333333333,0.38368229450579844
test,syn_n100_k20_pathological_cov_skewed_high_vol_r03_s20260709,20,HandCrafted_ECMADE_MOO,25,100,3.4964161,1,1,3.3306690738754696e-16,1.1102230246251563e-15,3.3306690738754696e-16,1.1102230246251563e-15,,,,"rng(run,'mcg16807')",run index,p0_lite_outputs\synthetic_constrained_portfolio\test\syn_n100_k20_pathological_cov_skewed_high_vol_r03_s20260709\K_20\ECMADE_MOO\run_025,1.1859573893061175,0.01752132886179577,0.9416666666666667,0.4150906546797457
test,syn_n100_k20_pathological_cov_skewed_high_vol_r03_s20260709,20,HandCrafted_ECMADE_MOO,26,92,3.7199213,1,1,3.8133747367559726e-16,1.4432899320127037e-15,3.7303493627405263e-16,1.4432899320127037e-15,,,,"rng(run,'mcg16807')",run index,p0_lite_outputs\synthetic_constrained_portfolio\test\syn_n100_k20_pathological_cov_skewed_high_vol_r03_s20260709\K_20\ECMADE_MOO\run_026,1.1795851887778719,0.00869990745472341,0.9833333333333333,0.7221873830011907
test,syn_n100_k20_pathological_cov_skewed_high_vol_r03_s20260709,20,HandCrafted_ECMADE_MOO,27,100,3.7846289,1,1,3.7636560534792813e-16,1.1102230246251563e-15,3.7636560534792813e-16,1.1102230246251563e-15,,,,"rng(run,'mcg16807')",run index,p0_lite_outputs\synthetic_constrained_portfolio\test\syn_n100_k20_pathological_cov_skewed_high_vol_r03_s20260709\K_20\ECMADE_MOO\run_027,1.1909278338361131,0.016829348813288465,0.9416666666666667,0.40916499698905856
test,syn_n100_k20_pathological_cov_skewed_high_vol_r03_s20260709,20,HandCrafted_ECMADE_MOO,28,80,1.788347,1,1,3.108624468950438e-16,8.881784197001252e-16,3.141931159689193e-16,8.881784197001252e-16,,,,"rng(run,'mcg16807')",run index,p0_lite_outputs\synthetic_constrained_portfolio\test\syn_n100_k20_pathological_cov_skewed_high_vol_r03_s20260709\K_20\ECMADE_MOO\run_028,1.1857113178426115,0.008835311048703363,0.975,0.7268670576951288
test,syn_n100_k20_pathological_cov_skewed_high_vol_r03_s20260709,20,HandCrafted_ECMADE_MOO,29,100,1.9786746,1,1,3.808064974464287e-16,1.2212453270876722e-15,3.808064974464287e-16,1.2212453270876722e-15,,,,"rng(run,'mcg16807')",run index,p0_lite_outputs\synthetic_constrained_portfolio\test\syn_n100_k20_pathological_cov_skewed_high_vol_r03_s20260709\K_20\ECMADE_MOO\run_029,1.1858060324377149,0.01641021464886487,0.9416666666666667,0.4401255198278326
test,syn_n100_k20_pathological_cov_skewed_high_vol_r03_s20260709,20,HandCrafted_ECMADE_MOO,30,100,2.9481648,1,1,3.1308289294429413e-16,1.3322676295501878e-15,3.1308289294429413e-16,1.3322676295501878e-15,,,,"rng(run,'mcg16807')",run index,p0_lite_outputs\synthetic_constrained_portfolio\test\syn_n100_k20_pathological_cov_skewed_high_vol_r03_s20260709\K_20\ECMADE_MOO\run_030,1.1874313375742516,0.02252479672134413,0.8916666666666667,0.3911564601775503
test,syn_n100_k30_high_corr_heavy_tail_extreme_events_r01_s20260722,30,HandCrafted_ECMADE_MOO,1,87,4.0262951,1,1,3.713504599608282e-16,9.992007221626409e-16,3.774758283725532e-16,1.3322676295501878e-15,,,,"rng(run,'mcg16807')",run index,p0_lite_outputs\synthetic_constrained_portfolio\test\syn_n100_k30_high_corr_heavy_tail_extreme_events_r01_s20260722\K_30\ECMADE_MOO\run_001,1.0161300722526596,0.01730068303139173,0.6666666666666666,1.0930280119694824
test,syn_n100_k30_high_corr_heavy_tail_extreme_events_r01_s20260722,30,HandCrafted_ECMADE_MOO,2,64,3.4948408,1,1,3.4867941867133823e-16,1.1102230246251563e-15,3.4527936065842367e-16,1.1102230246251563e-15,,,,"rng(run,'mcg16807')",run index,p0_lite_outputs\synthetic_constrained_portfolio\test\syn_n100_k30_high_corr_heavy_tail_extreme_events_r01_s20260722\K_30\ECMADE_MOO\run_002,1.006753243485198,0.023026182078013095,0.5583333333333333,1.0110658078979953
test,syn_n100_k30_high_corr_heavy_tail_extreme_events_r01_s20260722,30,HandCrafted_ECMADE_MOO,3,100,3.6314681,1,1,3.3306690738754696e-16,1.5543122344752194e-15,3.3306690738754696e-16,1.5543122344752194e-15,,,,"rng(run,'mcg16807')",run index,p0_lite_outputs\synthetic_constrained_portfolio\test\syn_n100_k30_high_corr_heavy_tail_extreme_events_r01_s20260722\K_30\ECMADE_MOO\run_003,1.0021828294230475,0.03536322689598134,0.625,0.9701988737307079
test,syn_n100_k30_high_corr_heavy_tail_extreme_events_r01_s20260722,30,HandCrafted_ECMADE_MOO,4,100,3.8445852,1,1,3.808064974464287e-16,1.2212453270876722e-15,3.808064974464287e-16,1.2212453270876722e-15,,,,"rng(run,'mcg16807')",run index,p0_lite_outputs\synthetic_constrained_portfolio\test\syn_n100_k30_high_corr_heavy_tail_extreme_events_r01_s20260722\K_30\ECMADE_MOO\run_004,0.878394168421299,0.21804095857405273,0.5416666666666666,0.564522631835589
test,syn_n100_k30_high_corr_heavy_tail_extreme_events_r01_s20260722,30,HandCrafted_ECMADE_MOO,5,100,3.7723927,1,1,3.419486915845482e-16,9.992007221626409e-16,3.419486915845482e-16,9.992007221626409e-16,,,,"rng(run,'mcg16807')",run index,p0_lite_outputs\synthetic_constrained_portfolio\test\syn_n100_k30_high_corr_heavy_tail_extreme_events_r01_s20260722\K_30\ECMADE_MOO\run_005,0.8881744789618953,0.21500521062768324,0.5416666666666666,0.38088881620515036
test,syn_n100_k30_high_corr_heavy_tail_extreme_events_r01_s20260722,30,HandCrafted_ECMADE_MOO,6,60,3.5425176,1,1,3.034609600642094e-16,8.881784197001252e-16,3.05311331771918e-16,9.992007221626409e-16,,,,"rng(run,'mcg16807')",run index,p0_lite_outputs\synthetic_constrained_portfolio\test\syn_n100_k30_high_corr_heavy_tail_extreme_events_r01_s20260722\K_30\ECMADE_MOO\run_006,0.8873238252828123,0.146223445179016,0.5333333333333333,0.45625985065123303
test,syn_n100_k30_high_corr_heavy_tail_extreme_events_r01_s20260722,30,HandCrafted_ECMADE_MOO,7,86,3.6078125,1,1,3.5501317647897446e-16,1.1102230246251563e-15,3.630429290524262e-16,1.1102230246251563e-15,,,,"rng(run,'mcg16807')",run index,p0_lite_outputs\synthetic_constrained_portfolio\test\syn_n100_k30_high_corr_heavy_tail_extreme_events_r01_s20260722\K_30\ECMADE_MOO\run_007,1.0011273928897246,0.026788953812435047,0.45,1.085695666365159
test,syn_n100_k30_high_corr_heavy_tail_extreme_events_r01_s20260722,30,HandCrafted_ECMADE_MOO,8,100,3.9974856,1,1,3.552713678800501e-16,8.881784197001252e-16,3.552713678800501e-16,8.881784197001252e-16,,,,"rng(run,'mcg16807')",run index,p0_lite_outputs\synthetic_constrained_portfolio\test\syn_n100_k30_high_corr_heavy_tail_extreme_events_r01_s20260722\K_30\ECMADE_MOO\run_008,1.0112203188638125,0.019298378052298202,0.5416666666666666,1.1907536835786752
test,syn_n100_k30_high_corr_heavy_tail_extreme_events_r01_s20260722,30,HandCrafted_ECMADE_MOO,9,60,3.5627922,1,1,3.2196467714129544e-16,8.881784197001252e-16,3.05311331771918e-16,9.992007221626409e-16,,,,"rng(run,'mcg16807')",run index,p0_lite_outputs\synthetic_constrained_portfolio\test\syn_n100_k30_high_corr_heavy_tail_extreme_events_r01_s20260722\K_30\ECMADE_MOO\run_009,0.9962132325904204,0.038795451157975516,0.21666666666666667,1.1412728187981005
test,syn_n100_k30_high_corr_heavy_tail_extreme_events_r01_s20260722,30,HandCrafted_ECMADE_MOO,10,100,3.875275,1,1,3.563815909046752e-16,1.1102230246251563e-15,3.563815909046752e-16,1.1102230246251563e-15,,,,"rng(run,'mcg16807')",run index,p0_lite_outputs\synthetic_constrained_portfolio\test\syn_n100_k30_high_corr_heavy_tail_extreme_events_r01_s20260722\K_30\ECMADE_MOO\run_010,0.891179107635251,0.2168730961384328,0.5416666666666666,0.39557961608987446
test,syn_n100_k30_high_corr_heavy_tail_extreme_events_r01_s20260722,30,HandCrafted_ECMADE_MOO,11,100,3.6761763,1,1,4.130029651605583e-16,1.4432899320127037e-15,4.130029651605583e-16,1.4432899320127037e-15,,,,"rng(run,'mcg16807')",run index,p0_lite_outputs\synthetic_constrained_portfolio\test\syn_n100_k30_high_corr_heavy_tail_extreme_events_r01_s20260722\K_30\ECMADE_MOO\run_011,0.8867060838792253,0.21448567224906187,0.5416666666666666,0.37288194502126476
test,syn_n100_k30_high_corr_heavy_tail_extreme_events_r01_s20260722,30,HandCrafted_ECMADE_MOO,12,100,3.7451856,1,1,3.3195668436292183e-16,8.881784197001252e-16,3.3195668436292183e-16,8.881784197001252e-16,,,,"rng(run,'mcg16807')",run index,p0_lite_outputs\synthetic_constrained_portfolio\test\syn_n100_k30_high_corr_heavy_tail_extreme_events_r01_s20260722\K_30\ECMADE_MOO\run_012,1.0324626609512393,0.011985552819175004,0.9416666666666667,1.163727410823993
test,syn_n100_k30_high_corr_heavy_tail_extreme_events_r01_s20260722,30,HandCrafted_ECMADE_MOO,13,100,4.0491934,1,1,3.4861002973229917e-16,1.1102230246251563e-15,3.4861002973229917e-16,1.1102230246251563e-15,,,,"rng(run,'mcg16807')",run index,p0_lite_outputs\synthetic_constrained_portfolio\test\syn_n100_k30_high_corr_heavy_tail_extreme_events_r01_s20260722\K_30\ECMADE_MOO\run_013,1.0178919428095246,0.015126404543228807,0.7083333333333334,1.1250366801144318
test,syn_n100_k30_high_corr_heavy_tail_extreme_events_r01_s20260722,30,HandCrafted_ECMADE_MOO,14,100,3.6154309,1,1,4.0745185003743244e-16,1.3322676295501878e-15,4.0745185003743244e-16,1.3322676295501878e-15,,,,"rng(run,'mcg16807')",run index,p0_lite_outputs\synthetic_constrained_portfolio\test\syn_n100_k30_high_corr_heavy_tail_extreme_events_r01_s20260722\K_30\ECMADE_MOO\run_014,0.8886498689480619,0.21524407693624348,0.5416666666666666,0.35910180195117036
test,syn_n100_k30_high_corr_heavy_tail_extreme_events_r01_s20260722,30,HandCrafted_ECMADE_MOO,15,59,3.121443,1,1,3.4812077890788813e-16,1.1102230246251563e-15,3.241851231905457e-16,1.1102230246251563e-15,,,,"rng(run,'mcg16807')",run index,p0_lite_outputs\synthetic_constrained_portfolio\test\syn_n100_k30_high_corr_heavy_tail_extreme_events_r01_s20260722\K_30\ECMADE_MOO\run_015,0.989730719898883,0.03309352392428832,0.21666666666666667,1.072519982389715
test,syn_n100_k30_high_corr_heavy_tail_extreme_events_r01_s20260722,30,HandCrafted_ECMADE_MOO,16,63,3.3817554,1,1,3.3306690738754696e-16,1.2212453270876722e-15,3.552713678800501e-16,1.2212453270876722e-15,,,,"rng(run,'mcg16807')",run index,p0_lite_outputs\synthetic_constrained_portfolio\test\syn_n100_k30_high_corr_heavy_tail_extreme_events_r01_s20260722\K_30\ECMADE_MOO\run_016,1.0147157029861615,0.02099343149809095,0.6083333333333333,1.1434117184701875
test,syn_n100_k30_high_corr_heavy_tail_extreme_events_r01_s20260722,30,HandCrafted_ECMADE_MOO,17,64,3.056159,1,1,3.6082248300317592e-16,8.881784197001252e-16,3.5083047578154953e-16,8.881784197001252e-16,,,,"rng(run,'mcg16807')",run index,p0_lite_outputs\synthetic_constrained_portfolio\test\syn_n100_k30_high_corr_heavy_tail_extreme_events_r01_s20260722\K_30\ECMADE_MOO\run_017,0.8949498225153558,0.09522410394101541,0.49166666666666664,0.7452731454466905
test,syn_n100_k30_high_corr_heavy_tail_extreme_events_r01_s20260722,30,HandCrafted_ECMADE_MOO,18,100,3.3663697,1,1,3.652633751016765e-16,1.1102230246251563e-15,3.652633751016765e-16,1.1102230246251563e-15,,,,"rng(run,'mcg16807')",run index,p0_lite_outputs\synthetic_constrained_portfolio\test\syn_n100_k30_high_corr_heavy_tail_extreme_events_r01_s20260722\K_30\ECMADE_MOO\run_018,1.0296685409286566,0.013405725939185046,0.8916666666666667,1.1524487527441845
test,syn_n100_k30_high_corr_heavy_tail_extreme_events_r01_s20260722,30,HandCrafted_ECMADE_MOO,19,100,3.6023798,1,1,3.708144902248023e-16,1.1102230246251563e-15,3.708144902248023e-16,1.1102230246251563e-15,,,,"rng(run,'mcg16807')",run index,p0_lite_outputs\synthetic_constrained_portfolio\test\syn_n100_k30_high_corr_heavy_tail_extreme_events_r01_s20260722\K_30\ECMADE_MOO\run_019,0.9659107553596887,0.0631823611120683,0.16666666666666666,1.1178809364399525
test,syn_n100_k30_high_corr_heavy_tail_extreme_events_r01_s20260722,30,HandCrafted_ECMADE_MOO,20,78,3.0162889,1,1,3.6295752728130117e-16,1.1102230246251563e-15,3.5083047578154953e-16,1.1102230246251563e-15,,,,"rng(run,'mcg16807')",run index,p0_lite_outputs\synthetic_constrained_portfolio\test\syn_n100_k30_high_corr_heavy_tail_extreme_events_r01_s20260722\K_30\ECMADE_MOO\run_020,1.0015114960273577,0.02502445296639079,0.4,1.0904804197018332
