split,instance,K,method,runs,theta_ids,N,maxFE,rng_policy,seed_policy,PF_Drift,HV,IGD,PF_Overlap,Diversity,Runtime,PF_Size,PF_Feasible_Rate,Population_Feasible_Rate,PF_Mean_Violation,PF_Max_Violation,Population_Mean_Violation,Population_Max_Violation,rank_HV,rank_IGD,rank_PF_Overlap,rank_PF_Drift,rank_Diversity,rank_Runtime,InstanceRankScore,RankBasedCompositeRank,HV_score,IGD_score,PF_Overlap_score,PF_Drift_score,DiversityScore,RuntimeScore,PerformanceScore,StabilityScore,J_stability,J_performance,EqualWeightedScore,PerformanceRank,StabilityWeightedRank,EqualWeightedRank
test,syn_n100_k05_cluster_corr_skewed_high_vol_r01_s20260685,5,HandCrafted_ECMADE_MOO,30,,,,"rng(run,'mcg16807')",run index,0.026754666812068163,1.0476901395408467,0.012899162336261297,0.848888888888889,1.1607953066195245,2.556757423333333,100.0,1.0,1.0,3.529398995283373e-16,1.3507713466272737e-15,3.529398995283373e-16,1.3507713466272737e-15,1.0,1.0,1.0,5.0,5.0,2.0,2.5,1.0,1.0,1.0,1.0,0.0,0.0,0.908539533147999,1.0,0.5,0.5658539533147999,0.6658539533147998,0.6021348832869997,1.0,1.0,1.0
test,syn_n100_k05_cluster_corr_skewed_high_vol_r01_s20260685,5,RandomConfig_ECMADE_MOO,30,theta_07,100.0,10000.0,"rng(run,'mcg16807')",run index,0.0265630216784586,1.0402244482532257,0.01746664898303708,0.8308333333333334,1.1940602270952867,6.919925763333334,100.0,1.0,1.0,1.9428902930940238e-17,2.2204460492503104e-16,1.9428902930940238e-17,2.2204460492503104e-16,2.0,3.0,2.0,4.0,1.0,5.0,2.8333333333333335,3.0,0.027891409208669043,0.0037982007197145057,0.7601476014760145,0.03169050891745371,1.0,0.0,0.015844804964191776,0.3959190551967341,0.3821247760795783,0.30610992603306986,0.3529409650402315,3.0,4.0,5.0
test,syn_n100_k05_cluster_corr_skewed_high_vol_r01_s20260685,5,BayesianConfig_ECMADE_MOO,30,theta_02,100.0,10000.0,"rng(run,'mcg16807')",run index,0.02537714730068415,1.0400102451768398,0.01748406335739537,0.8286111111111111,1.1720511303839798,2.11752787,100.0,1.0,1.0,2.1649348980190544e-17,2.2204460492503104e-16,2.1649348980190544e-17,2.2204460492503104e-16,4.5,4.5,3.5,2.5,3.5,1.0,3.25,4.0,0.0,0.0,0.7306273062730608,0.22778712684882652,0.33836917700304264,1.0,0.0,0.47920721656094367,0.38331708285303323,0.28747563954084443,0.4543940983909966,4.5,3.0,3.0
test,syn_n100_k05_cluster_corr_skewed_high_vol_r01_s20260685,5,MetaDesigned_ECMADE_MOO,30,theta_02,100.0,10000.0,"rng(run,'mcg16807')",run index,0.02537714730068415,1.0400102451768398,0.01748406335739537,0.8286111111111111,1.1720511303839798,3.3860383166666663,100.0,1.0,1.0,2.1649348980190544e-17,2.2204460492503104e-16,2.1649348980190544e-17,2.2204460492503104e-16,4.5,4.5,3.5,2.5,3.5,4.0,3.75,5.0,0.0,0.0,0.7306273062730608,0.22778712684882652,0.33836917700304264,0.7358589448767653,0.0,0.47920721656094367,0.35690297734070975,0.261061534028521,0.38835883461018794,4.5,5.0,4.0
test,syn_n100_k05_cluster_corr_skewed_high_vol_r01_s20260685,5,ExperimentC_NoReplicate_ECMADE_MOO,30,theta_200,100.0,10000.0,"rng(run,'mcg16807')",run index,0.02070726839039081,1.0400956184323993,0.01590578960061976,0.7736111111111111,1.1837409587716157,3.294295443333333,100.0,1.0,1.0,1.8577731945394274e-17,2.1834386150961386e-16,1.8577731945394274e-17,2.1834386150961386e-16,3.0,2.0,5.0,1.0,2.0,3.0,2.6666666666666665,2.0,0.011116462221092353,0.3442328960866481,0.0,1.0,0.6897852700056825,0.7549625000946056,0.17767467915387022,0.5,0.48287197379906466,0.4184069096298387,0.5306056123135396,2.0,2.0,2.0
test,syn_n100_k05_low_corr_skewed_extreme_events_r02_s20260686,5,HandCrafted_ECMADE_MOO,30,,,,"rng(run,'mcg16807')",run index,0.029209338169530634,1.0020956533596304,0.01760417183976794,0.8402777777777778,1.3112919185962582,2.7160202199999994,100.0,1.0,1.0,3.6382008516966376e-16,1.3285668861347707e-15,3.6382008516966376e-16,1.3285668861347707e-15,1.0,1.0,1.0,2.0,2.0,2.0,1.5,1.0,1.0,1.0,1.0,0.6461639077074969,0.8946024054891666,0.8995984112389814,1.0,0.8230819538537484,0.8892672014559182,0.9246508106851685,0.9043206926454741,1.0,1.0,1.0
test,syn_n100_k05_low_corr_skewed_extreme_events_r02_s20260686,5,RandomConfig_ECMADE_MOO,30,theta_21,100.0,10000.0,"rng(run,'mcg16807')",run index,0.038662310280482996,0.9806893717768941,0.035599995873327954,0.7236111111111111,1.2989096823313775,7.744574086666668,100.0,1.0,1.0,1.713444201338158e-17,2.1464311809419669e-16,1.713444201338158e-17,2.1464311809419669e-16,5.0,5.0,4.0,5.0,4.0,5.0,4.666666666666667,5.0,0.0,0.0,0.25133689839572143,0.0,0.02348655546548909,0.0,0.0,0.12566844919786072,0.06124811323213514,0.036114423392562996,0.03728875116583745,5.0,5.0,5.0
test,syn_n100_k05_low_corr_skewed_extreme_events_r02_s20260686,5,BayesianConfig_ECMADE_MOO,30,theta_02,100.0,10000.0,"rng(run,'mcg16807')",run index,0.03719788212105131,0.9918026647275868,0.025919376360548137,0.805277777777778,1.298575839159067,2.1547978,100.0,1.0,1.0,2.1575334111882196e-17,2.2204460492503104e-16,2.1575334111882196e-17,2.2204460492503104e-16,3.0,3.0,3.0,4.0,5.0,1.0,3.1666666666666665,3.0,0.5191603645751995,0.5379369955344442,0.7754010695187177,0.10010191619616898,0.0,1.0,0.5285486800548218,0.4377514928574433,0.42912534179955497,0.44728477923903065,0.4915750432280663,3.0,3.0,3.0
test,syn_n100_k05_low_corr_skewed_extreme_events_r02_s20260686,5,MetaDesigned_ECMADE_MOO,30,theta_09,100.0,10000.0,"rng(run,'mcg16807')",run index,0.024032938385524883,0.9991034261890447,0.01838723659954323,0.8102777777777777,1.3076494378408905,5.989785693333334,100.0,1.0,1.0,2.0724163126336247e-17,2.146431180941967e-16,2.0724163126336247e-17,2.146431180941967e-16,2.0,2.0,2.0,1.0,3.0,3.0,2.1666666666666665,2.0,0.8602173311128056,0.9564863071390914,0.8074866310160418,1.0,0.638346374548574,0.31392819736257466,0.9083518191259485,0.9037433155080209,0.7928345414060688,0.7937562421296543,0.6910924266362796,2.0,2.0,2.0
test,syn_n100_k05_low_corr_skewed_extreme_events_r02_s20260686,5,ExperimentC_NoReplicate_ECMADE_MOO,30,theta_164,100.0,10000.0,"rng(run,'mcg16807')",run index,0.03280297340060048,0.9821392225237787,0.03012148287639944,0.6844444444444445,1.3127900636672585,6.541593143333332,100.0,1.0,1.0,2.161234154603638e-17,2.2204460492503104e-16,2.161234154603638e-17,2.2204460492503104e-16,4.0,4.0,5.0,3.0,1.0,4.0,3.5,4.0,0.06773015394013665,0.3044324609260324,0.0,0.400518690888013,1.0,0.21521092824462668,0.18608130743308451,0.2002593454440065,0.35815812513253675,0.3553225175303524,0.4003878952804294,4.0,4.0,4.0
test,syn_n100_k10_cluster_corr_skewed_high_vol_r01_s20260697,10,HandCrafted_ECMADE_MOO,30,,,,"rng(run,'mcg16807')",run index,0.0466847771586124,1.097998310618015,0.01615191123570748,0.8633333333333334,0.8965930717855279,1.9509815166666666,100.0,1.0,1.0,4.2443826231419734e-16,1.5950204120448083e-15,4.2443826231419734e-16,1.5950204120448083e-15,4.0,4.0,4.0,4.0,3.0,2.0,3.5,4.0,0.31677458915695106,0.3828295467148384,0.21577726218097523,0.058687152374121795,0.4503571641162745,0.9076492549577043,0.34980206793589474,0.1372322072775485,0.33004136857789584,0.3725553407095651,0.46126017357185556,4.0,4.0,4.0
test,syn_n100_k10_cluster_corr_skewed_high_vol_r01_s20260697,10,RandomConfig_ECMADE_MOO,30,theta_23,100.0,10000.0,"rng(run,'mcg16807')",run index,0.04820558869020318,1.0902302645321507,0.020748836861744637,0.8374999999999999,0.9179849133955529,5.044003103333333,100.0,1.0,1.0,5.6621374255883e-17,3.293661639721298e-16,5.6621374255883e-17,3.293661639721298e-16,5.0,5.0,5.0,5.0,1.0,5.0,4.333333333333333,5.0,0.0,0.0,0.0,0.0,1.0,0.0,0.0,0.0,0.2,0.2,0.25,5.0,5.0,5.0
test,syn_n100_k10_cluster_corr_skewed_high_vol_r01_s20260697,10,BayesianConfig_ECMADE_MOO,30,theta_02,100.0,10000.0,"rng(run,'mcg16807')",run index,0.024540884325348605,1.1063498042942173,0.011626602818708538,0.9230555555555556,0.8999890746561945,1.6362753166666664,100.0,1.0,1.0,6.191343733992957e-17,3.1826393372587826e-16,6.191343733992957e-17,3.1826393372587826e-16,3.0,3.0,3.0,3.0,2.0,1.0,2.5,3.0,0.657341695593157,0.7596948499540394,0.7146171693735496,0.9132059312412327,0.5376141980140801,1.0,0.7085182727735981,0.8139115503073912,0.7509126054345415,0.7298339499277829,0.7650110052737673,3.0,2.0,1.0
test,syn_n100_k10_cluster_corr_skewed_high_vol_r01_s20260697,10,MetaDesigned_ECMADE_MOO,30,theta_09,100.0,10000.0,"rng(run,'mcg16807')",run index,0.02229171367551791,1.114752578984638,0.008741076056747758,0.9572222222222224,0.8790653819954378,4.033929959999999,100.0,1.0,1.0,5.854576083189992e-17,3.293661639721298e-16,5.854576083189992e-17,3.293661639721298e-16,1.5,1.5,1.5,1.5,4.5,4.0,2.4166666666666665,2.0,1.0,1.0,1.0,1.0,0.0,0.29640664001550315,1.0,1.0,0.7296406640015503,0.7296406640015503,0.5741016600038757,1.5,3.0,3.0
test,syn_n100_k10_cluster_corr_skewed_high_vol_r01_s20260697,10,ExperimentC_NoReplicate_ECMADE_MOO,30,theta_086,100.0,10000.0,"rng(run,'mcg16807')",run index,0.02229171367551791,1.114752578984638,0.008741076056747758,0.9572222222222224,0.8790653819954378,2.7898117299999994,100.0,1.0,1.0,5.854576083189992e-17,3.293661639721298e-16,5.854576083189992e-17,3.293661639721298e-16,1.5,1.5,1.5,1.5,4.5,3.0,2.25,1.0,1.0,1.0,1.0,1.0,0.0,0.6614939673741703,1.0,1.0,0.766149396737417,0.766149396737417,0.6653734918435426,1.5,1.0,2.0
test,syn_n100_k10_high_corr_normal_low_vol_r03_s20260698,10,HandCrafted_ECMADE_MOO,30,,,,"rng(run,'mcg16807')",run index,0.04155579214226761,0.9893394867724972,0.014900893035119229,0.8344444444444445,1.1288767144902085,1.982953786666667,100.0,1.0,1.0,3.9094653440467173e-16,1.3248661427193535e-15,3.9094653440467173e-16,1.3248661427193535e-15,1.0,1.0,1.0,4.0,2.0,2.0,1.8333333333333333,1.0,1.0,1.0,1.0,0.49539421148390017,0.7612594042613855,0.8938810064548046,1.0,0.7476971057419501,0.8281036790816352,0.8785642579332451,0.850709379114535,1.0,1.0,1.0
test,syn_n100_k10_high_corr_normal_low_vol_r03_s20260698,10,RandomConfig_ECMADE_MOO,30,theta_10,100.0,10000.0,"rng(run,'mcg16807')",run index,0.036104147279074676,0.9820024127439935,0.01926099871270358,0.7624999999999998,1.07191320905201,5.256971263333333,100.0,1.0,1.0,6.294964549624638e-17,3.441691376337986e-16,6.294964549624638e-17,3.441691376337986e-16,2.5,2.5,2.5,1.5,3.5,5.0,2.9166666666666665,3.0,0.5385267233404792,0.5132459880474387,0.5299455535390185,1.0,0.265439441671151,0.0,0.525886355693959,0.7649727767695093,0.5287972268039991,0.4809799425888891,0.38907464353365484,2.5,3.0,3.0
test,syn_n100_k10_high_corr_normal_low_vol_r03_s20260698,10,BayesianConfig_ECMADE_MOO,30,theta_02,100.0,10000.0,"rng(run,'mcg16807')",run index,0.03948520883221183,0.9734402475324381,0.023858406626212723,0.7100000000000001,1.0414175408256723,1.5942718066666663,100.0,1.0,1.0,5.965598385652508e-17,3.1086244689504376e-16,5.965598385652508e-17,3.1086244689504376e-16,5.0,5.0,4.0,3.0,5.0,1.0,3.8333333333333335,5.0,0.0,0.0,0.18693284936479143,0.687047987560399,0.0,1.0,0.0,0.43699041846259523,0.29664568830816784,0.2092476046156488,0.3592476046156488,5.0,4.0,5.0
test,syn_n100_k10_high_corr_normal_low_vol_r03_s20260698,10,MetaDesigned_ECMADE_MOO,30,theta_09,100.0,10000.0,"rng(run,'mcg16807')",run index,0.036104147279074676,0.9820024127439935,0.01926099871270358,0.7624999999999998,1.07191320905201,4.0475237533333335,100.0,1.0,1.0,6.294964549624638e-17,3.441691376337986e-16,6.294964549624638e-17,3.441691376337986e-16,2.5,2.5,2.5,1.5,3.5,4.0,2.75,2.0,0.5385267233404792,0.5132459880474387,0.5299455535390185,1.0,0.265439441671151,0.33020659333613145,0.525886355693959,0.7649727767695093,0.5618178861376122,0.5140006019225023,0.4716262918676877,2.5,2.0,2.0
test,syn_n100_k10_high_corr_normal_low_vol_r03_s20260698,10,ExperimentC_NoReplicate_ECMADE_MOO,30,theta_037,100.0,10000.0,"rng(run,'mcg16807')",run index,0.04690791724617047,0.9789088727766668,0.02363976634378473,0.6813888888888889,1.1563050196206224,3.956537143333334,100.0,1.0,1.0,5.913787977836669e-17,3.4416913763379854e-16,5.913787977836669e-17,3.4416913763379854e-16,4.0,4.0,5.0,5.0,1.0,3.0,3.6666666666666665,4.0,0.34395515166852897,0.024408590643433526,0.0,0.0,1.0,0.3550480009035446,0.18418187115598125,0.0,0.2815502678793498,0.318386642110546,0.38480746801488147,4.0,5.0,4.0
test,syn_n100_k20_high_corr_heavy_tail_extreme_events_r01_s20260710,20,HandCrafted_ECMADE_MOO,30,,,,"rng(run,'mcg16807')",run index,0.022117548214084945,1.075930058274864,0.007325956656935049,0.9733333333333335,0.93423389594806,1.9451244233333334,100.0,1.0,1.0,3.694452151610979e-16,1.2286468139185065e-15,3.694452151610979e-16,1.2286468139185065e-15,3.0,3.0,3.0,3.0,3.0,2.0,2.8333333333333335,3.0,0.6782932667618153,0.8712897043216922,0.7165991902834017,0.5898141197747164,0.3220459383073122,0.8879995156247265,0.7747914855417537,0.6532066550290591,0.6408500053724501,0.665166971474989,0.6595108986257129,3.0,3.0,2.0
test,syn_n100_k20_high_corr_heavy_tail_extreme_events_r01_s20260710,20,RandomConfig_ECMADE_MOO,30,theta_05,100.0,10000.0,"rng(run,'mcg16807')",run index,0.038097462712986606,1.0587175595743339,0.019622541212519738,0.9241666666666668,0.9693099568820787,4.926442280000001,100.0,1.0,1.0,8.093525849517395e-17,4.0338103228047364e-16,8.093525849517395e-17,4.0338103228047364e-16,5.0,5.0,5.0,5.0,1.0,5.0,4.333333333333333,5.0,0.0,0.0,0.0,0.0,1.0,0.0,0.0,0.0,0.2,0.2,0.25,5.0,5.0,5.0
test,syn_n100_k20_high_corr_heavy_tail_extreme_events_r01_s20260710,20,BayesianConfig_ECMADE_MOO,30,theta_02,100.0,10000.0,"rng(run,'mcg16807')",run index,0.022646800190044426,1.0648078173364959,0.011446171821782813,0.9480555555555555,0.917666453052213,1.5691005199999999,100.0,1.0,1.0,8.452497960812857e-17,4.181840059421425e-16,8.452497960812857e-17,4.181840059421425e-16,4.0,4.0,4.0,4.0,4.0,1.0,3.5,4.0,0.2399989045629446,0.5793467638657954,0.3481781376518199,0.5702795791887186,0.0018285335015248093,1.0,0.40967283421437,0.4592288584202693,0.4094369015430186,0.3995256967018388,0.467682556534041,4.0,4.0,4.0
test,syn_n100_k20_high_corr_heavy_tail_extreme_events_r01_s20260710,20,MetaDesigned_ECMADE_MOO,30,theta_09,100.0,10000.0,"rng(run,'mcg16807')",run index,0.014218674444951495,1.079791126416663,0.0055094574763154824,0.9833333333333335,0.9175718481871588,3.7128345,100.0,1.0,1.0,8.07132138902489e-17,3.9968028886505646e-16,8.07132138902489e-17,3.9968028886505646e-16,2.0,1.0,2.0,2.0,5.0,4.0,2.6666666666666665,2.0,0.8304464531559634,1.0,0.8623481781376529,0.8813593141919495,0.0,0.36147877301594716,0.9152232265779817,0.8718537461648012,0.6572878697202507,0.6659617658028868,0.5371389364396825,2.0,2.0,3.0
test,syn_n100_k20_high_corr_heavy_tail_extreme_events_r01_s20260710,20,ExperimentC_NoReplicate_ECMADE_MOO,30,theta_234,100.0,10000.0,"rng(run,'mcg16807')",run index,0.011004326141408264,1.08409374940842,0.005772354942463307,0.9927777777777779,0.9388993485460453,2.4766706333333333,100.0,1.0,1.0,7.638334409421079e-17,3.663735981263018e-16,7.638334409421079e-17,3.663735981263018e-16,1.0,2.0,1.0,1.0,2.0,3.0,1.6666666666666667,1.0,1.0,0.9813720749439462,1.0,1.0,0.4122203323018,0.72967598230651,0.990686037471973,1.0,0.8530831740590044,0.851220381553399,0.7831455880200708,1.0,1.0,1.0
test,syn_n100_k20_pathological_cov_skewed_high_vol_r03_s20260709,20,HandCrafted_ECMADE_MOO,30,,,,"rng(run,'mcg16807')",run index,0.019819251850777552,1.1842473594968645,0.01895209014840119,0.9344444444444445,0.46477484665405855,3.68734395,89.23333333333333,1.0,1.0,3.7692321600167214e-16,1.2471505309955924e-15,3.761805681771572e-16,1.2508512744110098e-15,2.0,2.0,2.0,3.0,3.0,4.0,2.6666666666666665,3.0,1.0,1.0,1.0,0.7919375126171112,0.5683227245741447,0.13531759641016025,1.0,0.8959687563085557,0.780382244894695,0.801188493632984,0.649902269323215,2.0,3.0,3.0
test,syn_n100_k20_pathological_cov_skewed_high_vol_r03_s20260709,20,RandomConfig_ECMADE_MOO,30,theta_06,100.0,10000.0,"rng(run,'mcg16807')",run index,0.039159580156397214,1.1826997333331042,0.019080698288059698,0.9208333333333333,0.5442418885945682,4.05252204,87.13333333333334,1.0,1.0,1.0800942953277711e-16,4.847973874196518e-16,1.0761761852033181e-16,5.033011044967377e-16,4.0,4.0,4.0,5.0,1.0,5.0,3.8333333333333335,5.0,0.7989952918270745,0.9799551859461549,0.8211678832116777,0.0,1.0,0.0,0.8894752388866147,0.41058394160583883,0.6071315834442812,0.7029098429004363,0.5750147951231134,4.0,4.0,4.0
test,syn_n100_k20_pathological_cov_skewed_high_vol_r03_s20260709,20,BayesianConfig_ECMADE_MOO,30,theta_02,100.0,10000.0,"rng(run,'mcg16807')",run index,0.014738046894630395,1.1765479071913547,0.02536812071436392,0.8583333333333332,0.3601528793639702,1.35384796,92.7,1.0,1.0,1.1038030678914086e-16,5.070018479121549e-16,1.0935696792557794e-16,5.107025913275721e-16,5.0,5.0,5.0,1.0,5.0,1.0,3.6666666666666665,4.0,0.0,0.0,0.0,1.0,0.0,1.0,0.0,0.5,0.325,0.225,0.375,5.0,5.0,5.0
test,syn_n100_k20_pathological_cov_skewed_high_vol_r03_s20260709,20,MetaDesigned_ECMADE_MOO,30,theta_16,100.0,10000.0,"rng(run,'mcg16807')",run index,0.019819251850777552,1.1842473594968645,0.01895209014840119,0.9344444444444445,0.46477484665405855,3.1888767933333333,89.23333333333333,1.0,1.0,1.057472593235299e-16,4.847973874196518e-16,1.051011129978482e-16,4.88498130835069e-16,2.0,2.0,2.0,3.0,3.0,3.0,2.5,2.0,1.0,1.0,1.0,0.7919375126171112,0.5683227245741447,0.3200257686051022,1.0,0.8959687563085557,0.7988530621141892,0.8196593108524781,0.6960793123719505,2.0,2.0,2.0
test,syn_n100_k20_pathological_cov_skewed_high_vol_r03_s20260709,20,ExperimentC_NoReplicate_ECMADE_MOO,30,theta_144,100.0,10000.0,"rng(run,'mcg16807')",run index,0.019819251850777552,1.1842473594968645,0.01895209014840119,0.9344444444444445,0.46477484665405855,2.08304505,89.23333333333333,1.0,1.0,1.057472593235299e-16,4.847973874196518e-16,1.051011129978482e-16,4.88498130835069e-16,2.0,2.0,2.0,3.0,3.0,2.0,2.3333333333333335,1.0,1.0,1.0,1.0,0.7919375126171112,0.5683227245741447,0.7297943106934944,1.0,0.8959687563085557,0.8398299163230284,0.8606361650613173,0.7985214478940487,2.0,1.0,1.0
test,syn_n100_k30_high_corr_heavy_tail_extreme_events_r01_s20260722,30,HandCrafted_ECMADE_MOO,30,,,,"rng(run,'mcg16807')",run index,0.15266253996717333,0.9678865197624383,0.07881024747207123,0.5277777777777779,0.914480947490181,3.5813033499999993,87.26666666666667,1.0,1.0,3.549102559498652e-16,1.1361282285330768e-15,3.53532018474804e-16,1.1694349192718315e-15,5.0,5.0,3.0,5.0,5.0,4.0,4.5,5.0,0.0,0.0,0.13392857142857215,0.0,0.0,0.05718679910314672,0.0,0.06696428571428607,0.0358526084817434,0.02245975133888619,0.031037771204358196,5.0,5.0,5.0
test,syn_n100_k30_high_corr_heavy_tail_extreme_events_r01_s20260722,30,RandomConfig_ECMADE_MOO,30,theta_20,100.0,10000.0,"rng(run,'mcg16807')",run index,0.15191603460850045,0.9739876747162645,0.07134515720644546,0.5075000000000001,0.9932146113738001,3.7138911833333332,90.7,1.0,1.0,1.1730879292110894e-16,5.625129991434127e-16,1.1642538784902472e-16,5.662137425588299e-16,3.0,4.0,4.0,4.0,3.0,5.0,3.8333333333333335,4.0,0.25999548630868236,0.2162750690598757,0.025297619047619437,0.013283059409246484,0.8285788075549501,0.0,0.23813527768427903,0.01929033922843296,0.2339302335848546,0.2776992212760238,0.2715011061169155,4.0,4.0,4.0
test,syn_n100_k30_high_corr_heavy_tail_extreme_events_r01_s20260722,30,BayesianConfig_ECMADE_MOO,30,theta_02,100.0,10000.0,"rng(run,'mcg16807')",run index,0.09646273420907915,0.9899311682766825,0.05053916759376718,0.6794444444444444,0.9606024607756282,1.3953869933333332,90.26666666666667,1.0,1.0,1.2604216280150237e-16,5.88418203051333e-16,1.2641739507065114e-16,6.106226635438362e-16,2.0,2.0,2.0,1.0,4.0,1.0,2.0,2.0,0.9394137920346644,0.8190563724636938,0.9464285714285714,1.0,0.48537444589361306,1.0,0.879235082249179,0.9732142857142857,0.854830088312446,0.8360342476194246,0.8344559534642694,2.0,2.0,1.0
test,syn_n100_k30_high_corr_heavy_tail_extreme_events_r01_s20260722,30,MetaDesigned_ECMADE_MOO,30,theta_09,100.0,10000.0,"rng(run,'mcg16807')",run index,0.1037993058189325,0.9913529077388145,0.04429360023170412,0.6894444444444444,1.000475978284572,3.0797865333333334,95.13333333333334,1.0,1.0,1.2365943118945816e-16,6.62433071359677e-16,1.231977482992382e-16,6.661338147750942e-16,1.0,1.0,1.0,2.0,2.0,2.0,1.5,1.0,1.0,1.0,1.0,0.869455569981277,0.9049961167384769,0.2734973060367856,1.0,0.9347277849906386,0.8789764571971612,0.8920309001990335,0.7783053019414753,1.0,1.0,2.0
test,syn_n100_k30_high_corr_heavy_tail_extreme_events_r01_s20260722,30,ExperimentC_NoReplicate_ECMADE_MOO,30,theta_132,100.0,10000.0,"rng(run,'mcg16807')",run index,0.1419036435083821,0.9717258350158061,0.06742645871732098,0.5027777777777778,1.0095034886965557,3.3548479366666664,85.83333333333333,1.0,1.0,1.2793797761790175e-16,6.180241503746706e-16,1.2971105671037252e-16,6.365278674517565e-16,4.0,3.0,5.0,3.0,1.0,3.0,3.1666666666666665,3.0,0.1636091271154667,0.32980575069982315,0.0,0.19144010043560813,1.0,0.1548598653456248,0.24670743890764493,0.09572005021780407,0.32023686885948555,0.3504343465974537,0.37432183861776847,3.0,3.0,3.0
test,syn_n100_k30_low_corr_normal_low_vol_r01_s20260721,30,HandCrafted_ECMADE_MOO,30,,,,"rng(run,'mcg16807')",run index,0.053265868818414774,0.8384609850188632,0.08372242777020365,0.5847222222222223,0.5901444071052443,3.73865244,78.03333333333333,1.0,1.0,2.1468079536600138e-16,9.02981393361794e-16,2.1908401019269756e-16,9.399888275159659e-16,5.0,5.0,4.0,2.0,5.0,4.0,4.166666666666667,5.0,0.0,0.0,0.13427561837455887,0.849035558623049,0.0,0.15003879747865823,0.0,0.491655588498804,0.23624889457232762,0.13791777687256682,0.16042359649436555,5.0,5.0,5.0
test,syn_n100_k30_low_corr_normal_low_vol_r01_s20260721,30,RandomConfig_ECMADE_MOO,30,theta_10,100.0,10000.0,"rng(run,'mcg16807')",run index,0.0716135807816955,0.9561036516747489,0.04355292781680079,0.7208333333333332,0.8076280208527529,4.15562498,71.26666666666667,1.0,1.0,9.252648069126098e-17,4.440892098500628e-16,9.13343474924962e-17,4.588921835117316e-16,1.0,1.0,1.0,5.0,1.0,5.0,2.3333333333333335,1.0,1.0,1.0,1.0,0.0,1.0,0.0,1.0,0.5,0.675,0.7749999999999999,0.625,1.0,3.0,3.0
test,syn_n100_k30_low_corr_normal_low_vol_r01_s20260721,30,BayesianConfig_ECMADE_MOO,30,theta_02,100.0,10000.0,"rng(run,'mcg16807')",run index,0.057216666474611697,0.9470551445964488,0.046350580060252645,0.6850000000000002,0.7767578209995438,1.37652686,68.33333333333333,1.0,1.0,9.221564200960477e-17,4.218847493575597e-16,9.422092735652166e-17,4.588921835117316e-16,2.5,2.5,2.5,3.5,2.5,1.0,2.4166666666666665,2.0,0.9230848183272852,0.9303538195223449,0.772084805653712,0.6662134333493973,0.8580573528217701,1.0,0.9267193189248151,0.7191491195015547,0.8269084040712573,0.8684224439559094,0.8759814478120349,2.5,1.0,1.0
test,syn_n100_k30_low_corr_normal_low_vol_r01_s20260721,30,MetaDesigned_ECMADE_MOO,30,theta_02,100.0,10000.0,"rng(run,'mcg16807')",run index,0.057216666474611697,0.9470551445964488,0.046350580060252645,0.6850000000000002,0.7767578209995438,3.0707646233333334,68.33333333333333,1.0,1.0,9.221564200960477e-17,4.218847493575597e-16,9.422092735652166e-17,4.588921835117316e-16,2.5,2.5,2.5,3.5,2.5,3.0,2.75,3.0,0.9230848183272852,0.9303538195223449,0.772084805653712,0.6662134333493973,0.8580573528217701,0.39036417924915384,0.9267193189248151,0.7191491195015547,0.7659448219961728,0.8074588618808248,0.7235724926243233,2.5,2.0,2.0
test,syn_n100_k30_low_corr_normal_low_vol_r01_s20260721,30,ExperimentC_NoReplicate_ECMADE_MOO,30,theta_223,100.0,10000.0,"rng(run,'mcg16807')",run index,0.05000351772021817,0.8535920882233101,0.07666538511709589,0.5636111111111111,0.6335357463284381,2.2970351733333336,77.36666666666666,1.0,1.0,8.877629930650268e-17,4.107825191113082e-16,8.759659664292484e-17,4.2558549277297694e-16,4.0,4.0,5.0,1.0,4.0,2.0,3.3333333333333335,4.0,0.12861917903226888,0.17568161568588164,0.0,1.0,0.1995154415337689,0.6687744463900636,0.15215039735907526,0.5,0.36981813228552896,0.30024821175734406,0.38011007132072694,4.0,4.0,4.0
test,syn_n200_k05_cluster_corr_skewed_high_vol_r01_s20260734,10,HandCrafted_ECMADE_MOO,30,,,,"rng(run,'mcg16807')",run index,0.10467976624356826,1.0146222165844512,0.11844210993050797,0.3541666666666667,0.8708440495522716,1.8628016366666666,96.26666666666667,1.0,1.0,4.535600420179905e-16,1.4802973661668755e-15,4.530820163495264e-16,1.4876988529977098e-15,4.5,4.5,4.5,4.5,4.5,2.0,4.083333333333333,4.0,0.0,0.0,0.0,0.0,0.0,0.9507015581916887,0.0,0.0,0.09507015581916888,0.09507015581916888,0.23767538954792217,4.5,4.0,4.0
test,syn_n200_k05_cluster_corr_skewed_high_vol_r01_s20260734,10,RandomConfig_ECMADE_MOO,30,theta_16,100.0,10000.0,"rng(run,'mcg16807')",run index,0.10467976624356826,1.0146222165844512,0.11844210993050797,0.3541666666666667,0.8708440495522716,4.3002303133333335,96.26666666666667,1.0,1.0,4.4818088389262714e-17,2.4054832200211704e-16,4.4667973024085445e-17,2.442490654175342e-16,4.5,4.5,4.5,4.5,4.5,5.0,4.583333333333333,5.0,0.0,0.0,0.0,0.0,0.0,0.0,0.0,0.0,0.0,0.0,0.0,4.5,5.0,5.0
test,syn_n200_k05_cluster_corr_skewed_high_vol_r01_s20260734,10,BayesianConfig_ECMADE_MOO,30,theta_02,100.0,10000.0,"rng(run,'mcg16807')",run index,0.08290604289582484,1.0448658566820097,0.07832414424829802,0.4908333333333334,0.8916342496627861,1.7364092533333335,99.9,1.0,1.0,4.0804702114341714e-17,2.5535129566378584e-16,4.074518500374325e-17,2.5535129566378584e-16,3.0,3.0,1.0,3.0,3.0,1.0,2.3333333333333335,3.0,0.8645854142673021,0.6868932812831529,1.0,0.7536171921589043,0.17087359196925003,1.0,0.7757393477752275,0.8768085960794522,0.7226734235734102,0.7024595739125654,0.7058553839559825,3.0,3.0,3.0
test,syn_n200_k05_cluster_corr_skewed_high_vol_r01_s20260734,10,MetaDesigned_ECMADE_MOO,30,theta_09,100.0,10000.0,"rng(run,'mcg16807')",run index,0.07578748037974961,1.049602728166628,0.06003716293893531,0.49083333333333334,0.9925141091028189,4.24360664,100.0,1.0,1.0,4.0227080925584833e-17,2.442490654175342e-16,4.0227080925584833e-17,2.442490654175342e-16,1.5,1.5,2.5,1.5,1.5,4.0,2.0833333333333335,2.0,1.0,1.0,0.9999999999999996,1.0,1.0,0.022085657309224686,1.0,0.9999999999999998,0.9022085657309223,0.9022085657309223,0.7555214143273061,1.5,2.0,2.0
test,syn_n200_k05_cluster_corr_skewed_high_vol_r01_s20260734,10,ExperimentC_NoReplicate_ECMADE_MOO,30,theta_086,100.0,10000.0,"rng(run,'mcg16807')",run index,0.07578748037974961,1.049602728166628,0.06003716293893531,0.49083333333333334,0.9925141091028189,2.7273394600000005,100.0,1.0,1.0,4.0227080925584833e-17,2.442490654175342e-16,4.0227080925584833e-17,2.442490654175342e-16,1.5,1.5,2.5,1.5,1.5,3.0,1.9166666666666667,1.0,1.0,1.0,0.9999999999999996,1.0,1.0,0.6134947863067062,1.0,0.9999999999999998,0.9613494786306706,0.9613494786306706,0.9033736965766765,1.5,1.0,1.0
test,syn_n200_k05_pathological_cov_normal_extreme_events_r02_s20260733,10,HandCrafted_ECMADE_MOO,30,,,,"rng(run,'mcg16807')",run index,0.052970594906197384,1.184760186970623,0.018324279123592493,0.7852777777777777,0.09975656067661344,2.04854839,96.76666666666667,1.0,1.0,2.412884706852007e-16,7.290464528371861e-16,2.389199948993337e-16,7.327471962526033e-16,2.0,2.0,2.0,2.0,3.0,2.0,2.1666666666666665,1.0,1.0,1.0,1.0,1.0,0.6993560152225008,0.7921734816255998,1.0,1.0,0.9190885512070601,0.9190885512070601,0.8728823742120252,2.0,1.0,1.0
test,syn_n200_k05_pathological_cov_normal_extreme_events_r02_s20260733,10,RandomConfig_ECMADE_MOO,30,theta_14,100.0,10000.0,"rng(run,'mcg16807')",run index,0.052970594906197384,1.184760186970623,0.018324279123592493,0.7852777777777777,0.09975656067661344,4.383136713333334,96.76666666666667,1.0,1.0,3.5070711766770216e-17,2.1094237467877966e-16,3.4231876592608995e-17,2.18343861509614e-16,2.0,2.0,2.0,2.0,3.0,5.0,2.6666666666666665,3.0,1.0,1.0,1.0,1.0,0.6993560152225008,0.0,1.0,1.0,0.8398712030445001,0.8398712030445001,0.6748390038056252,2.0,3.0,3.0
test,syn_n200_k05_pathological_cov_normal_extreme_events_r02_s20260733,10,BayesianConfig_ECMADE_MOO,30,theta_02,100.0,10000.0,"rng(run,'mcg16807')",run index,0.06358548012246151,1.1605320115820814,0.03607118850593776,0.6849999999999999,0.08441417007890005,1.4360697166666665,43.733333333333334,1.0,1.0,4.5786802946887426e-17,1.8133642735544223e-16,5.584421813864537e-17,3.071617034796266e-16,5.0,5.0,5.0,4.0,5.0,1.0,4.166666666666667,5.0,0.0,0.0,0.0,0.6320433044481345,0.0,1.0,0.0,0.31602165222406725,0.24220974350083027,0.1790054130560168,0.3290054130560168,5.0,5.0,5.0
test,syn_n200_k05_pathological_cov_normal_extreme_events_r02_s20260733,10,MetaDesigned_ECMADE_MOO,30,theta_09,100.0,10000.0,"rng(run,'mcg16807')",run index,0.08181878640423171,1.1821499593125648,0.020242055339726076,0.69,0.10635205330827671,3.4147654200000006,60.8,1.0,1.0,3.4607217909798146e-17,1.702341971091906e-16,4.703644880995247e-17,2.8495724298712354e-16,4.0,4.0,4.0,5.0,1.0,4.0,3.6666666666666665,4.0,0.8922647860931098,0.8919374537382042,0.04986149584487538,0.0,1.0,0.3285881503300152,0.892101119915657,0.02493074792243769,0.4671029315770127,0.6405370059756565,0.5614050045420275,4.0,4.0,4.0
test,syn_n200_k05_pathological_cov_normal_extreme_events_r02_s20260733,10,ExperimentC_NoReplicate_ECMADE_MOO,30,theta_144,100.0,10000.0,"rng(run,'mcg16807')",run index,0.052970594906197384,1.184760186970623,0.018324279123592493,0.7852777777777777,0.09975656067661344,2.7488003166666664,96.76666666666667,1.0,1.0,3.5070711766770216e-17,2.1094237467877966e-16,3.4231876592608995e-17,2.18343861509614e-16,2.0,2.0,2.0,2.0,3.0,3.0,2.3333333333333335,2.0,1.0,1.0,1.0,1.0,0.6993560152225008,0.554563706395278,1.0,1.0,0.8953275736840279,0.8953275736840279,0.8134799304044447,2.0,2.0,2.0
test,syn_n200_k10_high_corr_heavy_tail_extreme_events_r01_s20260746,20,HandCrafted_ECMADE_MOO,30,,,,"rng(run,'mcg16807')",run index,0.07334412126367441,1.0082997816955435,0.04168387712994823,0.45638888888888896,1.0223587235977885,2.49159688,89.26666666666667,1.0,1.0,3.615198626542612e-16,1.180537149518083e-15,3.6137759451548844e-16,1.2027416100105863e-15,4.0,4.0,4.0,5.0,3.0,2.0,3.6666666666666665,4.0,0.054167056524288555,0.016137326803040745,0.2574671445639187,0.0,0.023541992539155638,0.6705070354035855,0.03515219166366465,0.12873357228195936,0.13847725749098755,0.11976098136732861,0.21448369797209127,4.0,5.0,5.0
test,syn_n200_k10_high_corr_heavy_tail_extreme_events_r01_s20260746,20,RandomConfig_ECMADE_MOO,30,theta_02,100.0,10000.0,"rng(run,'mcg16807')",run index,0.055070437788824006,1.029018567210457,0.022576206075618655,0.6563888888888889,1.0211013809716571,4.231949036666666,98.5,1.0,1.0,1.229763276760868e-16,5.07001847912155e-16,1.2304971856262145e-16,5.07001847912155e-16,2.5,2.5,2.5,2.5,4.5,5.0,3.25,3.0,0.6004507300323698,0.7193678251847807,0.6875746714456388,0.3989926252962316,0.0,0.0,0.6599092776085753,0.5432836483709351,0.40945496116906466,0.4327800870165927,0.3007982314948776,2.5,3.0,3.0
test,syn_n200_k10_high_corr_heavy_tail_extreme_events_r01_s20260746,20,BayesianConfig_ECMADE_MOO,30,theta_02,100.0,10000.0,"rng(run,'mcg16807')",run index,0.055070437788824006,1.029018567210457,0.022576206075618655,0.6563888888888889,1.0211013809716571,1.6363727566666666,98.5,1.0,1.0,1.229763276760868e-16,5.07001847912155e-16,1.2304971856262145e-16,5.07001847912155e-16,2.5,2.5,2.5,2.5,4.5,1.0,2.5833333333333335,2.0,0.6004507300323698,0.7193678251847807,0.6875746714456388,0.3989926252962316,0.0,1.0,0.6599092776085753,0.5432836483709351,0.5094549611690646,0.5327800870165927,0.5507982314948776,2.5,2.0,2.0
test,syn_n200_k10_high_corr_heavy_tail_extreme_events_r01_s20260746,20,MetaDesigned_ECMADE_MOO,30,theta_09,100.0,10000.0,"rng(run,'mcg16807')",run index,0.02754456930132139,1.044172187991286,0.014951071363785517,0.801666666666667,1.0602573946740346,3.815546666666668,100.0,1.0,1.0,1.2071825021090863e-16,5.440092820663268e-16,1.2071825021090863e-16,5.440092820663268e-16,1.0,1.0,1.0,1.0,2.0,3.0,1.5,1.0,1.0,1.0,1.0,1.0,0.7331419163611317,0.16042771434172545,1.0,1.0,0.8626711547063989,0.8626711547063989,0.7233924076757143,1.0,1.0,1.0
test,syn_n200_k10_high_corr_heavy_tail_extreme_events_r01_s20260746,20,ExperimentC_NoReplicate_ECMADE_MOO,30,theta_037,100.0,10000.0,"rng(run,'mcg16807')",run index,0.06876459532719009,1.0062453991823448,0.04212234891545565,0.33666666666666667,1.0745098859671482,3.870788393333333,87.56666666666666,1.0,1.0,1.1067172833494308e-16,4.996003610813205e-16,1.0924594562311534e-16,4.996003610813205e-16,5.0,5.0,5.0,4.0,1.0,4.0,4.0,5.0,0.0,0.0,0.0,0.09999062742466709,1.0,0.1391446847916692,0.0,0.049995313712333546,0.23641235964971702,0.22641329690725032,0.29728499962600063,5.0,4.0,4.0
test,syn_n200_k10_pathological_cov_skewed_high_vol_r03_s20260745,20,HandCrafted_ECMADE_MOO,30,,,,"rng(run,'mcg16807')",run index,0.058203613787256595,1.1855426773231614,0.03659309754909628,0.7366666666666666,0.41101131641038274,2.3491058499999995,44.7,1.0,1.0,3.843419181185534e-16,1.1546319456101628e-15,3.8276789145659985e-16,1.2656542480726785e-15,2.0,2.0,2.0,2.0,3.0,3.0,2.3333333333333335,2.0,1.0,1.0,1.0,1.0,0.3441301882496503,0.5337301804069041,1.0,1.0,0.8221990556906205,0.8221990556906205,0.7194650921641386,2.0,2.0,2.0
test,syn_n200_k10_pathological_cov_skewed_high_vol_r03_s20260745,20,RandomConfig_ECMADE_MOO,30,theta_21,100.0,10000.0,"rng(run,'mcg16807')",run index,0.07925628805448462,1.182215163216989,0.04291579033764124,0.6549999999999999,0.44252656004930657,3.4173726700000002,48.63333333333333,1.0,1.0,9.992329783974304e-17,4.1818400594214244e-16,9.788466333778459e-17,4.699944137579831e-16,4.0,4.0,4.0,5.0,1.0,5.0,3.8333333333333335,4.0,0.8380406945272795,0.6358906725692105,0.6557377049180327,0.0,1.0,0.0,0.736965683548245,0.32786885245901637,0.5317824044936186,0.6136017707114643,0.5162086340018153,4.0,4.0,4.0
test,syn_n200_k10_pathological_cov_skewed_high_vol_r03_s20260745,20,BayesianConfig_ECMADE_MOO,30,theta_02,100.0,10000.0,"rng(run,'mcg16807')",run index,0.06948987020945861,1.164997305777759,0.05395791715742335,0.4994444444444444,0.3944754940079871,1.4158616833333335,24.166666666666668,1.0,1.0,1.0936835829152232e-16,3.7377508495713614e-16,1.0795068542771932e-16,4.625929269271488e-16,5.0,5.0,5.0,4.0,5.0,1.0,4.166666666666667,5.0,0.0,0.0,0.0,0.46390390698387685,0.0,1.0,0.0,0.23195195349193842,0.2043783790713723,0.1579879883729846,0.3079879883729846,5.0,5.0,5.0
test,syn_n200_k10_pathological_cov_skewed_high_vol_r03_s20260745,20,MetaDesigned_ECMADE_MOO,30,theta_15,100.0,10000.0,"rng(run,'mcg16807')",run index,0.058203613787256595,1.1855426773231614,0.03659309754909628,0.7366666666666666,0.41101131641038274,3.17922149,44.7,1.0,1.0,1.123978566223996e-16,4.366877230192284e-16,1.1020813891112393e-16,4.958996176659034e-16,2.0,2.0,2.0,2.0,3.0,4.0,2.5,3.0,1.0,1.0,1.0,1.0,0.3441301882496503,0.11898569709907963,1.0,1.0,0.7807246073598381,0.7807246073598381,0.6157789713371825,2.0,3.0,3.0
test,syn_n200_k10_pathological_cov_skewed_high_vol_r03_s20260745,20,ExperimentC_NoReplicate_ECMADE_MOO,30,theta_144,100.0,10000.0,"rng(run,'mcg16807')",run index,0.058203613787256595,1.1855426773231614,0.03659309754909628,0.7366666666666666,0.41101131641038274,2.160866063333333,44.7,1.0,1.0,1.123978566223996e-16,4.366877230192284e-16,1.1020813891112393e-16,4.958996176659034e-16,2.0,2.0,2.0,2.0,3.0,2.0,2.1666666666666665,1.0,1.0,1.0,1.0,1.0,0.3441301882496503,0.6277790204685629,1.0,1.0,0.8316039396967864,0.8316039396967864,0.7429773021795534,2.0,1.0,1.0
test,syn_n200_k20_high_corr_heavy_tail_extreme_events_r01_s20260758,40,HandCrafted_ECMADE_MOO,30,,,,"rng(run,'mcg16807')",run index,0.16675288566270782,0.98254396998009,0.11286350635253704,0.20916666666666664,0.8340961385467285,1.8660592433333332,44.166666666666664,1.0,1.0,3.365907865246691e-16,9.80697005085555e-16,3.4502030861934445e-16,1.1065222812097394e-15,3.5,3.5,1.5,4.5,3.5,2.0,3.0833333333333335,3.0,0.9616116756045986,0.837284771759278,1.0,0.0,0.8592709990404026,0.8343900352874135,0.8994482236819383,0.5,0.7051552592573065,0.7850449039936942,0.7732773145024386,3.5,3.0,3.0
test,syn_n200_k20_high_corr_heavy_tail_extreme_events_r01_s20260758,40,RandomConfig_ECMADE_MOO,30,theta_16,100.0,10000.0,"rng(run,'mcg16807')",run index,0.16675288566270782,0.98254396998009,0.11286350635253704,0.20916666666666664,0.8340961385467285,3.8436037499999998,44.166666666666664,1.0,1.0,9.850361913943368e-17,3.885780586188049e-16,9.929094583564316e-17,4.551914400963144e-16,3.5,3.5,1.5,4.5,3.5,5.0,3.5833333333333335,4.0,0.9616116756045986,0.837284771759278,1.0,0.0,0.8592709990404026,0.0,0.8994482236819383,0.5,0.6217162557285651,0.7016059004649529,0.5646798056805853,3.5,4.0,4.0
test,syn_n200_k20_high_corr_heavy_tail_extreme_events_r01_s20260758,40,BayesianConfig_ECMADE_MOO,30,theta_02,100.0,10000.0,"rng(run,'mcg16807')",run index,0.1521334886185931,0.9146783508425399,0.1925537212857036,0.09472222222222221,0.5560063147895574,1.4735556633333333,30.3,1.0,1.0,9.160833040569179e-17,3.3306690738754696e-16,9.30366894635881e-17,4.588921835117315e-16,5.0,5.0,5.0,3.0,5.0,1.0,4.0,5.0,0.0,0.0,0.0,0.4007353488188014,0.0,1.0,0.0,0.2003676744094007,0.1901654534842303,0.1500919186023502,0.3000919186023502,5.0,5.0,5.0
test,syn_n200_k20_high_corr_heavy_tail_extreme_events_r01_s20260758,40,MetaDesigned_ECMADE_MOO,30,theta_18,100.0,10000.0,"rng(run,'mcg16807')",run index,0.13027145948653812,0.985253220989453,0.0973767664179782,0.17805555555555552,0.8796409121025471,3.1850221566666663,44.53333333333333,1.0,1.0,9.682963070203538e-17,3.9227880203422206e-16,1.0040116886026838e-16,4.736951571734003e-16,1.5,1.5,3.5,1.5,1.5,4.0,2.25,2.0,1.0,1.0,0.7281553398058251,1.0,1.0,0.27787689078477296,1.0,0.8640776699029126,0.866622640534788,0.8938071065542054,0.7854886401719214,1.5,2.0,2.0
test,syn_n200_k20_high_corr_heavy_tail_extreme_events_r01_s20260758,40,ExperimentC_NoReplicate_ECMADE_MOO,30,theta_170,100.0,10000.0,"rng(run,'mcg16807')",run index,0.13027145948653812,0.985253220989453,0.0973767664179782,0.17805555555555552,0.8796409121025471,2.2394973166666663,44.53333333333333,1.0,1.0,9.682963070203538e-17,3.9227880203422206e-16,1.0040116886026838e-16,4.736951571734003e-16,1.5,1.5,3.5,1.5,1.5,3.0,2.0833333333333335,1.0,1.0,1.0,0.7281553398058251,1.0,1.0,0.6768244249378986,1.0,0.8640776699029126,0.9065173939501006,0.9337018599695179,0.8852255237102028,1.5,1.0,1.0
test,syn_n200_k20_low_corr_normal_low_vol_r01_s20260757,40,HandCrafted_ECMADE_MOO,30,,,,"rng(run,'mcg16807')",run index,0.07032159717077567,0.8114556237113548,0.10535364921994302,0.48250000000000004,0.5272466288525879,2.1414590866666665,79.93333333333334,1.0,1.0,2.1772782527177662e-16,7.993605777301127e-16,2.1856590611453911e-16,8.400687552997018e-16,4.5,4.5,4.5,4.5,4.5,2.0,4.083333333333333,4.0,0.0,0.0,0.0,0.0,0.0,0.779599512583428,0.0,0.0,0.0779599512583428,0.0779599512583428,0.194899878145857,4.5,4.0,4.0
test,syn_n200_k20_low_corr_normal_low_vol_r01_s20260757,40,RandomConfig_ECMADE_MOO,30,theta_15,100.0,10000.0,"rng(run,'mcg16807')",run index,0.07032159717077567,0.8114556237113548,0.10535364921994302,0.48250000000000004,0.5272466288525879,4.141815056666667,79.93333333333334,1.0,1.0,1.05545554117356e-16,4.699944137579831e-16,1.033247561584479e-16,4.847973874196519e-16,4.5,4.5,4.5,4.5,4.5,5.0,4.583333333333333,5.0,0.0,0.0,0.0,0.0,0.0,0.0,0.0,0.0,0.0,0.0,0.0,4.5,5.0,5.0
test,syn_n200_k20_low_corr_normal_low_vol_r01_s20260757,40,BayesianConfig_ECMADE_MOO,30,theta_02,100.0,10000.0,"rng(run,'mcg16807')",run index,0.06783924798624673,0.919564498261225,0.0631213362227207,0.6602777777777777,0.7056548515831698,1.5759386833333335,71.33333333333333,1.0,1.0,1.1731701143711773e-16,4.699944137579831e-16,1.1757261830780415e-16,4.773959005888175e-16,3.0,3.0,1.0,3.0,3.0,1.0,2.3333333333333335,3.0,0.8335872915408692,0.8159359333662524,1.0,0.11500532049921044,0.8376597546404217,1.0,0.8247616124535608,0.5575026602496053,0.724598551153797,0.7780503415945881,0.8049810068358969,3.0,3.0,3.0
test,syn_n200_k20_low_corr_normal_low_vol_r01_s20260757,40,MetaDesigned_ECMADE_MOO,30,theta_09,100.0,10000.0,"rng(run,'mcg16807')",run index,0.04873695070612811,0.9411467498200952,0.05359429990070507,0.6544444444444445,0.7402307453058922,3.4576610100000003,73.83333333333333,1.0,1.0,1.1163889115948497e-16,5.070018479121548e-16,1.126876369994534e-16,5.440092820663267e-16,1.5,1.5,2.5,1.5,1.5,4.0,2.0833333333333335,2.0,1.0,1.0,0.9671875000000004,1.0,1.0,0.26663562351520526,1.0,0.9835937500000003,0.9192807498515208,0.9225619998515207,0.8125573433788014,1.5,2.0,2.0
test,syn_n200_k20_low_corr_normal_low_vol_r01_s20260757,40,ExperimentC_NoReplicate_ECMADE_MOO,30,theta_089,100.0,10000.0,"rng(run,'mcg16807')",run index,0.04873695070612811,0.9411467498200952,0.05359429990070507,0.6544444444444445,0.7402307453058922,2.5082606800000002,73.83333333333333,1.0,1.0,1.1163889115948497e-16,5.070018479121548e-16,1.126876369994534e-16,5.440092820663267e-16,1.5,1.5,2.5,1.5,1.5,3.0,1.9166666666666667,1.0,1.0,1.0,0.9671875000000004,1.0,1.0,0.6366457845139726,1.0,0.9835937500000003,0.9562817659513975,0.9595630159513974,0.9050598836284932,1.5,1.0,1.0
test,syn_n200_k30_high_corr_normal_low_vol_r03_s20260769,60,HandCrafted_ECMADE_MOO,30,,,,"rng(run,'mcg16807')",run index,0.12805742124939612,0.9471694335159877,0.1035661626562873,0.04388888888888889,0.8089064105755759,2.649644756666666,60.9,1.0,1.0,3.844667781632336e-16,1.3100631690576848e-15,3.804734305390411e-16,1.372975807119777e-15,5.0,3.0,5.0,3.0,3.0,2.0,3.5,3.0,0.0,0.10293597728471433,0.0,0.04476439715608275,0.5984695609281413,0.493176879164102,0.05146798864235717,0.022382198578041374,0.19195058662274636,0.19776774463560953,0.2913741568281605,5.0,5.0,3.0
test,syn_n200_k30_high_corr_normal_low_vol_r03_s20260769,60,RandomConfig_ECMADE_MOO,30,theta_04,100.0,10000.0,"rng(run,'mcg16807')",run index,0.12954442560621737,0.9568131504074764,0.10759572007617985,0.05694444444444444,0.9113228315278002,3.7317262366666673,60.266666666666666,1.0,1.0,2.1799632922861622e-16,8.215650382226161e-16,2.1319982816218412e-16,8.696747026230397e-16,3.5,4.5,3.5,4.5,1.5,5.0,3.75,5.0,0.1927266382570948,0.0,0.04890738813735693,0.0,1.0,0.0,0.0963633191285474,0.024453694068678464,0.23509499211304216,0.24947691712501596,0.2802042532993065,3.5,4.0,5.0
test,syn_n200_k30_high_corr_normal_low_vol_r03_s20260769,60,BayesianConfig_ECMADE_MOO,30,theta_02,100.0,10000.0,"rng(run,'mcg16807')",run index,0.09632596514898337,0.9854948856396406,0.07821031445928207,0.2772222222222222,0.65625768331896,1.537622,54.46666666666667,1.0,1.0,2.0904292796902608e-16,7.845576040684439e-16,2.1442107348927188e-16,8.918791631155426e-16,2.0,2.0,2.0,1.0,5.0,1.0,2.1666666666666665,2.0,0.7659220641362733,0.7506569903063378,0.874089490114464,1.0,0.0,1.0,0.7582895272213055,0.937044745057232,0.7112425170810808,0.6754914735138955,0.6738335680696343,2.0,2.0,1.0
test,syn_n200_k30_high_corr_normal_low_vol_r03_s20260769,60,MetaDesigned_ECMADE_MOO,30,theta_09,100.0,10000.0,"rng(run,'mcg16807')",run index,0.10468070880587396,0.9972077519274991,0.06844947086200041,0.3108333333333333,0.7484835162622212,3.243649476666666,57.266666666666666,1.0,1.0,2.1440946269901505e-16,8.511709855459534e-16,2.1745568308991406e-16,9.2148511043888e-16,1.0,1.0,1.0,2.0,4.0,3.0,2.0,1.0,1.0,1.0,1.0,0.7484909432318024,0.3615775561298923,0.22244921268713214,1.0,0.8742454716159012,0.7379708947218472,0.763121800398667,0.6145680601082314,1.0,1.0,2.0
test,syn_n200_k30_high_corr_normal_low_vol_r03_s20260769,60,ExperimentC_NoReplicate_ECMADE_MOO,30,theta_047,100.0,10000.0,"rng(run,'mcg16807')",run index,0.12954442560621737,0.9568131504074764,0.10759572007617985,0.05694444444444444,0.9113228315278002,3.6948650300000008,60.266666666666666,1.0,1.0,2.1799632922861622e-16,8.215650382226161e-16,2.1319982816218412e-16,8.696747026230397e-16,3.5,4.5,3.5,4.5,1.5,4.0,3.5833333333333335,4.0,0.1927266382570948,0.0,0.04890738813735693,0.0,1.0,0.016800116444178996,0.0963633191285474,0.024453694068678464,0.23677500375746005,0.25115692876943385,0.2844042824103512,3.5,3.0,4.0
test,syn_n200_k30_low_corr_skewed_extreme_events_r02_s20260770,60,HandCrafted_ECMADE_MOO,30,,,,"rng(run,'mcg16807')",run index,0.0872972877342943,0.9186535317158108,0.06086263091341686,0.4238888888888889,0.9023391003352182,2.3775106133333335,83.9,1.0,1.0,3.0688743915667156e-16,1.0769163338864018e-15,3.106774097242729e-16,1.1361282285330768e-15,2.0,2.0,4.0,5.0,1.0,2.0,2.6666666666666665,2.0,0.8203192449827457,0.650751610749711,0.3734123624047416,0.0,1.0,0.6525812254386819,0.7355354278662283,0.1867061812023708,0.5331597610514921,0.6429256103842635,0.6437057086268203,2.0,4.0,1.0
test,syn_n200_k30_low_corr_skewed_extreme_events_r02_s20260770,60,RandomConfig_ECMADE_MOO,30,theta_03,100.0,10000.0,"rng(run,'mcg16807')",run index,0.08129272879848236,0.8945218398472911,0.07212387176792476,0.30138888888888893,0.8806063381744077,3.9020685033333344,70.13333333333334,1.0,1.0,1.627852851940319e-16,6.9203901868301425e-16,1.5935401146786416e-16,7.142434791755174e-16,3.0,5.0,5.0,4.0,2.0,5.0,4.0,5.0,0.19261380509944,0.0,0.0,0.1498851670299742,0.899062264893199,0.0,0.09630690254972,0.0749425835149871,0.237613341197814,0.24188620500476057,0.2675779377394765,5.0,5.0,5.0
test,syn_n200_k30_low_corr_skewed_extreme_events_r02_s20260770,60,BayesianConfig_ECMADE_MOO,30,theta_02,100.0,10000.0,"rng(run,'mcg16807')",run index,0.04723622595750662,0.8871169382820809,0.06545301870729328,0.5866666666666666,0.687030503031986,1.5658721333333334,54.3,1.0,1.0,1.6046918810355575e-16,6.698345581905112e-16,1.6046423449248922e-16,7.364479396680206e-16,5.0,4.0,3.0,1.0,5.0,1.0,3.1666666666666665,4.0,0.0,0.38548757018573426,0.8696020321761212,1.0,0.0,1.0,0.19274378509286713,0.9348010160880607,0.5688464035128441,0.4204349573138054,0.5318862002952319,4.0,2.0,3.0
test,syn_n200_k30_low_corr_skewed_extreme_events_r02_s20260770,60,MetaDesigned_ECMADE_MOO,30,theta_17,100.0,10000.0,"rng(run,'mcg16807')",run index,0.054543739140758205,0.9255612313138666,0.05481889600069743,0.6055555555555555,0.7771705243968718,3.3923307499999997,64.06666666666666,1.0,1.0,1.6798032012961762e-16,6.661338147750941e-16,1.6571929014238174e-16,6.957397620984316e-16,1.0,1.0,2.0,2.0,3.0,4.0,2.1666666666666665,1.0,1.0,1.0,0.9271803556308208,0.8175906264300331,0.4186550026051034,0.218191312973119,1.0,0.872385491030427,0.7481236027820247,0.7736465045759394,0.6273079516521624,1.0,1.0,2.0
test,syn_n200_k30_low_corr_skewed_extreme_events_r02_s20260770,60,ExperimentC_NoReplicate_ECMADE_MOO,30,theta_086,100.0,10000.0,"rng(run,'mcg16807')",run index,0.058225909265499136,0.8940159602792792,0.06278349172730827,0.6294444444444446,0.7012390849917055,2.411844706666666,60.766666666666666,1.0,1.0,1.6242835797087964e-16,6.254256372055049e-16,1.6423899277621486e-16,7.105427357601004e-16,4.0,3.0,1.0,3.0,4.0,3.0,3.0,3.0,0.17945503618688421,0.5397511193460078,1.0,0.7256766840273765,0.06599170742684608,0.6378846469428714,0.359603077766446,0.8628383420136883,0.5551648295274276,0.4545177766779791,0.48157944353746296,3.0,3.0,4.0
test,syn_n500_k05_low_corr_normal_low_vol_r01_s20260782,25,HandCrafted_ECMADE_MOO,30,,,,"rng(run,'mcg16807')",run index,0.042450369054726655,0.9016651980742557,0.08199674749391819,0.4768768768768768,0.628093059623474,2.8338221800000007,69.43333333333334,1.0,1.0,2.177728131370005e-16,9.177843670234628e-16,2.275217051798487e-16,1.0140036958243096e-15,5.0,5.0,5.0,1.0,5.0,2.0,3.8333333333333335,4.0,0.0,0.0,0.0,1.0,0.0,0.7923388550072942,0.0,0.5,0.30423388550072944,0.2042338855007294,0.32308471375182357,5.0,5.0,5.0
test,syn_n500_k05_low_corr_normal_low_vol_r01_s20260782,25,RandomConfig_ECMADE_MOO,30,theta_01,100.0,10000.0,"rng(run,'mcg16807')",run index,0.06935636797429137,0.946695312930164,0.06836270291859824,0.5333333333333333,0.6868013997638177,5.33086135,62.9,1.0,1.0,9.185920619593283e-17,3.848773152033877e-16,9.296267459527982e-17,4.403884664346456e-16,3.5,3.5,3.5,4.5,3.5,5.0,3.9166666666666665,5.0,0.5731353642229793,0.5836654722927062,0.6690391459074732,0.0,0.45745005924132465,0.0,0.5784004182578427,0.3345195729537366,0.3866239242419071,0.4354000933027283,0.342592512613226,3.5,4.0,4.0
test,syn_n500_k05_low_corr_normal_low_vol_r01_s20260782,25,BayesianConfig_ECMADE_MOO,30,theta_02,100.0,10000.0,"rng(run,'mcg16807')",run index,0.06935636797429137,0.946695312930164,0.06836270291859824,0.5333333333333333,0.6868013997638177,2.1793824666666666,62.9,1.0,1.0,9.185920619593283e-17,3.848773152033877e-16,9.296267459527982e-17,4.403884664346456e-16,3.5,3.5,3.5,4.5,3.5,1.0,3.25,3.0,0.5731353642229793,0.5836654722927062,0.6690391459074732,0.0,0.45745005924132465,1.0,0.5784004182578427,0.3345195729537366,0.48662392424190715,0.5354000933027283,0.592592512613226,3.5,3.0,3.0
test,syn_n500_k05_low_corr_normal_low_vol_r01_s20260782,25,MetaDesigned_ECMADE_MOO,30,theta_10,100.0,10000.0,"rng(run,'mcg16807')",run index,0.06845717345271256,0.980233225222532,0.05863740002084627,0.5612612612612613,0.7564313097872423,4.617723403333333,67.33333333333333,1.0,1.0,8.757847762493058e-17,3.9968028886505646e-16,8.889185683832083e-17,4.29286236188394e-16,1.5,1.5,1.5,2.5,1.5,4.0,2.0833333333333335,2.0,1.0,1.0,1.0,0.033419852734958816,1.0,0.22628676030104894,1.0,0.5167099263674794,0.7051481428954707,0.8018061576219748,0.685749171667132,1.5,2.0,2.0
test,syn_n500_k05_low_corr_normal_low_vol_r01_s20260782,25,ExperimentC_NoReplicate_ECMADE_MOO,30,theta_086,100.0,10000.0,"rng(run,'mcg16807')",run index,0.06845717345271256,0.980233225222532,0.05863740002084627,0.5612612612612613,0.7564313097872423,3.17485111,67.33333333333333,1.0,1.0,8.757847762493058e-17,3.9968028886505646e-16,8.889185683832083e-17,4.29286236188394e-16,1.5,1.5,1.5,2.5,1.5,3.0,1.9166666666666667,1.0,1.0,1.0,1.0,0.033419852734958816,1.0,0.6841265068924016,1.0,0.5167099263674794,0.750932117554606,0.8475901322811101,0.8002091083149703,1.5,1.0,1.0
test,syn_n500_k05_pathological_cov_mixed_low_vol_r01_s20260781,25,HandCrafted_ECMADE_MOO,30,,,,"rng(run,'mcg16807')",run index,0.0928969601292085,1.071826550091912,0.09853023049330563,0.35861111111111116,0.45887946277573277,2.7091793566666666,71.53333333333333,1.0,1.0,3.5588355517925565e-16,1.0917193075480707e-15,3.5767685110007127e-16,1.1657341758564144e-15,2.5,1.5,4.5,4.5,1.5,2.0,2.75,2.0,0.39017713991259556,1.0,0.0,0.0,1.0,0.8099614094100029,0.6950885699562978,0.0,0.4547682834300747,0.5937859974213342,0.6262624948415751,1.5,3.0,2.0
test,syn_n500_k05_pathological_cov_mixed_low_vol_r01_s20260781,25,RandomConfig_ECMADE_MOO,30,theta_14,100.0,10000.0,"rng(run,'mcg16807')",run index,0.0928969601292085,1.071826550091912,0.09853023049330563,0.35861111111111116,0.45887946277573277,5.184391136666665,71.53333333333333,1.0,1.0,1.1621811253545633e-16,5.255055649892409e-16,1.1561122429763298e-16,5.440092820663268e-16,2.5,1.5,4.5,4.5,1.5,5.0,3.25,3.0,0.39017713991259556,1.0,0.0,0.0,1.0,0.0,0.6950885699562978,0.0,0.3737721424890744,0.5127898564803339,0.42377214248907447,1.5,5.0,4.0
test,syn_n500_k05_pathological_cov_mixed_low_vol_r01_s20260781,25,BayesianConfig_ECMADE_MOO,30,theta_02,100.0,10000.0,"rng(run,'mcg16807')",run index,0.0440079368050099,1.0748502093638221,0.10474397516257568,0.4741666666666667,0.31065756146144874,2.12842853,68.73333333333333,1.0,1.0,1.216973379266892e-16,5.181040781584067e-16,1.1945999744966683e-16,5.736152293896644e-16,1.0,3.0,1.0,1.0,5.0,1.0,2.0,1.0,1.0,0.3593298813920463,1.0,1.0,0.0,1.0,0.6796649406960231,1.0,0.7199162351740057,0.6558492233132104,0.6699162351740058,3.0,1.0,1.0
test,syn_n500_k05_pathological_cov_mixed_low_vol_r01_s20260781,25,MetaDesigned_ECMADE_MOO,30,theta_09,100.0,10000.0,"rng(run,'mcg16807')",run index,0.060074155780490815,1.0698919510402873,0.10822905128858676,0.46611111111111114,0.36549050125535776,4.599327099999999,72.06666666666666,1.0,1.0,1.2119997159980906e-16,5.995204332975848e-16,1.2190248810384212e-16,6.254256372055051e-16,4.5,4.5,2.5,2.5,3.5,4.0,3.5833333333333335,5.0,0.0,0.0,0.9302884615384617,0.6713736973442745,0.36993817585461514,0.1914499985668454,0.0,0.8008310794413681,0.4535066207762233,0.2933404048879496,0.34055481346570715,4.5,4.0,5.0
test,syn_n500_k05_pathological_cov_mixed_low_vol_r01_s20260781,25,ExperimentC_NoReplicate_ECMADE_MOO,30,theta_089,100.0,10000.0,"rng(run,'mcg16807')",run index,0.060074155780490815,1.0698919510402873,0.10822905128858676,0.46611111111111114,0.36549050125535776,3.0528845133333333,72.06666666666666,1.0,1.0,1.2119997159980906e-16,5.995204332975848e-16,1.2190248810384212e-16,6.254256372055051e-16,4.5,4.5,2.5,2.5,3.5,3.0,3.4166666666666665,4.0,0.0,0.0,0.9302884615384617,0.6713736973442745,0.36993817585461514,0.6974910683407554,0.0,0.8008310794413681,0.5041107277536143,0.3439445118653406,0.46706508090918464,4.5,2.0,3.0
test,syn_n500_k10_low_corr_heavy_tail_high_vol_r03_s20260793,50,HandCrafted_ECMADE_MOO,30,,,,"rng(run,'mcg16807')",run index,0.0482615775323386,0.6488810144658291,0.1413317407704276,0.42277777777777775,0.42113774169292095,3.2383489233333336,68.93333333333334,1.0,1.0,2.217121670648199e-16,7.993605777301127e-16,2.2900200254601565e-16,8.770761894538737e-16,5.0,5.0,4.0,1.0,5.0,3.0,3.8333333333333335,4.0,0.0,0.0,0.1958650707290536,1.0,0.0,0.6239547693700581,0.0,0.5979325353645268,0.3314651178510429,0.21187861077813752,0.3054718261836462,5.0,4.0,4.0
test,syn_n500_k10_low_corr_heavy_tail_high_vol_r03_s20260793,50,RandomConfig_ECMADE_MOO,30,theta_08,100.0,10000.0,"rng(run,'mcg16807')",run index,0.10138518976328241,0.6990656801669448,0.12534259721487123,0.3727777777777777,0.6002982911012549,4.361239216666666,55.46666666666667,1.0,1.0,1.3275327797564274e-16,5.255055649892409e-16,1.2993310131529748e-16,5.699144859742472e-16,4.0,4.0,5.0,5.0,4.0,4.0,4.333333333333333,5.0,0.20143786115298112,0.16552904984706238,0.0,0.0,0.3592454250698922,0.1918712268424525,0.18348345550002176,0.0,0.13690707157322915,0.1736037626732335,0.18365002685309162,4.0,5.0,5.0
test,syn_n500_k10_low_corr_heavy_tail_high_vol_r03_s20260793,50,BayesianConfig_ECMADE_MOO,30,theta_02,100.0,10000.0,"rng(run,'mcg16807')",run index,0.0774282270916137,0.8641611320811723,0.05830938290256937,0.5797222222222221,0.8361098772368051,2.2610899033333336,79.9,1.0,1.0,1.2361139767175782e-16,5.25505564989241e-16,1.2356782264077997e-16,5.662137425588301e-16,3.0,3.0,3.0,4.0,3.0,1.0,2.8333333333333335,3.0,0.8641198628176346,0.8594964430820737,0.8106637649619155,0.450966371931201,0.832085197985495,1.0,0.8618081529498542,0.6308150684465582,0.7657358586355137,0.8119344755361729,0.8311771048454768,3.0,3.0,2.0
test,syn_n500_k10_low_corr_heavy_tail_high_vol_r03_s20260793,50,MetaDesigned_ECMADE_MOO,30,theta_09,100.0,10000.0,"rng(run,'mcg16807')",run index,0.06833618898680395,0.8980132551174669,0.04473755642436117,0.6280555555555554,0.9198512587084201,4.859870423333333,79.7,1.0,1.0,1.3316254935743787e-16,5.995204332975847e-16,1.310063169057685e-16,6.106226635438361e-16,1.5,1.5,1.5,2.5,1.5,5.0,2.25,2.0,1.0,1.0,1.0,0.6221150894785699,1.0,0.0,1.0,0.8110575447392849,0.8149758951326782,0.8527643861848213,0.7027643861848212,1.5,2.0,3.0
test,syn_n500_k10_low_corr_heavy_tail_high_vol_r03_s20260793,50,ExperimentC_NoReplicate_ECMADE_MOO,30,theta_089,100.0,10000.0,"rng(run,'mcg16807')",run index,0.06833618898680395,0.8980132551174669,0.04473755642436117,0.6280555555555554,0.9198512587084201,3.0627045600000002,79.7,1.0,1.0,1.3316254935743787e-16,5.995204332975847e-16,1.310063169057685e-16,6.106226635438361e-16,1.5,1.5,1.5,2.5,1.5,2.0,1.75,1.0,1.0,1.0,1.0,0.6221150894785699,1.0,0.6915419942170927,1.0,0.8110575447392849,0.8841300945543875,0.9219185856065306,0.8756498847390943,1.5,1.0,1.0
test,syn_n500_k10_pathological_cov_mixed_low_vol_r01_s20260794,50,HandCrafted_ECMADE_MOO,30,,,,"rng(run,'mcg16807')",run index,0.11694302473231162,0.9066376100226524,0.12922459839898595,0.049999999999999996,0.7847421542074665,3.142945983333333,61.03333333333333,1.0,1.0,3.5287902159851185e-16,1.1139237680405737e-15,3.5541939761666673e-16,1.1768364061026659e-15,5.0,5.0,5.0,5.0,3.0,2.0,4.166666666666667,5.0,0.0,0.0,0.0,0.0,0.9452006488789899,0.6163530054128236,0.0,0.0,0.25067543031708034,0.25067543031708034,0.3903884135729534,5.0,5.0,4.0
test,syn_n500_k10_pathological_cov_mixed_low_vol_r01_s20260794,50,RandomConfig_ECMADE_MOO,30,theta_19,100.0,10000.0,"rng(run,'mcg16807')",run index,0.09669703526515822,0.9618047575391063,0.0900208362163395,0.13805555555555554,0.796001068241194,4.193602739999999,68.83333333333333,1.0,1.0,1.3083458359617783e-16,6.06921920128419e-16,1.3489209749195648e-16,6.513308411134254e-16,1.5,1.5,1.5,3.5,1.5,4.0,2.25,2.0,1.0,1.0,1.0,0.6130386950155676,1.0,0.18959075348036927,1.0,0.8065193475077839,0.8318927817265397,0.8705889122249829,0.7490275252470383,1.5,2.0,2.0
test,syn_n500_k10_pathological_cov_mixed_low_vol_r01_s20260794,50,BayesianConfig_ECMADE_MOO,30,theta_02,100.0,10000.0,"rng(run,'mcg16807')",run index,0.08391739416157044,0.9365024280946219,0.12624947422387703,0.1227777777777778,0.5905439998013672,2.1984357666666665,64.0,1.0,1.0,1.3766044916021728e-16,5.588122557279955e-16,1.3922196728799466e-16,6.143234069592533e-16,3.5,3.5,3.5,1.5,4.5,1.0,2.9166666666666665,3.0,0.5413515002395611,0.07588874152557383,0.826498422712934,1.0,0.0,1.0,0.30862012088256746,0.913249211356467,0.588117175331052,0.46719135723627214,0.5554673330597586,3.5,3.0,3.0
test,syn_n500_k10_pathological_cov_mixed_low_vol_r01_s20260794,50,MetaDesigned_ECMADE_MOO,30,theta_02,100.0,10000.0,"rng(run,'mcg16807')",run index,0.08391739416157044,0.9365024280946219,0.12624947422387703,0.1227777777777778,0.5905439998013672,4.660361,64.0,1.0,1.0,1.3766044916021728e-16,5.588122557279955e-16,1.3922196728799466e-16,6.143234069592533e-16,3.5,3.5,3.5,1.5,4.5,5.0,3.5833333333333335,4.0,0.5413515002395611,0.07588874152557383,0.826498422712934,1.0,0.0,0.0,0.30862012088256746,0.913249211356467,0.488117175331052,0.3671913572362721,0.3054673330597586,3.5,4.0,5.0
test,syn_n500_k10_pathological_cov_mixed_low_vol_r01_s20260794,50,ExperimentC_NoReplicate_ECMADE_MOO,30,theta_170,100.0,10000.0,"rng(run,'mcg16807')",run index,0.09669703526515822,0.9618047575391063,0.0900208362163395,0.13805555555555554,0.796001068241194,3.227876643333333,68.83333333333333,1.0,1.0,1.3083458359617783e-16,6.06921920128419e-16,1.3489209749195648e-16,6.513308411134254e-16,1.5,1.5,1.5,3.5,1.5,3.0,2.0833333333333335,1.0,1.0,1.0,1.0,0.6130386950155676,1.0,0.5818553452686088,1.0,0.8065193475077839,0.8711192409053636,0.9098153714038069,0.8470936731940982,1.5,1.0,1.0
test,syn_n500_k20_cluster_corr_skewed_high_vol_r01_s20260805,100,HandCrafted_ECMADE_MOO,30,,,,"rng(run,'mcg16807')",run index,0.05498797660093906,0.8245521589071728,0.08869683389055633,0.4336569579288026,0.6014070357896547,3.3877593933333334,73.96666666666667,1.0,1.0,2.7549649772540155e-16,1.0103029524088924e-15,2.759644364876597e-16,1.0325074129013957e-15,4.0,4.0,3.0,3.0,3.0,2.0,3.1666666666666665,4.0,0.05984075670028943,0.3327310362641348,0.5638297872340424,0.6259995604555627,0.3081976901591099,0.626922415270182,0.19628589648221212,0.5949146738448026,0.4411148569095544,0.3613891014370363,0.43158016893907664,4.0,4.0,3.0
test,syn_n500_k20_cluster_corr_skewed_high_vol_r01_s20260805,100,RandomConfig_ECMADE_MOO,30,theta_22,100.0,10000.0,"rng(run,'mcg16807')",run index,0.07941724214828247,0.8748007008964007,0.07977367323995914,0.26957928802589,0.7756366393065207,3.8538112633333332,72.53333333333333,1.0,1.0,2.0815413259851254e-16,8.54871728961371e-16,2.0690856435597483e-16,9.177843670234638e-16,1.0,1.0,4.0,5.0,1.0,3.0,2.5,2.0,1.0,1.0,0.024468085106382872,0.0,1.0,0.4731177409928919,1.0,0.012234042553191436,0.5028170932482253,0.7003702847375871,0.6213379458865208,1.0,3.0,1.0
test,syn_n500_k20_cluster_corr_skewed_high_vol_r01_s20260805,100,BayesianConfig_ECMADE_MOO,30,theta_02,100.0,10000.0,"rng(run,'mcg16807')",run index,0.040637574299223884,0.8245842915955883,0.08756777237766485,0.5566343042071197,0.5237878075832822,2.257276806666667,45.5,1.0,1.0,2.1727280342933245e-16,8.326672684688676e-16,2.1523523704066362e-16,9.362880841005495e-16,3.0,3.0,2.0,2.0,5.0,1.0,2.6666666666666665,3.0,0.060441965070323074,0.41716162484159425,0.9680851063829784,0.9937284025619559,0.0,1.0,0.23880179495595866,0.9809067544724672,0.6011084882515999,0.4526874963482982,0.5549271373571065,3.0,1.0,2.0
test,syn_n500_k20_cluster_corr_skewed_high_vol_r01_s20260805,100,MetaDesigned_ECMADE_MOO,30,theta_09,100.0,10000.0,"rng(run,'mcg16807')",run index,0.04039282888900583,0.8262531373486526,0.08452829777330552,0.5663430420711975,0.5453867480521271,4.615469876666667,46.733333333333334,1.0,1.0,1.9842412473776153e-16,8.622732157922054e-16,2.09054995536917e-16,9.28886597269715e-16,2.0,2.0,1.0,1.0,4.0,4.0,2.3333333333333335,1.0,0.09166636876986077,0.6444518361207773,1.0,1.0,0.0857615273458179,0.22175804805951527,0.36805910244531903,1.0,0.5813428858864449,0.45495470637550867,0.41889466946266307,2.0,2.0,4.0
test,syn_n500_k20_cluster_corr_skewed_high_vol_r01_s20260805,100,ExperimentC_NoReplicate_ECMADE_MOO,30,theta_045,100.0,10000.0,"rng(run,'mcg16807')",run index,0.06805348589354379,0.8213538594731661,0.09314633274541363,0.26213592233009714,0.7347963177076496,5.287430943333333,63.166666666666664,1.0,1.0,2.0344981238387875e-16,8.659739592076228e-16,2.032818358088661e-16,9.214851104388804e-16,5.0,5.0,5.0,4.0,2.0,5.0,4.333333333333333,5.0,0.0,0.0,0.0,0.2911960822892669,0.8378379549373837,0.0,0.0,0.14559804114463346,0.23308670950256183,0.20396710127363513,0.2458589990205043,5.0,5.0,5.0
test,syn_n500_k20_pathological_cov_mixed_low_vol_r01_s20260806,100,HandCrafted_ECMADE_MOO,30,,,,"rng(run,'mcg16807')",run index,0.12527240107777707,0.9605459522248909,0.2077648616606455,0.03518518518518519,0.19885131370331782,3.2008086000000002,17.533333333333335,1.0,1.0,3.8477586846035573e-16,8.622732157922049e-16,3.5538239018251267e-16,1.239749044164758e-15,3.0,3.0,3.0,3.0,3.0,2.0,2.8333333333333335,3.0,0.8595407263167099,0.7035796573334655,0.6333333333333334,0.41026892742469373,0.48926737923237257,0.6496900366908883,0.7815601918250876,0.5218011303790135,0.5930230361423914,0.6449748484316062,0.6105796845318405,3.0,3.0,3.0
test,syn_n500_k20_pathological_cov_mixed_low_vol_r01_s20260806,100,RandomConfig_ECMADE_MOO,30,theta_12,100.0,10000.0,"rng(run,'mcg16807')",run index,0.14978355477865082,0.982281320781364,0.19111368413600952,0.05308641975308643,0.26206606403654203,3.2126542666666666,21.4,1.0,1.0,2.0112053336992717e-16,5.44009282066327e-16,1.9880393627621136e-16,8.733754460384573e-16,1.0,2.0,2.0,5.0,1.0,3.0,2.3333333333333335,1.0,1.0,0.9426388006693606,0.9555555555555558,0.0,1.0,0.6452430786869015,0.9713194003346803,0.4777777777777779,0.7223541579523602,0.8210624824637407,0.7735850641998399,1.0,1.0,1.0
test,syn_n500_k20_pathological_cov_mixed_low_vol_r01_s20260806,100,BayesianConfig_ECMADE_MOO,30,theta_02,100.0,10000.0,"rng(run,'mcg16807')",run index,0.09003944046140738,0.827536333237983,0.256771269085611,0.0,0.1382933740559943,2.267663953333333,7.5,1.0,1.0,1.8313686839802212e-16,4.551914400963142e-16,2.067235271852041e-16,8.918791631155432e-16,5.0,5.0,4.5,1.0,5.0,1.0,3.5833333333333335,4.0,0.0,0.0,0.0,1.0,0.0,1.0,0.0,0.5,0.325,0.225,0.375,5.0,5.0,4.0
test,syn_n500_k20_pathological_cov_mixed_low_vol_r01_s20260806,100,MetaDesigned_ECMADE_MOO,30,theta_17,100.0,10000.0,"rng(run,'mcg16807')",run index,0.09314381277325874,0.8386026775275863,0.23976694968790144,0.0,0.19011832826429595,4.507128963333334,6.566666666666666,1.0,1.0,1.9867840922849423e-16,4.847973874196516e-16,2.072046238292084e-16,8.918791631155428e-16,4.0,4.0,4.5,2.0,4.0,4.0,3.75,5.0,0.07151342647852145,0.24412916277014185,0.0,0.9480388596043615,0.41871073672590076,0.159286924821874,0.15782129462433164,0.47401942980218076,0.35243490689443185,0.289195279858862,0.3024595964935718,4.0,4.0,5.0
test,syn_n500_k20_pathological_cov_mixed_low_vol_r01_s20260806,100,ExperimentC_NoReplicate_ECMADE_MOO,30,theta_034,100.0,10000.0,"rng(run,'mcg16807')",run index,0.13696615374374962,0.970625004130428,0.1871183066752174,0.05555555555555555,0.25941918764864946,4.931432456666666,19.633333333333333,1.0,1.0,2.1432013992932437e-16,6.06921920128419e-16,2.1205259770340494e-16,9.47390314346801e-16,2.0,1.0,1.0,4.0,2.0,5.0,2.5,2.0,0.9246740276632979,1.0,1.0,0.21453830526033627,0.9786150209039768,0.0,0.9623370138316489,0.6072691526301681,0.7095783763222833,0.7805919485625794,0.6370552968414485,2.0,2.0,2.0
test,syn_n500_k30_cluster_corr_skewed_high_vol_r01_s20260817,150,HandCrafted_ECMADE_MOO,30,,,,"rng(run,'mcg16807')",run index,0.05825262485108143,0.7788063171900456,0.10841682333299554,0.3991111111111111,0.5234930467804795,3.0413053166666666,63.9,1.0,1.0,2.87191155433838e-16,9.954999787472237e-16,2.9017529120286174e-16,1.0695148470555674e-15,4.0,3.0,4.0,4.0,2.0,2.0,3.1666666666666665,3.0,0.22761701427777709,0.3097621516206872,0.6119929453262785,0.2906364405824445,0.43745946939614216,0.6859773563889013,0.2686895829492322,0.45131469295436144,0.4263536370848893,0.38982861508386346,0.4608602754221593,4.0,4.0,3.0
test,syn_n500_k30_cluster_corr_skewed_high_vol_r01_s20260817,150,RandomConfig_ECMADE_MOO,30,theta_05,100.0,10000.0,"rng(run,'mcg16807')",run index,0.06546926022544186,0.7852323532479579,0.10940777162032254,0.2448888888888889,0.6725920948943378,3.4518940733333334,53.4,1.0,1.0,2.5863417604065585e-16,1.043609643147648e-15,2.5320486448284415e-16,1.1472304587793297e-15,3.0,4.0,5.0,5.0,1.0,4.0,3.6666666666666665,5.0,0.32370361720114355,0.2683340816909387,0.0,0.0,1.0,0.5129528749400399,0.2960188494460411,0.0,0.3252999998555143,0.38450376974472256,0.45224293109652025,3.0,5.0,4.0
test,syn_n500_k30_cluster_corr_skewed_high_vol_r01_s20260817,150,BayesianConfig_ECMADE_MOO,30,theta_02,100.0,10000.0,"rng(run,'mcg16807')",run index,0.040638804141208004,0.7635838502004497,0.11582625066445873,0.4497777777777778,0.40754621819313674,2.2961265666666666,30.633333333333333,1.0,1.0,2.387195813925515e-16,8.881784197001258e-16,2.5094741099943957e-16,1.1250259982868264e-15,5.0,5.0,3.0,1.0,5.0,1.0,3.3333333333333335,4.0,0.0,0.0,0.8130511463844796,1.0,0.0,1.0,0.0,0.9065255731922398,0.5079365079365079,0.32663139329805996,0.4766313932980599,5.0,3.0,2.0
test,syn_n500_k30_cluster_corr_skewed_high_vol_r01_s20260817,150,MetaDesigned_ECMADE_MOO,30,theta_09,100.0,10000.0,"rng(run,'mcg16807')",run index,0.04377007833193729,0.7917498089566419,0.10601740849422099,0.4586666666666667,0.45856866587880335,4.669136173333333,31.766666666666666,1.0,1.0,2.6363520836273226e-16,9.843977485009732e-16,2.5438910237577767e-16,1.1990408665951705e-15,2.0,2.0,2.0,2.0,4.0,5.0,2.8333333333333335,2.0,0.42115719092951687,0.4100732647256504,0.8483245149911818,0.8738938108866438,0.19250421217903593,0.0,0.41561522782758364,0.8611091629389127,0.5299037727152138,0.440804985692948,0.36730715073638304,2.0,2.0,5.0
test,syn_n500_k30_cluster_corr_skewed_high_vol_r01_s20260817,150,ExperimentC_NoReplicate_ECMADE_MOO,30,theta_189,100.0,10000.0,"rng(run,'mcg16807')",run index,0.045951777685938916,0.8304613946489451,0.0919065196944329,0.4968888888888889,0.519885331942138,3.304957713333334,36.233333333333334,1.0,1.0,2.6153802532695584e-16,9.547918011776352e-16,2.522426711948356e-16,1.1176245114559919e-15,1.0,1.0,1.0,3.0,3.0,3.0,2.0,1.0,1.0,1.0,1.0,0.7860299655106056,0.4238478075840681,0.5748727085501527,1.0,0.8930149827553028,0.7941135746117151,0.8155105780606545,0.7229338747223809,1.0,1.0,1.0
test,syn_n500_k30_pathological_cov_normal_extreme_events_r02_s20260818,150,HandCrafted_ECMADE_MOO,30,,,,"rng(run,'mcg16807')",run index,0.14257602248742748,0.8123064673750153,0.2581574483201263,0.025641025641025644,0.261718972864697,2.932667776666667,16.166666666666668,1.0,1.0,4.1302893555659114e-16,9.62193288008469e-16,3.9705276104011015e-16,1.3692750637043598e-15,4.0,4.0,4.0,5.0,4.0,2.0,3.8333333333333335,5.0,0.4368693341752645,0.26087829794703365,0.4347826086956522,0.0,0.6774665058415839,0.7388037078139522,0.3488738160611491,0.2173913043478261,0.394418212921521,0.4207147152641856,0.49563383351612783,4.0,4.0,3.0
test,syn_n500_k30_pathological_cov_normal_extreme_events_r02_s20260818,150,RandomConfig_ECMADE_MOO,30,theta_04,100.0,10000.0,"rng(run,'mcg16807')",run index,0.12508503993605735,0.9214999220881886,0.17798576179333905,0.05897435897435897,0.33167810491062877,3.22168597,14.7,1.0,1.0,2.603079877569135e-16,7.327471962526037e-16,2.654173177537207e-16,1.1509312021947465e-15,1.0,1.0,1.0,2.0,1.0,4.0,1.6666666666666667,1.0,1.0,1.0,1.0,0.26753758667593897,1.0,0.6190536694407625,1.0,0.6337687933379694,0.7971013239461625,0.8703475652785685,0.813205615694683,1.0,1.0,1.0
test,syn_n500_k30_pathological_cov_normal_extreme_events_r02_s20260818,150,BayesianConfig_ECMADE_MOO,30,theta_02,100.0,10000.0,"rng(run,'mcg16807')",run index,0.07719835810505236,0.7275956271529207,0.286454619227919,0.0,0.11477309097253977,2.3022673066666663,5.6,1.0,1.0,2.309187947726162e-16,5.440092820663269e-16,2.6230869328477037e-16,1.1139237680405743e-15,5.0,5.0,5.0,1.0,5.0,1.0,3.6666666666666665,4.0,0.0,0.0,0.0,1.0,0.0,1.0,0.0,0.5,0.325,0.225,0.375,5.0,5.0,5.0
test,syn_n500_k30_pathological_cov_normal_extreme_events_r02_s20260818,150,MetaDesigned_ECMADE_MOO,30,theta_23,100.0,10000.0,"rng(run,'mcg16807')",run index,0.14148253070352232,0.9128904091163903,0.18853117176183615,0.03333333333333333,0.2770603411402278,4.71577963,16.566666666666666,1.0,1.0,2.3958726385597307e-16,7.586524001605242e-16,2.4850492034526425e-16,1.1102230246251571e-15,2.5,2.5,2.5,3.5,2.5,5.0,3.0833333333333335,3.0,0.9555991631094478,0.9027793763306,0.5652173913043478,0.01672577009649116,0.7481950150493504,0.0,0.9291892697200239,0.29097158070041945,0.5128735317550648,0.6405170695589857,0.4920889663674484,2.5,3.0,4.0
test,syn_n500_k30_pathological_cov_normal_extreme_events_r02_s20260818,150,ExperimentC_NoReplicate_ECMADE_MOO,30,theta_234,100.0,10000.0,"rng(run,'mcg16807')",run index,0.14148253070352232,0.9128904091163903,0.18853117176183615,0.03333333333333333,0.2770603411402278,3.15022459,16.566666666666666,1.0,1.0,2.3958726385597307e-16,7.586524001605242e-16,2.4850492034526425e-16,1.1102230246251571e-15,2.5,2.5,2.5,3.5,2.5,3.0,2.75,2.0,0.9555991631094478,0.9027793763306,0.5652173913043478,0.01672577009649116,0.7481950150493504,0.6486625424964855,0.9291892697200239,0.29097158070041945,0.5777397860047133,0.7053833238086342,0.6542546019915698,2.5,2.0,2.0
test,syn_n50_k05_high_corr_mixed_high_vol_r02_s20260637,3,HandCrafted_ECMADE_MOO,30,,,,"rng(run,'mcg16807')",run index,0.024293249547545415,0.9918446531282151,0.006724079566136461,0.9722222222222222,1.2937164330979896,6.480319233333333,100.0,1.0,1.0,2.3092638912203257e-16,1.1065222812097392e-15,2.3092638912203257e-16,1.1065222812097392e-15,1.5,1.5,1.5,2.5,1.5,4.0,2.0833333333333335,1.0,1.0,1.0,1.0,0.2502469127706898,1.0,0.48709872136775156,1.0,0.6251234563853449,0.7800154275101803,0.8549907362331113,0.7780555444382742,1.5,1.0,1.0
test,syn_n50_k05_high_corr_mixed_high_vol_r02_s20260637,3,RandomConfig_ECMADE_MOO,30,theta_16,100.0,10000.0,"rng(run,'mcg16807')",run index,0.024293249547545415,0.9918446531282151,0.006724079566136461,0.9722222222222222,1.2937164330979896,9.7360579,100.0,1.0,1.0,1.70974345792274e-17,2.2204460492503104e-16,1.70974345792274e-17,2.2204460492503104e-16,1.5,1.5,1.5,2.5,1.5,5.0,2.25,2.0,1.0,1.0,1.0,0.2502469127706898,1.0,0.0,1.0,0.6251234563853449,0.7313055553734051,0.8062808640963361,0.6562808640963362,1.5,2.0,3.0
test,syn_n50_k05_high_corr_mixed_high_vol_r02_s20260637,3,BayesianConfig_ECMADE_MOO,30,theta_02,100.0,10000.0,"rng(run,'mcg16807')",run index,0.0260919744185587,0.9909385271857347,0.0076572251246597315,0.9641666666666667,1.2762000814230992,3.05211782,100.0,1.0,1.0,1.7763568394002505e-17,2.1464311809419669e-16,1.7763568394002505e-17,2.1464311809419669e-16,4.5,4.5,3.5,4.5,4.5,1.0,3.75,4.0,0.0,0.0,0.4727272727272795,0.0,0.0,1.0,0.0,0.23636363636363975,0.2063636363636379,0.15909090909090995,0.3090909090909099,4.5,4.0,4.0
test,syn_n50_k05_high_corr_mixed_high_vol_r02_s20260637,3,MetaDesigned_ECMADE_MOO,30,theta_01,100.0,10000.0,"rng(run,'mcg16807')",run index,0.0260919744185587,0.9909385271857347,0.0076572251246597315,0.9641666666666667,1.2762000814230992,3.287168076666666,100.0,1.0,1.0,1.7763568394002505e-17,2.1464311809419669e-16,1.7763568394002505e-17,2.1464311809419669e-16,4.5,4.5,3.5,4.5,4.5,2.0,3.9166666666666665,5.0,0.0,0.0,0.4727272727272795,0.0,0.0,0.9648335781210853,0.0,0.23636363636363975,0.20284699417574642,0.15557426690301848,0.30029930362118123,4.5,5.0,5.0
test,syn_n50_k05_high_corr_mixed_high_vol_r02_s20260637,3,ExperimentC_NoReplicate_ECMADE_MOO,30,theta_131,100.0,10000.0,"rng(run,'mcg16807')",run index,0.018904173973397883,0.9911016528340255,0.006931832564824196,0.9569444444444444,1.2917458395885537,4.456983919999999,100.0,1.0,1.0,1.632027846198979e-17,2.1834386150961389e-16,1.632027846198979e-17,2.1834386150961389e-16,3.0,3.0,5.0,1.0,3.0,3.0,3.0,3.0,0.1800253592169097,0.7773627096114456,0.0,1.0,0.8874997747241692,0.7898146776923232,0.4786940344141777,0.5,0.6011549313176106,0.5968937382004461,0.6640021217076675,3.0,3.0,2.0
test,syn_n50_k05_pathological_cov_mixed_low_vol_r01_s20260638,3,HandCrafted_ECMADE_MOO,30,,,,"rng(run,'mcg16807')",run index,0.035249721827598994,1.1082296064197819,0.011179186465000188,0.9216666666666666,1.254945123624922,6.386427153333333,100.0,1.0,1.0,1.7974510768681282e-16,1.0362081563168128e-15,1.7974510768681282e-16,1.0362081563168128e-15,4.0,4.0,5.0,1.0,4.0,4.0,3.6666666666666665,4.0,0.39385131822879665,0.7415787949930045,0.0,1.0,0.7790013567737787,0.6085248146530136,0.5677150566109006,0.5,0.5835815169727822,0.5971245282949623,0.6138103070094232,4.0,4.0,4.0
test,syn_n50_k05_pathological_cov_mixed_low_vol_r01_s20260638,3,RandomConfig_ECMADE_MOO,30,theta_17,100.0,10000.0,"rng(run,'mcg16807')",run index,0.046668789355916666,1.1074504787256159,0.014668881521896032,0.9238888888888891,1.2313128592440277,11.578524246666666,100.0,1.0,1.0,1.495100339828544e-17,1.9243865760169368e-16,1.495100339828544e-17,1.9243865760169368e-16,5.0,5.0,4.0,5.0,5.0,5.0,4.833333333333333,5.0,0.0,0.0,0.0987654320987756,0.0,0.0,0.0,0.0,0.0493827160493878,0.02222222222222451,0.01234567901234695,0.01234567901234695,5.0,5.0,5.0
test,syn_n50_k05_pathological_cov_mixed_low_vol_r01_s20260638,3,BayesianConfig_ECMADE_MOO,30,theta_02,100.0,10000.0,"rng(run,'mcg16807')",run index,0.035457625041929036,1.1094287066966935,0.009963117170949666,0.9441666666666667,1.2616494744185724,3.0462557700000006,100.0,1.0,1.0,1.731947918415244e-17,2.146431180941967e-16,1.731947918415244e-17,2.146431180941967e-16,2.0,2.0,2.0,3.0,2.0,1.0,2.0,1.0,1.0,1.0,1.0,0.9817933282367871,1.0,1.0,1.0,0.9908966641183936,0.995903498853277,0.9977241660295985,0.9977241660295983,2.0,1.0,1.0
test,syn_n50_k05_pathological_cov_mixed_low_vol_r01_s20260638,3,MetaDesigned_ECMADE_MOO,30,theta_01,100.0,10000.0,"rng(run,'mcg16807')",run index,0.035457625041929036,1.1094287066966935,0.009963117170949666,0.9441666666666667,1.2616494744185724,3.159905136666666,100.0,1.0,1.0,1.731947918415244e-17,2.146431180941967e-16,1.731947918415244e-17,2.146431180941967e-16,2.0,2.0,2.0,3.0,2.0,2.0,2.1666666666666665,2.0,1.0,1.0,1.0,0.9817933282367871,1.0,0.9866800526756203,1.0,0.9908966641183936,0.9945715041208391,0.9963921712971605,0.9943941791985034,2.0,2.0,2.0
test,syn_n50_k05_pathological_cov_mixed_low_vol_r01_s20260638,3,ExperimentC_NoReplicate_ECMADE_MOO,30,theta_011,100.0,10000.0,"rng(run,'mcg16807')",run index,0.035457625041929036,1.1094287066966935,0.009963117170949666,0.9441666666666667,1.2616494744185724,5.791326700000001,100.0,1.0,1.0,1.731947918415244e-17,2.146431180941967e-16,1.731947918415244e-17,2.146431180941967e-16,2.0,2.0,2.0,3.0,2.0,3.0,2.3333333333333335,3.0,1.0,1.0,1.0,0.9817933282367871,1.0,0.6782718526137579,1.0,0.9908966641183936,0.9637306841146528,0.9655513512909742,0.9172921291830378,2.0,3.0,3.0
test,syn_n50_k10_cluster_corr_skewed_high_vol_r01_s20260649,5,HandCrafted_ECMADE_MOO,30,,,,"rng(run,'mcg16807')",run index,0.02400305004852454,1.1187187928708595,0.005047381265830702,0.9802777777777779,1.0338571261778982,3.534234983333334,100.0,1.0,1.0,3.4069043882330627e-16,1.2915594519805987e-15,3.4069043882330627e-16,1.2915594519805987e-15,3.0,1.0,3.0,4.0,1.0,3.0,2.5,3.0,0.8819293328063269,1.0,0.9888888888888894,0.21029279366484088,1.0,0.6940933474857822,0.9409646664031635,0.5995908412768651,0.7744663799239584,0.8427411449492181,0.8086622137914528,3.0,1.0,1.0
test,syn_n50_k10_cluster_corr_skewed_high_vol_r01_s20260649,5,RandomConfig_ECMADE_MOO,30,theta_03,100.0,10000.0,"rng(run,'mcg16807')",run index,0.02636800562435987,1.1107262131070579,0.011774963428924038,0.9308333333333335,1.0209901032798565,7.097062550000001,100.0,1.0,1.0,2.124226720449467e-17,2.1834386150961389e-16,2.124226720449467e-17,2.1834386150961389e-16,5.0,5.0,5.0,5.0,2.0,5.0,4.5,5.0,0.0,0.0,0.0,0.0,0.8330870354715042,0.0,0.0,0.0,0.16661740709430084,0.16661740709430084,0.20827175886787605,5.0,5.0,5.0
test,syn_n50_k10_cluster_corr_skewed_high_vol_r01_s20260649,5,BayesianConfig_ECMADE_MOO,30,theta_02,100.0,10000.0,"rng(run,'mcg16807')",run index,0.017125544625091634,1.1197888210354834,0.005693447338803839,0.9808333333333334,0.9662531135407126,1.9639956800000002,100.0,1.0,1.0,2.316665378051159e-17,2.2204460492503104e-16,2.316665378051159e-17,2.2204460492503104e-16,1.5,2.5,1.5,2.5,3.5,1.0,2.0833333333333335,1.0,1.0,0.9039675685393522,1.0,0.8218433207515723,0.12303053684532227,1.0,0.9519837842696761,0.9109216603757861,0.7725168006055873,0.7807292253843653,0.746483995372696,1.5,2.0,2.0
test,syn_n50_k10_cluster_corr_skewed_high_vol_r01_s20260649,5,MetaDesigned_ECMADE_MOO,30,theta_01,100.0,10000.0,"rng(run,'mcg16807')",run index,0.017125544625091634,1.1197888210354834,0.005693447338803839,0.9808333333333334,0.9662531135407126,2.0609683266666665,100.0,1.0,1.0,2.316665378051159e-17,2.2204460492503104e-16,2.316665378051159e-17,2.2204460492503104e-16,1.5,2.5,1.5,2.5,3.5,2.0,2.25,2.0,1.0,0.9039675685393522,1.0,0.8218433207515723,0.12303053684532227,0.9811082440337141,0.9519837842696761,0.9109216603757861,0.7706276250089586,0.7788400497877367,0.7417610563811247,1.5,3.0,3.0
test,syn_n50_k10_cluster_corr_skewed_high_vol_r01_s20260649,5,ExperimentC_NoReplicate_ECMADE_MOO,30,theta_086,100.0,10000.0,"rng(run,'mcg16807')",run index,0.01512199222266179,1.1181758286549552,0.006011900492672988,0.9794444444444446,0.9567689087683694,3.9477608866666674,100.0,1.0,1.0,2.246351253158233e-17,2.2574534834044824e-16,2.246351253158233e-17,2.2574534834044824e-16,4.0,4.0,4.0,1.0,5.0,4.0,3.6666666666666665,4.0,0.8220167535363766,0.8566321148579179,0.9722222222222223,1.0,0.0,0.6135321715248439,0.8393244341971473,0.9861111111111112,0.7149343257017713,0.6855769903189786,0.6097419292082755,4.0,4.0,4.0
test,syn_n50_k10_low_corr_skewed_extreme_events_r02_s20260650,5,HandCrafted_ECMADE_MOO,30,,,,"rng(run,'mcg16807')",run index,0.02923497475724622,1.1757134024888225,0.00781251293617944,0.9422222222222222,0.891206182618178,3.3781892700000005,100.0,1.0,1.0,3.5745480649514626e-16,1.3285668861347707e-15,3.5745480649514626e-16,1.3285668861347707e-15,2.5,2.5,4.5,4.5,1.5,3.0,3.0833333333333335,2.5,0.08078945810233257,0.05438730854565329,0.0,0.0,1.0,0.7298866194163445,0.06758838332399293,0.0,0.2898857577726327,0.3034034344374313,0.44936875068508436,2.5,4.0,2.0
test,syn_n50_k10_low_corr_skewed_extreme_events_r02_s20260650,5,RandomConfig_ECMADE_MOO,30,theta_14,100.0,10000.0,"rng(run,'mcg16807')",run index,0.02923497475724622,1.1757134024888225,0.00781251293617944,0.9422222222222222,0.891206182618178,7.164501143333334,100.0,1.0,1.0,2.0169051614023675e-17,2.1834386150961389e-16,2.0169051614023675e-17,2.1834386150961389e-16,2.5,2.5,4.5,4.5,1.5,5.0,3.4166666666666665,5.0,0.08078945810233257,0.05438730854565329,0.0,0.0,1.0,0.0,0.06758838332399293,0.0,0.21689709583099825,0.23041477249579684,0.26689709583099824,2.5,5.0,5.0
test,syn_n50_k10_low_corr_skewed_extreme_events_r02_s20260650,5,BayesianConfig_ECMADE_MOO,30,theta_02,100.0,10000.0,"rng(run,'mcg16807')",run index,0.02108208485687708,1.1753932923586163,0.007927262020542492,0.9477777777777778,0.8603051165342356,1.9769668433333334,100.0,1.0,1.0,2.4943010619911858e-17,2.2204460492503104e-16,2.4943010619911858e-17,2.2204460492503104e-16,4.5,4.5,2.5,2.5,3.5,1.0,3.0833333333333335,2.5,0.0,0.0,0.24390243902439418,0.8624089321673788,0.20222121083656902,1.0,0.0,0.5531556855958865,0.3893643006854627,0.2787331635662854,0.43884422410811386,4.5,2.0,3.0
test,syn_n50_k10_low_corr_skewed_extreme_events_r02_s20260650,5,MetaDesigned_ECMADE_MOO,30,theta_02,100.0,10000.0,"rng(run,'mcg16807')",run index,0.02108208485687708,1.1753932923586163,0.007927262020542492,0.9477777777777778,0.8603051165342356,2.0702658466666666,100.0,1.0,1.0,2.4943010619911858e-17,2.2204460492503104e-16,2.4943010619911858e-17,2.2204460492503104e-16,4.5,4.5,2.5,2.5,3.5,2.0,3.25,4.0,0.0,0.0,0.24390243902439418,0.8624089321673788,0.20222121083656902,0.9820147688790543,0.0,0.5531556855958865,0.38756577757336813,0.27693464045419086,0.4343479163278774,4.5,3.0,4.0
test,syn_n50_k10_low_corr_skewed_extreme_events_r02_s20260650,5,ExperimentC_NoReplicate_ECMADE_MOO,30,theta_086,100.0,10000.0,"rng(run,'mcg16807')",run index,0.01978135061645775,1.1793555683501287,0.005817411626553416,0.965,0.8524723048770237,3.8006275066666664,100.0,1.0,1.0,2.290760174143239e-17,2.1464311809419669e-16,2.290760174143239e-17,2.1464311809419669e-16,1.0,1.0,1.0,1.0,5.0,4.0,2.1666666666666665,1.0,1.0,1.0,1.0,1.0,0.0,0.6484532809097121,1.0,1.0,0.7648453280909712,0.7648453280909712,0.6621133202274281,1.0,1.0,1.0
test,syn_n50_k20_cluster_corr_skewed_high_vol_r01_s20260662,10,HandCrafted_ECMADE_MOO,30,,,,"rng(run,'mcg16807')",run index,0.11249678675538606,1.0435594671414272,0.032367096059397055,0.7324999999999999,1.2128036491404584,1.9595862666666666,99.83333333333333,1.0,1.0,4.149292994962675e-16,1.5987211554602255e-15,4.1518640377565435e-16,1.6135241291218942e-15,4.5,4.5,4.5,4.5,4.5,3.0,4.25,4.0,0.0,0.0,0.0,0.0,0.0,0.8647106071479194,0.0,0.0,0.08647106071479194,0.08647106071479194,0.21617765178697984,4.5,4.0,4.0
test,syn_n50_k20_cluster_corr_skewed_high_vol_r01_s20260662,10,RandomConfig_ECMADE_MOO,30,theta_14,100.0,10000.0,"rng(run,'mcg16807')",run index,0.11249678675538606,1.0435594671414272,0.032367096059397055,0.7324999999999999,1.2128036491404584,4.89932799,99.83333333333333,1.0,1.0,5.1142326241373224e-17,2.7015426932545464e-16,5.110726656691138e-17,2.7015426932545464e-16,4.5,4.5,4.5,4.5,4.5,5.0,4.583333333333333,5.0,0.0,0.0,0.0,0.0,0.0,0.0,0.0,0.0,0.0,0.0,0.0,4.5,5.0,5.0
test,syn_n50_k20_cluster_corr_skewed_high_vol_r01_s20260662,10,BayesianConfig_ECMADE_MOO,30,theta_02,100.0,10000.0,"rng(run,'mcg16807')",run index,0.06223742113271549,1.0601911638365484,0.013023524989476556,0.8574999999999998,1.2805800082635872,1.4996452533333333,100.0,1.0,1.0,5.97670061589876e-17,3.4046839421838136e-16,5.97670061589876e-17,3.4046839421838136e-16,3.0,3.0,3.0,3.0,3.0,1.0,2.6666666666666665,3.0,0.8249549711570104,0.9114482850429408,0.6627393225331362,0.7293734135470341,0.6677123001285076,1.0,0.8682016280999756,0.6960563680400851,0.7638182326687338,0.7982472846807119,0.8079925740671421,3.0,3.0,3.0
test,syn_n50_k20_cluster_corr_skewed_high_vol_r01_s20260662,10,MetaDesigned_ECMADE_MOO,30,theta_17,100.0,10000.0,"rng(run,'mcg16807')",run index,0.043589194719294434,1.0637201998803245,0.011144201258504247,0.9211111111111111,1.3143089817666278,1.6152954800000001,100.0,1.0,1.0,5.465998024571188e-17,2.8865798640254066e-16,5.465998024571188e-17,2.8865798640254066e-16,1.5,1.5,1.5,1.5,1.5,2.0,1.5833333333333333,1.0,1.0,1.0,1.0,1.0,1.0,0.9659820531429764,1.0,1.0,0.9965982053142975,0.9965982053142975,0.9914955132857441,1.5,1.0,1.0
test,syn_n50_k20_cluster_corr_skewed_high_vol_r01_s20260662,10,ExperimentC_NoReplicate_ECMADE_MOO,30,theta_170,100.0,10000.0,"rng(run,'mcg16807')",run index,0.043589194719294434,1.0637201998803245,0.011144201258504247,0.9211111111111111,1.3143089817666278,2.427847153333333,100.0,1.0,1.0,5.465998024571188e-17,2.8865798640254066e-16,5.465998024571188e-17,2.8865798640254066e-16,1.5,1.5,1.5,1.5,1.5,4.0,1.9166666666666667,2.0,1.0,1.0,1.0,1.0,1.0,0.7269739643676025,1.0,1.0,0.9726973964367601,0.9726973964367601,0.9317434910919007,1.5,2.0,2.0
test,syn_n50_k20_pathological_cov_normal_extreme_events_r02_s20260661,10,HandCrafted_ECMADE_MOO,30,,,,"rng(run,'mcg16807')",run index,0.02980546550607598,0.8726239862479784,0.0076556079588085075,0.9838888888888888,1.380744039474051,2.369386923333333,100.0,1.0,1.0,3.204473723409744e-16,9.547918011776346e-16,3.204473723409744e-16,9.547918011776346e-16,3.0,3.0,3.0,3.0,3.0,3.0,3.0,3.0,0.9339934714109841,0.9192394272617826,0.9444444444444424,0.8552571197323847,0.9140678210509922,0.8528841558353089,0.9266164493363833,0.8998507820884136,0.9046889440676114,0.9100420775172053,0.8983548020777745,3.0,3.0,3.0
test,syn_n50_k20_pathological_cov_normal_extreme_events_r02_s20260661,10,RandomConfig_ECMADE_MOO,30,theta_18,100.0,10000.0,"rng(run,'mcg16807')",run index,0.06327752148284463,0.8656401415897961,0.01749747466490949,0.9297222222222223,1.283059486736224,6.245172583333332,100.0,1.0,1.0,4.04121180963557e-17,2.59052039079203e-16,4.04121180963557e-17,2.59052039079203e-16,4.0,4.0,4.0,5.0,4.0,5.0,4.333333333333333,5.0,0.4456549649307378,0.41377529676358715,0.40277777777777757,0.0,0.43332635048411683,0.0,0.4297151308471625,0.20138888888888878,0.284719052808614,0.33038430120026874,0.266107592555042,4.0,4.0,5.0
test,syn_n50_k20_pathological_cov_normal_extreme_events_r02_s20260661,10,BayesianConfig_ECMADE_MOO,30,theta_02,100.0,10000.0,"rng(run,'mcg16807')",run index,0.03547922436290565,0.8592667243701366,0.025554072692965096,0.8894444444444446,1.1950094778891767,1.70084422,100.0,1.0,1.0,4.759156032226505e-17,2.7385501274087186e-16,4.759156032226505e-17,2.7385501274087186e-16,5.0,5.0,5.0,4.0,5.0,1.0,4.166666666666667,4.0,0.0,0.0,0.0,0.710284768427877,0.0,1.0,0.0,0.3551423842139385,0.25981407289627234,0.18878559605348463,0.33878559605348463,5.0,5.0,4.0
test,syn_n50_k20_pathological_cov_normal_extreme_events_r02_s20260661,10,MetaDesigned_ECMADE_MOO,30,theta_13,100.0,10000.0,"rng(run,'mcg16807')",run index,0.024140687419139592,0.873567961248873,0.006083122901927213,0.9894444444444446,1.3982050803460244,1.766784483333333,100.0,1.0,1.0,3.3676765080296416e-17,2.6275278249462024e-16,3.3676765080296416e-17,2.6275278249462024e-16,1.5,1.5,1.5,1.5,1.5,2.0,1.5833333333333333,1.0,1.0,1.0,1.0,1.0,1.0,0.9854895469558533,1.0,1.0,0.9985489546955852,0.9985489546955852,0.9963723867389633,1.5,1.0,1.0
test,syn_n50_k20_pathological_cov_normal_extreme_events_r02_s20260661,10,ExperimentC_NoReplicate_ECMADE_MOO,30,theta_131,100.0,10000.0,"rng(run,'mcg16807')",run index,0.024140687419139592,0.873567961248873,0.006083122901927213,0.9894444444444446,1.3982050803460244,2.6930046266666667,100.0,1.0,1.0,3.3676765080296416e-17,2.6275278249462024e-16,3.3676765080296416e-17,2.6275278249462024e-16,1.5,1.5,1.5,1.5,1.5,4.0,1.9166666666666667,2.0,1.0,1.0,1.0,1.0,1.0,0.7816706172309031,1.0,1.0,0.9781670617230902,0.9781670617230902,0.9454176543077257,1.5,2.0,2.0
test,syn_n50_k30_cluster_corr_heavy_tail_low_vol_r02_s20260673,15,HandCrafted_ECMADE_MOO,30,,,,"rng(run,'mcg16807')",run index,0.06669839597840442,0.9831709859588017,0.03309958247554916,0.6311111111111111,1.1249332053889305,2.185538643333333,99.56666666666666,1.0,1.0,4.1849127978936185e-16,1.4691951359206237e-15,4.1844305798122156e-16,1.4691951359206237e-15,5.0,5.0,4.0,3.0,3.0,3.0,3.8333333333333335,5.0,0.0,0.0,0.1735985533453888,0.21351982850109288,0.5647138274429828,0.7502761239453267,0.0,0.19355919092324084,0.2750720137985876,0.23636017561393946,0.3771372855778876,5.0,5.0,5.0
test,syn_n50_k30_cluster_corr_heavy_tail_low_vol_r02_s20260673,15,RandomConfig_ECMADE_MOO,30,theta_11,100.0,10000.0,"rng(run,'mcg16807')",run index,0.07669547034869768,1.0146035493670196,0.021147913409610905,0.885,1.1662891085450218,4.652956826666667,99.93333333333334,1.0,1.0,7.726245946881189e-17,3.7747582837255336e-16,7.723451507975671e-17,3.7747582837255336e-16,1.0,1.0,1.0,5.0,2.0,5.0,2.5,1.0,1.0,1.0,1.0,0.0,0.7956786654551781,0.0,1.0,0.5,0.6341357330910355,0.7341357330910356,0.5739196663637945,1.0,1.0,1.0
test,syn_n50_k30_cluster_corr_heavy_tail_low_vol_r02_s20260673,15,BayesianConfig_ECMADE_MOO,30,theta_02,100.0,10000.0,"rng(run,'mcg16807')",run index,0.029875114410457062,0.993878166293529,0.03293978081821123,0.7958333333333335,1.023817162966038,1.3642766933333335,99.93333333333334,1.0,1.0,7.566358726260005e-17,4.144832625267252e-16,7.560618797697318e-17,4.144832625267252e-16,2.5,3.5,2.5,1.5,4.5,1.0,2.5833333333333335,2.0,0.34063974343015085,0.013370656136501983,0.7097649186256787,1.0,0.0,1.0,0.1770051997833264,0.8548824593128393,0.5289484066366094,0.39337295473070677,0.5079719147740415,3.5,2.0,2.0
test,syn_n50_k30_cluster_corr_heavy_tail_low_vol_r02_s20260673,15,MetaDesigned_ECMADE_MOO,30,theta_02,100.0,10000.0,"rng(run,'mcg16807')",run index,0.029875114410457062,0.993878166293529,0.03293978081821123,0.7958333333333335,1.023817162966038,1.41000569,99.93333333333334,1.0,1.0,7.566358726260005e-17,4.144832625267252e-16,7.560618797697318e-17,4.144832625267252e-16,2.5,3.5,2.5,1.5,4.5,2.0,2.75,3.0,0.34063974343015085,0.013370656136501983,0.7097649186256787,1.0,0.0,0.9860950305859277,0.1770051997833264,0.8548824593128393,0.5275579096952021,0.3919824577892995,0.5044956724205234,3.5,3.0,3.0
test,syn_n50_k30_cluster_corr_heavy_tail_low_vol_r02_s20260673,15,ExperimentC_NoReplicate_ECMADE_MOO,30,theta_078,100.0,10000.0,"rng(run,'mcg16807')",run index,0.07519237908966582,0.9919472465137538,0.02859470488844642,0.5777777777777777,1.2028743021913066,3.4845190833333333,85.43333333333334,1.0,1.0,7.182637495769493e-17,3.922788020342221e-16,7.183142969324762e-17,3.996802888650565e-16,4.0,2.0,5.0,4.0,1.0,4.0,3.3333333333333335,4.0,0.27920918955841695,0.3769245585908539,0.0,0.03210337104259839,1.0,0.35529078413260917,0.3280668740746354,0.016051685521299194,0.3247690554165044,0.3871720931271717,0.42485233593213595,2.0,4.0,4.0
test,syn_n50_k30_low_corr_heavy_tail_high_vol_r03_s20260674,15,HandCrafted_ECMADE_MOO,30,,,,"rng(run,'mcg16807')",run index,0.04180650000602922,1.000787151573112,0.030104080863429312,0.8152777777777778,0.8049146084570451,2.2702110199999996,99.2,1.0,1.0,4.0506118253214244e-16,1.2878587085651815e-15,4.0508337425156536e-16,1.2878587085651815e-15,4.5,4.5,3.5,3.5,4.5,3.0,3.9166666666666665,4.0,0.0,0.0,0.3602771362586595,0.4942494144727221,0.0,0.7113132377519712,0.0,0.42726327536569075,0.26339979768975796,0.1779471426166198,0.2846441282794155,4.5,3.0,4.0
test,syn_n50_k30_low_corr_heavy_tail_high_vol_r03_s20260674,15,RandomConfig_ECMADE_MOO,30,theta_24,100.0,10000.0,"rng(run,'mcg16807')",run index,0.05456143846284078,1.0118924144403656,0.029563717566727075,0.7719444444444445,0.8703890793297119,4.526169716666667,97.26666666666667,1.0,1.0,5.527387307783954e-17,2.8865798640254066e-16,5.495603971894525e-17,2.8865798640254066e-16,3.0,3.0,5.0,5.0,1.0,5.0,3.6666666666666665,3.0,0.3167617926971098,0.08628135703388277,0.0,0.0,1.0,0.0,0.2015215748654963,0.0,0.2503803937163741,0.2906847086894733,0.3003803937163741,3.0,4.0,3.0
test,syn_n50_k30_low_corr_heavy_tail_high_vol_r03_s20260674,15,BayesianConfig_ECMADE_MOO,30,theta_02,100.0,10000.0,"rng(run,'mcg16807')",run index,0.028754754462175135,1.0358458711639327,0.023841276066675403,0.8922222222222224,0.8606944751202251,1.3546292800000004,97.06666666666666,1.0,1.0,5.945749437313785e-17,2.997602166487923e-16,5.950795411990838e-17,2.997602166487923e-16,1.5,1.5,1.5,1.5,2.5,1.0,1.5833333333333333,1.0,1.0,1.0,1.0,1.0,0.8519330652042901,1.0,1.0,1.0,0.9703866130408579,0.9703866130408579,0.9629832663010726,1.5,1.0,1.0
test,syn_n50_k30_low_corr_heavy_tail_high_vol_r03_s20260674,15,MetaDesigned_ECMADE_MOO,30,theta_01,100.0,10000.0,"rng(run,'mcg16807')",run index,0.028754754462175135,1.0358458711639327,0.023841276066675403,0.8922222222222224,0.8606944751202251,1.3858777199999999,97.06666666666666,1.0,1.0,5.945749437313785e-17,2.997602166487923e-16,5.950795411990838e-17,2.997602166487923e-16,1.5,1.5,1.5,1.5,2.5,2.0,1.75,2.0,1.0,1.0,1.0,1.0,0.8519330652042901,0.9901472358230935,1.0,1.0,0.9694013366231673,0.9694013366231673,0.9605200752568459,1.5,2.0,2.0
test,syn_n50_k30_low_corr_heavy_tail_high_vol_r03_s20260674,15,ExperimentC_NoReplicate_ECMADE_MOO,30,theta_144,100.0,10000.0,"rng(run,'mcg16807')",run index,0.04180650000602922,1.000787151573112,0.030104080863429312,0.8152777777777778,0.8049146084570451,3.73979684,99.2,1.0,1.0,5.704595351117929e-17,2.9976021664879224e-16,5.702845603157889e-17,2.9976021664879224e-16,4.5,4.5,3.5,3.5,4.5,4.0,4.083333333333333,5.0,0.0,0.0,0.3602771362586595,0.4942494144727221,0.0,0.24794666578274996,0.0,0.42726327536569075,0.21706314049283584,0.1316104854196977,0.16880248528711017,4.5,5.0,5.0
