split,instance,K,method,runs,theta_ids,N,maxFE,rng_policy,seed_policy,PF_Drift,HV,IGD,PF_Overlap,Diversity,Runtime,PF_Size,PF_Feasible_Rate,Population_Feasible_Rate,PF_Mean_Violation,PF_Max_Violation,Population_Mean_Violation,Population_Max_Violation
test,syn_n100_k05_cluster_corr_skewed_high_vol_r01_s20260685,5,HandCrafted_ECMADE_MOO,30,,,,"rng(run,'mcg16807')",run index,0.026754666812068163,1.0476901395408467,0.012899162336261297,0.848888888888889,1.1607953066195245,2.556757423333333,100.0,1.0,1.0,3.529398995283373e-16,1.3507713466272737e-15,3.529398995283373e-16,1.3507713466272737e-15
test,syn_n100_k05_low_corr_skewed_extreme_events_r02_s20260686,5,HandCrafted_ECMADE_MOO,30,,,,"rng(run,'mcg16807')",run index,0.029209338169530634,1.0020956533596304,0.01760417183976794,0.8402777777777778,1.3112919185962582,2.7160202199999994,100.0,1.0,1.0,3.6382008516966376e-16,1.3285668861347707e-15,3.6382008516966376e-16,1.3285668861347707e-15
test,syn_n100_k10_cluster_corr_skewed_high_vol_r01_s20260697,10,HandCrafted_ECMADE_MOO,30,,,,"rng(run,'mcg16807')",run index,0.0466847771586124,1.097998310618015,0.01615191123570748,0.8633333333333334,0.8965930717855279,1.9509815166666666,100.0,1.0,1.0,4.2443826231419734e-16,1.5950204120448083e-15,4.2443826231419734e-16,1.5950204120448083e-15
test,syn_n100_k10_high_corr_normal_low_vol_r03_s20260698,10,HandCrafted_ECMADE_MOO,30,,,,"rng(run,'mcg16807')",run index,0.04155579214226761,0.9893394867724972,0.014900893035119229,0.8344444444444445,1.1288767144902085,1.982953786666667,100.0,1.0,1.0,3.9094653440467173e-16,1.3248661427193535e-15,3.9094653440467173e-16,1.3248661427193535e-15
test,syn_n100_k20_high_corr_heavy_tail_extreme_events_r01_s20260710,20,HandCrafted_ECMADE_MOO,30,,,,"rng(run,'mcg16807')",run index,0.022117548214084945,1.075930058274864,0.007325956656935049,0.9733333333333335,0.93423389594806,1.9451244233333334,100.0,1.0,1.0,3.694452151610979e-16,1.2286468139185065e-15,3.694452151610979e-16,1.2286468139185065e-15
test,syn_n100_k20_pathological_cov_skewed_high_vol_r03_s20260709,20,HandCrafted_ECMADE_MOO,30,,,,"rng(run,'mcg16807')",run index,0.019819251850777552,1.1842473594968645,0.01895209014840119,0.9344444444444445,0.46477484665405855,3.68734395,89.23333333333333,1.0,1.0,3.7692321600167214e-16,1.2471505309955924e-15,3.761805681771572e-16,1.2508512744110098e-15
test,syn_n100_k30_high_corr_heavy_tail_extreme_events_r01_s20260722,30,HandCrafted_ECMADE_MOO,30,,,,"rng(run,'mcg16807')",run index,0.15266253996717333,0.9678865197624383,0.07881024747207123,0.5277777777777779,0.914480947490181,3.5813033499999993,87.26666666666667,1.0,1.0,3.549102559498652e-16,1.1361282285330768e-15,3.53532018474804e-16,1.1694349192718315e-15
test,syn_n100_k30_low_corr_normal_low_vol_r01_s20260721,30,HandCrafted_ECMADE_MOO,30,,,,"rng(run,'mcg16807')",run index,0.053265868818414774,0.8384609850188632,0.08372242777020365,0.5847222222222223,0.5901444071052443,3.73865244,78.03333333333333,1.0,1.0,2.1468079536600138e-16,9.02981393361794e-16,2.1908401019269756e-16,9.399888275159659e-16
test,syn_n200_k05_cluster_corr_skewed_high_vol_r01_s20260734,10,HandCrafted_ECMADE_MOO,30,,,,"rng(run,'mcg16807')",run index,0.10467976624356826,1.0146222165844512,0.11844210993050797,0.3541666666666667,0.8708440495522716,1.8628016366666666,96.26666666666667,1.0,1.0,4.535600420179905e-16,1.4802973661668755e-15,4.530820163495264e-16,1.4876988529977098e-15
test,syn_n200_k05_pathological_cov_normal_extreme_events_r02_s20260733,10,HandCrafted_ECMADE_MOO,30,,,,"rng(run,'mcg16807')",run index,0.052970594906197384,1.184760186970623,0.018324279123592493,0.7852777777777777,0.09975656067661344,2.04854839,96.76666666666667,1.0,1.0,2.412884706852007e-16,7.290464528371861e-16,2.389199948993337e-16,7.327471962526033e-16
test,syn_n200_k10_high_corr_heavy_tail_extreme_events_r01_s20260746,20,HandCrafted_ECMADE_MOO,30,,,,"rng(run,'mcg16807')",run index,0.07334412126367441,1.0082997816955435,0.04168387712994823,0.45638888888888896,1.0223587235977885,2.49159688,89.26666666666667,1.0,1.0,3.615198626542612e-16,1.180537149518083e-15,3.6137759451548844e-16,1.2027416100105863e-15
test,syn_n200_k10_pathological_cov_skewed_high_vol_r03_s20260745,20,HandCrafted_ECMADE_MOO,30,,,,"rng(run,'mcg16807')",run index,0.058203613787256595,1.1855426773231614,0.03659309754909628,0.7366666666666666,0.41101131641038274,2.3491058499999995,44.7,1.0,1.0,3.843419181185534e-16,1.1546319456101628e-15,3.8276789145659985e-16,1.2656542480726785e-15
test,syn_n200_k20_high_corr_heavy_tail_extreme_events_r01_s20260758,40,HandCrafted_ECMADE_MOO,30,,,,"rng(run,'mcg16807')",run index,0.16675288566270782,0.98254396998009,0.11286350635253704,0.20916666666666664,0.8340961385467285,1.8660592433333332,44.166666666666664,1.0,1.0,3.365907865246691e-16,9.80697005085555e-16,3.4502030861934445e-16,1.1065222812097394e-15
test,syn_n200_k20_low_corr_normal_low_vol_r01_s20260757,40,HandCrafted_ECMADE_MOO,30,,,,"rng(run,'mcg16807')",run index,0.07032159717077567,0.8114556237113548,0.10535364921994302,0.48250000000000004,0.5272466288525879,2.1414590866666665,79.93333333333334,1.0,1.0,2.1772782527177662e-16,7.993605777301127e-16,2.1856590611453911e-16,8.400687552997018e-16
test,syn_n200_k30_high_corr_normal_low_vol_r03_s20260769,60,HandCrafted_ECMADE_MOO,30,,,,"rng(run,'mcg16807')",run index,0.12805742124939612,0.9471694335159877,0.1035661626562873,0.04388888888888889,0.8089064105755759,2.649644756666666,60.9,1.0,1.0,3.844667781632336e-16,1.3100631690576848e-15,3.804734305390411e-16,1.372975807119777e-15
test,syn_n200_k30_low_corr_skewed_extreme_events_r02_s20260770,60,HandCrafted_ECMADE_MOO,30,,,,"rng(run,'mcg16807')",run index,0.0872972877342943,0.9186535317158108,0.06086263091341686,0.4238888888888889,0.9023391003352182,2.3775106133333335,83.9,1.0,1.0,3.0688743915667156e-16,1.0769163338864018e-15,3.106774097242729e-16,1.1361282285330768e-15
test,syn_n500_k05_low_corr_normal_low_vol_r01_s20260782,25,HandCrafted_ECMADE_MOO,30,,,,"rng(run,'mcg16807')",run index,0.042450369054726655,0.9016651980742557,0.08199674749391819,0.4768768768768768,0.628093059623474,2.8338221800000007,69.43333333333334,1.0,1.0,2.177728131370005e-16,9.177843670234628e-16,2.275217051798487e-16,1.0140036958243096e-15
test,syn_n500_k05_pathological_cov_mixed_low_vol_r01_s20260781,25,HandCrafted_ECMADE_MOO,30,,,,"rng(run,'mcg16807')",run index,0.0928969601292085,1.071826550091912,0.09853023049330563,0.35861111111111116,0.45887946277573277,2.7091793566666666,71.53333333333333,1.0,1.0,3.5588355517925565e-16,1.0917193075480707e-15,3.5767685110007127e-16,1.1657341758564144e-15
test,syn_n500_k10_low_corr_heavy_tail_high_vol_r03_s20260793,50,HandCrafted_ECMADE_MOO,30,,,,"rng(run,'mcg16807')",run index,0.0482615775323386,0.6488810144658291,0.1413317407704276,0.42277777777777775,0.42113774169292095,3.2383489233333336,68.93333333333334,1.0,1.0,2.217121670648199e-16,7.993605777301127e-16,2.2900200254601565e-16,8.770761894538737e-16
test,syn_n500_k10_pathological_cov_mixed_low_vol_r01_s20260794,50,HandCrafted_ECMADE_MOO,30,,,,"rng(run,'mcg16807')",run index,0.11694302473231162,0.9066376100226524,0.12922459839898595,0.049999999999999996,0.7847421542074665,3.142945983333333,61.03333333333333,1.0,1.0,3.5287902159851185e-16,1.1139237680405737e-15,3.5541939761666673e-16,1.1768364061026659e-15
test,syn_n500_k20_cluster_corr_skewed_high_vol_r01_s20260805,100,HandCrafted_ECMADE_MOO,30,,,,"rng(run,'mcg16807')",run index,0.05498797660093906,0.8245521589071728,0.08869683389055633,0.4336569579288026,0.6014070357896547,3.3877593933333334,73.96666666666667,1.0,1.0,2.7549649772540155e-16,1.0103029524088924e-15,2.759644364876597e-16,1.0325074129013957e-15
test,syn_n500_k20_pathological_cov_mixed_low_vol_r01_s20260806,100,HandCrafted_ECMADE_MOO,30,,,,"rng(run,'mcg16807')",run index,0.12527240107777707,0.9605459522248909,0.2077648616606455,0.03518518518518519,0.19885131370331782,3.2008086000000002,17.533333333333335,1.0,1.0,3.8477586846035573e-16,8.622732157922049e-16,3.5538239018251267e-16,1.239749044164758e-15
test,syn_n500_k30_cluster_corr_skewed_high_vol_r01_s20260817,150,HandCrafted_ECMADE_MOO,30,,,,"rng(run,'mcg16807')",run index,0.05825262485108143,0.7788063171900456,0.10841682333299554,0.3991111111111111,0.5234930467804795,3.0413053166666666,63.9,1.0,1.0,2.87191155433838e-16,9.954999787472237e-16,2.9017529120286174e-16,1.0695148470555674e-15
test,syn_n500_k30_pathological_cov_normal_extreme_events_r02_s20260818,150,HandCrafted_ECMADE_MOO,30,,,,"rng(run,'mcg16807')",run index,0.14257602248742748,0.8123064673750153,0.2581574483201263,0.025641025641025644,0.261718972864697,2.932667776666667,16.166666666666668,1.0,1.0,4.1302893555659114e-16,9.62193288008469e-16,3.9705276104011015e-16,1.3692750637043598e-15
test,syn_n50_k05_high_corr_mixed_high_vol_r02_s20260637,3,HandCrafted_ECMADE_MOO,30,,,,"rng(run,'mcg16807')",run index,0.024293249547545415,0.9918446531282151,0.006724079566136461,0.9722222222222222,1.2937164330979896,6.480319233333333,100.0,1.0,1.0,2.3092638912203257e-16,1.1065222812097392e-15,2.3092638912203257e-16,1.1065222812097392e-15
test,syn_n50_k05_pathological_cov_mixed_low_vol_r01_s20260638,3,HandCrafted_ECMADE_MOO,30,,,,"rng(run,'mcg16807')",run index,0.035249721827598994,1.1082296064197819,0.011179186465000188,0.9216666666666666,1.254945123624922,6.386427153333333,100.0,1.0,1.0,1.7974510768681282e-16,1.0362081563168128e-15,1.7974510768681282e-16,1.0362081563168128e-15
test,syn_n50_k10_cluster_corr_skewed_high_vol_r01_s20260649,5,HandCrafted_ECMADE_MOO,30,,,,"rng(run,'mcg16807')",run index,0.02400305004852454,1.1187187928708595,0.005047381265830702,0.9802777777777779,1.0338571261778982,3.534234983333334,100.0,1.0,1.0,3.4069043882330627e-16,1.2915594519805987e-15,3.4069043882330627e-16,1.2915594519805987e-15
test,syn_n50_k10_low_corr_skewed_extreme_events_r02_s20260650,5,HandCrafted_ECMADE_MOO,30,,,,"rng(run,'mcg16807')",run index,0.02923497475724622,1.1757134024888225,0.00781251293617944,0.9422222222222222,0.891206182618178,3.3781892700000005,100.0,1.0,1.0,3.5745480649514626e-16,1.3285668861347707e-15,3.5745480649514626e-16,1.3285668861347707e-15
test,syn_n50_k20_cluster_corr_skewed_high_vol_r01_s20260662,10,HandCrafted_ECMADE_MOO,30,,,,"rng(run,'mcg16807')",run index,0.11249678675538606,1.0435594671414272,0.032367096059397055,0.7324999999999999,1.2128036491404584,1.9595862666666666,99.83333333333333,1.0,1.0,4.149292994962675e-16,1.5987211554602255e-15,4.1518640377565435e-16,1.6135241291218942e-15
test,syn_n50_k20_pathological_cov_normal_extreme_events_r02_s20260661,10,HandCrafted_ECMADE_MOO,30,,,,"rng(run,'mcg16807')",run index,0.02980546550607598,0.8726239862479784,0.0076556079588085075,0.9838888888888888,1.380744039474051,2.369386923333333,100.0,1.0,1.0,3.204473723409744e-16,9.547918011776346e-16,3.204473723409744e-16,9.547918011776346e-16
test,syn_n50_k30_cluster_corr_heavy_tail_low_vol_r02_s20260673,15,HandCrafted_ECMADE_MOO,30,,,,"rng(run,'mcg16807')",run index,0.06669839597840442,0.9831709859588017,0.03309958247554916,0.6311111111111111,1.1249332053889305,2.185538643333333,99.56666666666666,1.0,1.0,4.1849127978936185e-16,1.4691951359206237e-15,4.1844305798122156e-16,1.4691951359206237e-15
test,syn_n50_k30_low_corr_heavy_tail_high_vol_r03_s20260674,15,HandCrafted_ECMADE_MOO,30,,,,"rng(run,'mcg16807')",run index,0.04180650000602922,1.000787151573112,0.030104080863429312,0.8152777777777778,0.8049146084570451,2.2702110199999996,99.2,1.0,1.0,4.0506118253214244e-16,1.2878587085651815e-15,4.0508337425156536e-16,1.2878587085651815e-15
test,syn_n100_k05_cluster_corr_skewed_high_vol_r01_s20260685,5,RandomConfig_ECMADE_MOO,30,theta_07,100.0,10000.0,"rng(run,'mcg16807')",run index,0.0265630216784586,1.0402244482532257,0.01746664898303708,0.8308333333333334,1.1940602270952867,6.919925763333334,100.0,1.0,1.0,1.9428902930940238e-17,2.2204460492503104e-16,1.9428902930940238e-17,2.2204460492503104e-16
test,syn_n100_k05_low_corr_skewed_extreme_events_r02_s20260686,5,RandomConfig_ECMADE_MOO,30,theta_21,100.0,10000.0,"rng(run,'mcg16807')",run index,0.038662310280482996,0.9806893717768941,0.035599995873327954,0.7236111111111111,1.2989096823313775,7.744574086666668,100.0,1.0,1.0,1.713444201338158e-17,2.1464311809419669e-16,1.713444201338158e-17,2.1464311809419669e-16
test,syn_n100_k10_cluster_corr_skewed_high_vol_r01_s20260697,10,RandomConfig_ECMADE_MOO,30,theta_23,100.0,10000.0,"rng(run,'mcg16807')",run index,0.04820558869020318,1.0902302645321507,0.020748836861744637,0.8374999999999999,0.9179849133955529,5.044003103333333,100.0,1.0,1.0,5.6621374255883e-17,3.293661639721298e-16,5.6621374255883e-17,3.293661639721298e-16
test,syn_n100_k10_high_corr_normal_low_vol_r03_s20260698,10,RandomConfig_ECMADE_MOO,30,theta_10,100.0,10000.0,"rng(run,'mcg16807')",run index,0.036104147279074676,0.9820024127439935,0.01926099871270358,0.7624999999999998,1.07191320905201,5.256971263333333,100.0,1.0,1.0,6.294964549624638e-17,3.441691376337986e-16,6.294964549624638e-17,3.441691376337986e-16
test,syn_n100_k20_high_corr_heavy_tail_extreme_events_r01_s20260710,20,RandomConfig_ECMADE_MOO,30,theta_05,100.0,10000.0,"rng(run,'mcg16807')",run index,0.038097462712986606,1.0587175595743339,0.019622541212519738,0.9241666666666668,0.9693099568820787,4.926442280000001,100.0,1.0,1.0,8.093525849517395e-17,4.0338103228047364e-16,8.093525849517395e-17,4.0338103228047364e-16
test,syn_n100_k20_pathological_cov_skewed_high_vol_r03_s20260709,20,RandomConfig_ECMADE_MOO,30,theta_06,100.0,10000.0,"rng(run,'mcg16807')",run index,0.039159580156397214,1.1826997333331042,0.019080698288059698,0.9208333333333333,0.5442418885945682,4.05252204,87.13333333333334,1.0,1.0,1.0800942953277711e-16,4.847973874196518e-16,1.0761761852033181e-16,5.033011044967377e-16
test,syn_n100_k30_high_corr_heavy_tail_extreme_events_r01_s20260722,30,RandomConfig_ECMADE_MOO,30,theta_20,100.0,10000.0,"rng(run,'mcg16807')",run index,0.15191603460850045,0.9739876747162645,0.07134515720644546,0.5075000000000001,0.9932146113738001,3.7138911833333332,90.7,1.0,1.0,1.1730879292110894e-16,5.625129991434127e-16,1.1642538784902472e-16,5.662137425588299e-16
test,syn_n100_k30_low_corr_normal_low_vol_r01_s20260721,30,RandomConfig_ECMADE_MOO,30,theta_10,100.0,10000.0,"rng(run,'mcg16807')",run index,0.0716135807816955,0.9561036516747489,0.04355292781680079,0.7208333333333332,0.8076280208527529,4.15562498,71.26666666666667,1.0,1.0,9.252648069126098e-17,4.440892098500628e-16,9.13343474924962e-17,4.588921835117316e-16
test,syn_n200_k05_cluster_corr_skewed_high_vol_r01_s20260734,10,RandomConfig_ECMADE_MOO,30,theta_16,100.0,10000.0,"rng(run,'mcg16807')",run index,0.10467976624356826,1.0146222165844512,0.11844210993050797,0.3541666666666667,0.8708440495522716,4.3002303133333335,96.26666666666667,1.0,1.0,4.4818088389262714e-17,2.4054832200211704e-16,4.4667973024085445e-17,2.442490654175342e-16
test,syn_n200_k05_pathological_cov_normal_extreme_events_r02_s20260733,10,RandomConfig_ECMADE_MOO,30,theta_14,100.0,10000.0,"rng(run,'mcg16807')",run index,0.052970594906197384,1.184760186970623,0.018324279123592493,0.7852777777777777,0.09975656067661344,4.383136713333334,96.76666666666667,1.0,1.0,3.5070711766770216e-17,2.1094237467877966e-16,3.4231876592608995e-17,2.18343861509614e-16
test,syn_n200_k10_high_corr_heavy_tail_extreme_events_r01_s20260746,20,RandomConfig_ECMADE_MOO,30,theta_02,100.0,10000.0,"rng(run,'mcg16807')",run index,0.055070437788824006,1.029018567210457,0.022576206075618655,0.6563888888888889,1.0211013809716571,4.231949036666666,98.5,1.0,1.0,1.229763276760868e-16,5.07001847912155e-16,1.2304971856262145e-16,5.07001847912155e-16
test,syn_n200_k10_pathological_cov_skewed_high_vol_r03_s20260745,20,RandomConfig_ECMADE_MOO,30,theta_21,100.0,10000.0,"rng(run,'mcg16807')",run index,0.07925628805448462,1.182215163216989,0.04291579033764124,0.6549999999999999,0.44252656004930657,3.4173726700000002,48.63333333333333,1.0,1.0,9.992329783974304e-17,4.1818400594214244e-16,9.788466333778459e-17,4.699944137579831e-16
test,syn_n200_k20_high_corr_heavy_tail_extreme_events_r01_s20260758,40,RandomConfig_ECMADE_MOO,30,theta_16,100.0,10000.0,"rng(run,'mcg16807')",run index,0.16675288566270782,0.98254396998009,0.11286350635253704,0.20916666666666664,0.8340961385467285,3.8436037499999998,44.166666666666664,1.0,1.0,9.850361913943368e-17,3.885780586188049e-16,9.929094583564316e-17,4.551914400963144e-16
test,syn_n200_k20_low_corr_normal_low_vol_r01_s20260757,40,RandomConfig_ECMADE_MOO,30,theta_15,100.0,10000.0,"rng(run,'mcg16807')",run index,0.07032159717077567,0.8114556237113548,0.10535364921994302,0.48250000000000004,0.5272466288525879,4.141815056666667,79.93333333333334,1.0,1.0,1.05545554117356e-16,4.699944137579831e-16,1.033247561584479e-16,4.847973874196519e-16
test,syn_n200_k30_high_corr_normal_low_vol_r03_s20260769,60,RandomConfig_ECMADE_MOO,30,theta_04,100.0,10000.0,"rng(run,'mcg16807')",run index,0.12954442560621737,0.9568131504074764,0.10759572007617985,0.05694444444444444,0.9113228315278002,3.7317262366666673,60.266666666666666,1.0,1.0,2.1799632922861622e-16,8.215650382226161e-16,2.1319982816218412e-16,8.696747026230397e-16
test,syn_n200_k30_low_corr_skewed_extreme_events_r02_s20260770,60,RandomConfig_ECMADE_MOO,30,theta_03,100.0,10000.0,"rng(run,'mcg16807')",run index,0.08129272879848236,0.8945218398472911,0.07212387176792476,0.30138888888888893,0.8806063381744077,3.9020685033333344,70.13333333333334,1.0,1.0,1.627852851940319e-16,6.9203901868301425e-16,1.5935401146786416e-16,7.142434791755174e-16
test,syn_n500_k05_low_corr_normal_low_vol_r01_s20260782,25,RandomConfig_ECMADE_MOO,30,theta_01,100.0,10000.0,"rng(run,'mcg16807')",run index,0.06935636797429137,0.946695312930164,0.06836270291859824,0.5333333333333333,0.6868013997638177,5.33086135,62.9,1.0,1.0,9.185920619593283e-17,3.848773152033877e-16,9.296267459527982e-17,4.403884664346456e-16
test,syn_n500_k05_pathological_cov_mixed_low_vol_r01_s20260781,25,RandomConfig_ECMADE_MOO,30,theta_14,100.0,10000.0,"rng(run,'mcg16807')",run index,0.0928969601292085,1.071826550091912,0.09853023049330563,0.35861111111111116,0.45887946277573277,5.184391136666665,71.53333333333333,1.0,1.0,1.1621811253545633e-16,5.255055649892409e-16,1.1561122429763298e-16,5.440092820663268e-16
test,syn_n500_k10_low_corr_heavy_tail_high_vol_r03_s20260793,50,RandomConfig_ECMADE_MOO,30,theta_08,100.0,10000.0,"rng(run,'mcg16807')",run index,0.10138518976328241,0.6990656801669448,0.12534259721487123,0.3727777777777777,0.6002982911012549,4.361239216666666,55.46666666666667,1.0,1.0,1.3275327797564274e-16,5.255055649892409e-16,1.2993310131529748e-16,5.699144859742472e-16
test,syn_n500_k10_pathological_cov_mixed_low_vol_r01_s20260794,50,RandomConfig_ECMADE_MOO,30,theta_19,100.0,10000.0,"rng(run,'mcg16807')",run index,0.09669703526515822,0.9618047575391063,0.0900208362163395,0.13805555555555554,0.796001068241194,4.193602739999999,68.83333333333333,1.0,1.0,1.3083458359617783e-16,6.06921920128419e-16,1.3489209749195648e-16,6.513308411134254e-16
test,syn_n500_k20_cluster_corr_skewed_high_vol_r01_s20260805,100,RandomConfig_ECMADE_MOO,30,theta_22,100.0,10000.0,"rng(run,'mcg16807')",run index,0.07941724214828247,0.8748007008964007,0.07977367323995914,0.26957928802589,0.7756366393065207,3.8538112633333332,72.53333333333333,1.0,1.0,2.0815413259851254e-16,8.54871728961371e-16,2.0690856435597483e-16,9.177843670234638e-16
test,syn_n500_k20_pathological_cov_mixed_low_vol_r01_s20260806,100,RandomConfig_ECMADE_MOO,30,theta_12,100.0,10000.0,"rng(run,'mcg16807')",run index,0.14978355477865082,0.982281320781364,0.19111368413600952,0.05308641975308643,0.26206606403654203,3.2126542666666666,21.4,1.0,1.0,2.0112053336992717e-16,5.44009282066327e-16,1.9880393627621136e-16,8.733754460384573e-16
test,syn_n500_k30_cluster_corr_skewed_high_vol_r01_s20260817,150,RandomConfig_ECMADE_MOO,30,theta_05,100.0,10000.0,"rng(run,'mcg16807')",run index,0.06546926022544186,0.7852323532479579,0.10940777162032254,0.2448888888888889,0.6725920948943378,3.4518940733333334,53.4,1.0,1.0,2.5863417604065585e-16,1.043609643147648e-15,2.5320486448284415e-16,1.1472304587793297e-15
test,syn_n500_k30_pathological_cov_normal_extreme_events_r02_s20260818,150,RandomConfig_ECMADE_MOO,30,theta_04,100.0,10000.0,"rng(run,'mcg16807')",run index,0.12508503993605735,0.9214999220881886,0.17798576179333905,0.05897435897435897,0.33167810491062877,3.22168597,14.7,1.0,1.0,2.603079877569135e-16,7.327471962526037e-16,2.654173177537207e-16,1.1509312021947465e-15
test,syn_n50_k05_high_corr_mixed_high_vol_r02_s20260637,3,RandomConfig_ECMADE_MOO,30,theta_16,100.0,10000.0,"rng(run,'mcg16807')",run index,0.024293249547545415,0.9918446531282151,0.006724079566136461,0.9722222222222222,1.2937164330979896,9.7360579,100.0,1.0,1.0,1.70974345792274e-17,2.2204460492503104e-16,1.70974345792274e-17,2.2204460492503104e-16
test,syn_n50_k05_pathological_cov_mixed_low_vol_r01_s20260638,3,RandomConfig_ECMADE_MOO,30,theta_17,100.0,10000.0,"rng(run,'mcg16807')",run index,0.046668789355916666,1.1074504787256159,0.014668881521896032,0.9238888888888891,1.2313128592440277,11.578524246666666,100.0,1.0,1.0,1.495100339828544e-17,1.9243865760169368e-16,1.495100339828544e-17,1.9243865760169368e-16
test,syn_n50_k10_cluster_corr_skewed_high_vol_r01_s20260649,5,RandomConfig_ECMADE_MOO,30,theta_03,100.0,10000.0,"rng(run,'mcg16807')",run index,0.02636800562435987,1.1107262131070579,0.011774963428924038,0.9308333333333335,1.0209901032798565,7.097062550000001,100.0,1.0,1.0,2.124226720449467e-17,2.1834386150961389e-16,2.124226720449467e-17,2.1834386150961389e-16
test,syn_n50_k10_low_corr_skewed_extreme_events_r02_s20260650,5,RandomConfig_ECMADE_MOO,30,theta_14,100.0,10000.0,"rng(run,'mcg16807')",run index,0.02923497475724622,1.1757134024888225,0.00781251293617944,0.9422222222222222,0.891206182618178,7.164501143333334,100.0,1.0,1.0,2.0169051614023675e-17,2.1834386150961389e-16,2.0169051614023675e-17,2.1834386150961389e-16
test,syn_n50_k20_cluster_corr_skewed_high_vol_r01_s20260662,10,RandomConfig_ECMADE_MOO,30,theta_14,100.0,10000.0,"rng(run,'mcg16807')",run index,0.11249678675538606,1.0435594671414272,0.032367096059397055,0.7324999999999999,1.2128036491404584,4.89932799,99.83333333333333,1.0,1.0,5.1142326241373224e-17,2.7015426932545464e-16,5.110726656691138e-17,2.7015426932545464e-16
test,syn_n50_k20_pathological_cov_normal_extreme_events_r02_s20260661,10,RandomConfig_ECMADE_MOO,30,theta_18,100.0,10000.0,"rng(run,'mcg16807')",run index,0.06327752148284463,0.8656401415897961,0.01749747466490949,0.9297222222222223,1.283059486736224,6.245172583333332,100.0,1.0,1.0,4.04121180963557e-17,2.59052039079203e-16,4.04121180963557e-17,2.59052039079203e-16
test,syn_n50_k30_cluster_corr_heavy_tail_low_vol_r02_s20260673,15,RandomConfig_ECMADE_MOO,30,theta_11,100.0,10000.0,"rng(run,'mcg16807')",run index,0.07669547034869768,1.0146035493670196,0.021147913409610905,0.885,1.1662891085450218,4.652956826666667,99.93333333333334,1.0,1.0,7.726245946881189e-17,3.7747582837255336e-16,7.723451507975671e-17,3.7747582837255336e-16
test,syn_n50_k30_low_corr_heavy_tail_high_vol_r03_s20260674,15,RandomConfig_ECMADE_MOO,30,theta_24,100.0,10000.0,"rng(run,'mcg16807')",run index,0.05456143846284078,1.0118924144403656,0.029563717566727075,0.7719444444444445,0.8703890793297119,4.526169716666667,97.26666666666667,1.0,1.0,5.527387307783954e-17,2.8865798640254066e-16,5.495603971894525e-17,2.8865798640254066e-16
test,syn_n100_k05_cluster_corr_skewed_high_vol_r01_s20260685,5,BayesianConfig_ECMADE_MOO,30,theta_02,100.0,10000.0,"rng(run,'mcg16807')",run index,0.02537714730068415,1.0400102451768398,0.01748406335739537,0.8286111111111111,1.1720511303839798,2.11752787,100.0,1.0,1.0,2.1649348980190544e-17,2.2204460492503104e-16,2.1649348980190544e-17,2.2204460492503104e-16
test,syn_n100_k05_low_corr_skewed_extreme_events_r02_s20260686,5,BayesianConfig_ECMADE_MOO,30,theta_02,100.0,10000.0,"rng(run,'mcg16807')",run index,0.03719788212105131,0.9918026647275868,0.025919376360548137,0.805277777777778,1.298575839159067,2.1547978,100.0,1.0,1.0,2.1575334111882196e-17,2.2204460492503104e-16,2.1575334111882196e-17,2.2204460492503104e-16
test,syn_n100_k10_cluster_corr_skewed_high_vol_r01_s20260697,10,BayesianConfig_ECMADE_MOO,30,theta_02,100.0,10000.0,"rng(run,'mcg16807')",run index,0.024540884325348605,1.1063498042942173,0.011626602818708538,0.9230555555555556,0.8999890746561945,1.6362753166666664,100.0,1.0,1.0,6.191343733992957e-17,3.1826393372587826e-16,6.191343733992957e-17,3.1826393372587826e-16
test,syn_n100_k10_high_corr_normal_low_vol_r03_s20260698,10,BayesianConfig_ECMADE_MOO,30,theta_02,100.0,10000.0,"rng(run,'mcg16807')",run index,0.03948520883221183,0.9734402475324381,0.023858406626212723,0.7100000000000001,1.0414175408256723,1.5942718066666663,100.0,1.0,1.0,5.965598385652508e-17,3.1086244689504376e-16,5.965598385652508e-17,3.1086244689504376e-16
test,syn_n100_k20_high_corr_heavy_tail_extreme_events_r01_s20260710,20,BayesianConfig_ECMADE_MOO,30,theta_02,100.0,10000.0,"rng(run,'mcg16807')",run index,0.022646800190044426,1.0648078173364959,0.011446171821782813,0.9480555555555555,0.917666453052213,1.5691005199999999,100.0,1.0,1.0,8.452497960812857e-17,4.181840059421425e-16,8.452497960812857e-17,4.181840059421425e-16
test,syn_n100_k20_pathological_cov_skewed_high_vol_r03_s20260709,20,BayesianConfig_ECMADE_MOO,30,theta_02,100.0,10000.0,"rng(run,'mcg16807')",run index,0.014738046894630395,1.1765479071913547,0.02536812071436392,0.8583333333333332,0.3601528793639702,1.35384796,92.7,1.0,1.0,1.1038030678914086e-16,5.070018479121549e-16,1.0935696792557794e-16,5.107025913275721e-16
test,syn_n100_k30_high_corr_heavy_tail_extreme_events_r01_s20260722,30,BayesianConfig_ECMADE_MOO,30,theta_02,100.0,10000.0,"rng(run,'mcg16807')",run index,0.09646273420907915,0.9899311682766825,0.05053916759376718,0.6794444444444444,0.9606024607756282,1.3953869933333332,90.26666666666667,1.0,1.0,1.2604216280150237e-16,5.88418203051333e-16,1.2641739507065114e-16,6.106226635438362e-16
test,syn_n100_k30_low_corr_normal_low_vol_r01_s20260721,30,BayesianConfig_ECMADE_MOO,30,theta_02,100.0,10000.0,"rng(run,'mcg16807')",run index,0.057216666474611697,0.9470551445964488,0.046350580060252645,0.6850000000000002,0.7767578209995438,1.37652686,68.33333333333333,1.0,1.0,9.221564200960477e-17,4.218847493575597e-16,9.422092735652166e-17,4.588921835117316e-16
test,syn_n200_k05_cluster_corr_skewed_high_vol_r01_s20260734,10,BayesianConfig_ECMADE_MOO,30,theta_02,100.0,10000.0,"rng(run,'mcg16807')",run index,0.08290604289582484,1.0448658566820097,0.07832414424829802,0.4908333333333334,0.8916342496627861,1.7364092533333335,99.9,1.0,1.0,4.0804702114341714e-17,2.5535129566378584e-16,4.074518500374325e-17,2.5535129566378584e-16
test,syn_n200_k05_pathological_cov_normal_extreme_events_r02_s20260733,10,BayesianConfig_ECMADE_MOO,30,theta_02,100.0,10000.0,"rng(run,'mcg16807')",run index,0.06358548012246151,1.1605320115820814,0.03607118850593776,0.6849999999999999,0.08441417007890005,1.4360697166666665,43.733333333333334,1.0,1.0,4.5786802946887426e-17,1.8133642735544223e-16,5.584421813864537e-17,3.071617034796266e-16
test,syn_n200_k10_high_corr_heavy_tail_extreme_events_r01_s20260746,20,BayesianConfig_ECMADE_MOO,30,theta_02,100.0,10000.0,"rng(run,'mcg16807')",run index,0.055070437788824006,1.029018567210457,0.022576206075618655,0.6563888888888889,1.0211013809716571,1.6363727566666666,98.5,1.0,1.0,1.229763276760868e-16,5.07001847912155e-16,1.2304971856262145e-16,5.07001847912155e-16
test,syn_n200_k10_pathological_cov_skewed_high_vol_r03_s20260745,20,BayesianConfig_ECMADE_MOO,30,theta_02,100.0,10000.0,"rng(run,'mcg16807')",run index,0.06948987020945861,1.164997305777759,0.05395791715742335,0.4994444444444444,0.3944754940079871,1.4158616833333335,24.166666666666668,1.0,1.0,1.0936835829152232e-16,3.7377508495713614e-16,1.0795068542771932e-16,4.625929269271488e-16
test,syn_n200_k20_high_corr_heavy_tail_extreme_events_r01_s20260758,40,BayesianConfig_ECMADE_MOO,30,theta_02,100.0,10000.0,"rng(run,'mcg16807')",run index,0.1521334886185931,0.9146783508425399,0.1925537212857036,0.09472222222222221,0.5560063147895574,1.4735556633333333,30.3,1.0,1.0,9.160833040569179e-17,3.3306690738754696e-16,9.30366894635881e-17,4.588921835117315e-16
test,syn_n200_k20_low_corr_normal_low_vol_r01_s20260757,40,BayesianConfig_ECMADE_MOO,30,theta_02,100.0,10000.0,"rng(run,'mcg16807')",run index,0.06783924798624673,0.919564498261225,0.0631213362227207,0.6602777777777777,0.7056548515831698,1.5759386833333335,71.33333333333333,1.0,1.0,1.1731701143711773e-16,4.699944137579831e-16,1.1757261830780415e-16,4.773959005888175e-16
test,syn_n200_k30_high_corr_normal_low_vol_r03_s20260769,60,BayesianConfig_ECMADE_MOO,30,theta_02,100.0,10000.0,"rng(run,'mcg16807')",run index,0.09632596514898337,0.9854948856396406,0.07821031445928207,0.2772222222222222,0.65625768331896,1.537622,54.46666666666667,1.0,1.0,2.0904292796902608e-16,7.845576040684439e-16,2.1442107348927188e-16,8.918791631155426e-16
test,syn_n200_k30_low_corr_skewed_extreme_events_r02_s20260770,60,BayesianConfig_ECMADE_MOO,30,theta_02,100.0,10000.0,"rng(run,'mcg16807')",run index,0.04723622595750662,0.8871169382820809,0.06545301870729328,0.5866666666666666,0.687030503031986,1.5658721333333334,54.3,1.0,1.0,1.6046918810355575e-16,6.698345581905112e-16,1.6046423449248922e-16,7.364479396680206e-16
test,syn_n500_k05_low_corr_normal_low_vol_r01_s20260782,25,BayesianConfig_ECMADE_MOO,30,theta_02,100.0,10000.0,"rng(run,'mcg16807')",run index,0.06935636797429137,0.946695312930164,0.06836270291859824,0.5333333333333333,0.6868013997638177,2.1793824666666666,62.9,1.0,1.0,9.185920619593283e-17,3.848773152033877e-16,9.296267459527982e-17,4.403884664346456e-16
test,syn_n500_k05_pathological_cov_mixed_low_vol_r01_s20260781,25,BayesianConfig_ECMADE_MOO,30,theta_02,100.0,10000.0,"rng(run,'mcg16807')",run index,0.0440079368050099,1.0748502093638221,0.10474397516257568,0.4741666666666667,0.31065756146144874,2.12842853,68.73333333333333,1.0,1.0,1.216973379266892e-16,5.181040781584067e-16,1.1945999744966683e-16,5.736152293896644e-16
test,syn_n500_k10_low_corr_heavy_tail_high_vol_r03_s20260793,50,BayesianConfig_ECMADE_MOO,30,theta_02,100.0,10000.0,"rng(run,'mcg16807')",run index,0.0774282270916137,0.8641611320811723,0.05830938290256937,0.5797222222222221,0.8361098772368051,2.2610899033333336,79.9,1.0,1.0,1.2361139767175782e-16,5.25505564989241e-16,1.2356782264077997e-16,5.662137425588301e-16
test,syn_n500_k10_pathological_cov_mixed_low_vol_r01_s20260794,50,BayesianConfig_ECMADE_MOO,30,theta_02,100.0,10000.0,"rng(run,'mcg16807')",run index,0.08391739416157044,0.9365024280946219,0.12624947422387703,0.1227777777777778,0.5905439998013672,2.1984357666666665,64.0,1.0,1.0,1.3766044916021728e-16,5.588122557279955e-16,1.3922196728799466e-16,6.143234069592533e-16
test,syn_n500_k20_cluster_corr_skewed_high_vol_r01_s20260805,100,BayesianConfig_ECMADE_MOO,30,theta_02,100.0,10000.0,"rng(run,'mcg16807')",run index,0.040637574299223884,0.8245842915955883,0.08756777237766485,0.5566343042071197,0.5237878075832822,2.257276806666667,45.5,1.0,1.0,2.1727280342933245e-16,8.326672684688676e-16,2.1523523704066362e-16,9.362880841005495e-16
test,syn_n500_k20_pathological_cov_mixed_low_vol_r01_s20260806,100,BayesianConfig_ECMADE_MOO,30,theta_02,100.0,10000.0,"rng(run,'mcg16807')",run index,0.09003944046140738,0.827536333237983,0.256771269085611,0.0,0.1382933740559943,2.267663953333333,7.5,1.0,1.0,1.8313686839802212e-16,4.551914400963142e-16,2.067235271852041e-16,8.918791631155432e-16
test,syn_n500_k30_cluster_corr_skewed_high_vol_r01_s20260817,150,BayesianConfig_ECMADE_MOO,30,theta_02,100.0,10000.0,"rng(run,'mcg16807')",run index,0.040638804141208004,0.7635838502004497,0.11582625066445873,0.4497777777777778,0.40754621819313674,2.2961265666666666,30.633333333333333,1.0,1.0,2.387195813925515e-16,8.881784197001258e-16,2.5094741099943957e-16,1.1250259982868264e-15
test,syn_n500_k30_pathological_cov_normal_extreme_events_r02_s20260818,150,BayesianConfig_ECMADE_MOO,30,theta_02,100.0,10000.0,"rng(run,'mcg16807')",run index,0.07719835810505236,0.7275956271529207,0.286454619227919,0.0,0.11477309097253977,2.3022673066666663,5.6,1.0,1.0,2.309187947726162e-16,5.440092820663269e-16,2.6230869328477037e-16,1.1139237680405743e-15
test,syn_n50_k05_high_corr_mixed_high_vol_r02_s20260637,3,BayesianConfig_ECMADE_MOO,30,theta_02,100.0,10000.0,"rng(run,'mcg16807')",run index,0.0260919744185587,0.9909385271857347,0.0076572251246597315,0.9641666666666667,1.2762000814230992,3.05211782,100.0,1.0,1.0,1.7763568394002505e-17,2.1464311809419669e-16,1.7763568394002505e-17,2.1464311809419669e-16
test,syn_n50_k05_pathological_cov_mixed_low_vol_r01_s20260638,3,BayesianConfig_ECMADE_MOO,30,theta_02,100.0,10000.0,"rng(run,'mcg16807')",run index,0.035457625041929036,1.1094287066966935,0.009963117170949666,0.9441666666666667,1.2616494744185724,3.0462557700000006,100.0,1.0,1.0,1.731947918415244e-17,2.146431180941967e-16,1.731947918415244e-17,2.146431180941967e-16
test,syn_n50_k10_cluster_corr_skewed_high_vol_r01_s20260649,5,BayesianConfig_ECMADE_MOO,30,theta_02,100.0,10000.0,"rng(run,'mcg16807')",run index,0.017125544625091634,1.1197888210354834,0.005693447338803839,0.9808333333333334,0.9662531135407126,1.9639956800000002,100.0,1.0,1.0,2.316665378051159e-17,2.2204460492503104e-16,2.316665378051159e-17,2.2204460492503104e-16
test,syn_n50_k10_low_corr_skewed_extreme_events_r02_s20260650,5,BayesianConfig_ECMADE_MOO,30,theta_02,100.0,10000.0,"rng(run,'mcg16807')",run index,0.02108208485687708,1.1753932923586163,0.007927262020542492,0.9477777777777778,0.8603051165342356,1.9769668433333334,100.0,1.0,1.0,2.4943010619911858e-17,2.2204460492503104e-16,2.4943010619911858e-17,2.2204460492503104e-16
test,syn_n50_k20_cluster_corr_skewed_high_vol_r01_s20260662,10,BayesianConfig_ECMADE_MOO,30,theta_02,100.0,10000.0,"rng(run,'mcg16807')",run index,0.06223742113271549,1.0601911638365484,0.013023524989476556,0.8574999999999998,1.2805800082635872,1.4996452533333333,100.0,1.0,1.0,5.97670061589876e-17,3.4046839421838136e-16,5.97670061589876e-17,3.4046839421838136e-16
test,syn_n50_k20_pathological_cov_normal_extreme_events_r02_s20260661,10,BayesianConfig_ECMADE_MOO,30,theta_02,100.0,10000.0,"rng(run,'mcg16807')",run index,0.03547922436290565,0.8592667243701366,0.025554072692965096,0.8894444444444446,1.1950094778891767,1.70084422,100.0,1.0,1.0,4.759156032226505e-17,2.7385501274087186e-16,4.759156032226505e-17,2.7385501274087186e-16
test,syn_n50_k30_cluster_corr_heavy_tail_low_vol_r02_s20260673,15,BayesianConfig_ECMADE_MOO,30,theta_02,100.0,10000.0,"rng(run,'mcg16807')",run index,0.029875114410457062,0.993878166293529,0.03293978081821123,0.7958333333333335,1.023817162966038,1.3642766933333335,99.93333333333334,1.0,1.0,7.566358726260005e-17,4.144832625267252e-16,7.560618797697318e-17,4.144832625267252e-16
test,syn_n50_k30_low_corr_heavy_tail_high_vol_r03_s20260674,15,BayesianConfig_ECMADE_MOO,30,theta_02,100.0,10000.0,"rng(run,'mcg16807')",run index,0.028754754462175135,1.0358458711639327,0.023841276066675403,0.8922222222222224,0.8606944751202251,1.3546292800000004,97.06666666666666,1.0,1.0,5.945749437313785e-17,2.997602166487923e-16,5.950795411990838e-17,2.997602166487923e-16
test,syn_n100_k05_cluster_corr_skewed_high_vol_r01_s20260685,5,MetaDesigned_ECMADE_MOO,30,theta_02,100.0,10000.0,"rng(run,'mcg16807')",run index,0.02537714730068415,1.0400102451768398,0.01748406335739537,0.8286111111111111,1.1720511303839798,3.3860383166666663,100.0,1.0,1.0,2.1649348980190544e-17,2.2204460492503104e-16,2.1649348980190544e-17,2.2204460492503104e-16
test,syn_n100_k05_low_corr_skewed_extreme_events_r02_s20260686,5,MetaDesigned_ECMADE_MOO,30,theta_09,100.0,10000.0,"rng(run,'mcg16807')",run index,0.024032938385524883,0.9991034261890447,0.01838723659954323,0.8102777777777777,1.3076494378408905,5.989785693333334,100.0,1.0,1.0,2.0724163126336247e-17,2.146431180941967e-16,2.0724163126336247e-17,2.146431180941967e-16
test,syn_n100_k10_cluster_corr_skewed_high_vol_r01_s20260697,10,MetaDesigned_ECMADE_MOO,30,theta_09,100.0,10000.0,"rng(run,'mcg16807')",run index,0.02229171367551791,1.114752578984638,0.008741076056747758,0.9572222222222224,0.8790653819954378,4.033929959999999,100.0,1.0,1.0,5.854576083189992e-17,3.293661639721298e-16,5.854576083189992e-17,3.293661639721298e-16
test,syn_n100_k10_high_corr_normal_low_vol_r03_s20260698,10,MetaDesigned_ECMADE_MOO,30,theta_09,100.0,10000.0,"rng(run,'mcg16807')",run index,0.036104147279074676,0.9820024127439935,0.01926099871270358,0.7624999999999998,1.07191320905201,4.0475237533333335,100.0,1.0,1.0,6.294964549624638e-17,3.441691376337986e-16,6.294964549624638e-17,3.441691376337986e-16
test,syn_n100_k20_high_corr_heavy_tail_extreme_events_r01_s20260710,20,MetaDesigned_ECMADE_MOO,30,theta_09,100.0,10000.0,"rng(run,'mcg16807')",run index,0.014218674444951495,1.079791126416663,0.0055094574763154824,0.9833333333333335,0.9175718481871588,3.7128345,100.0,1.0,1.0,8.07132138902489e-17,3.9968028886505646e-16,8.07132138902489e-17,3.9968028886505646e-16
test,syn_n100_k20_pathological_cov_skewed_high_vol_r03_s20260709,20,MetaDesigned_ECMADE_MOO,30,theta_16,100.0,10000.0,"rng(run,'mcg16807')",run index,0.019819251850777552,1.1842473594968645,0.01895209014840119,0.9344444444444445,0.46477484665405855,3.1888767933333333,89.23333333333333,1.0,1.0,1.057472593235299e-16,4.847973874196518e-16,1.051011129978482e-16,4.88498130835069e-16
test,syn_n100_k30_high_corr_heavy_tail_extreme_events_r01_s20260722,30,MetaDesigned_ECMADE_MOO,30,theta_09,100.0,10000.0,"rng(run,'mcg16807')",run index,0.1037993058189325,0.9913529077388145,0.04429360023170412,0.6894444444444444,1.000475978284572,3.0797865333333334,95.13333333333334,1.0,1.0,1.2365943118945816e-16,6.62433071359677e-16,1.231977482992382e-16,6.661338147750942e-16
test,syn_n100_k30_low_corr_normal_low_vol_r01_s20260721,30,MetaDesigned_ECMADE_MOO,30,theta_02,100.0,10000.0,"rng(run,'mcg16807')",run index,0.057216666474611697,0.9470551445964488,0.046350580060252645,0.6850000000000002,0.7767578209995438,3.0707646233333334,68.33333333333333,1.0,1.0,9.221564200960477e-17,4.218847493575597e-16,9.422092735652166e-17,4.588921835117316e-16
test,syn_n200_k05_cluster_corr_skewed_high_vol_r01_s20260734,10,MetaDesigned_ECMADE_MOO,30,theta_09,100.0,10000.0,"rng(run,'mcg16807')",run index,0.07578748037974961,1.049602728166628,0.06003716293893531,0.49083333333333334,0.9925141091028189,4.24360664,100.0,1.0,1.0,4.0227080925584833e-17,2.442490654175342e-16,4.0227080925584833e-17,2.442490654175342e-16
test,syn_n200_k05_pathological_cov_normal_extreme_events_r02_s20260733,10,MetaDesigned_ECMADE_MOO,30,theta_09,100.0,10000.0,"rng(run,'mcg16807')",run index,0.08181878640423171,1.1821499593125648,0.020242055339726076,0.69,0.10635205330827671,3.4147654200000006,60.8,1.0,1.0,3.4607217909798146e-17,1.702341971091906e-16,4.703644880995247e-17,2.8495724298712354e-16
test,syn_n200_k10_high_corr_heavy_tail_extreme_events_r01_s20260746,20,MetaDesigned_ECMADE_MOO,30,theta_09,100.0,10000.0,"rng(run,'mcg16807')",run index,0.02754456930132139,1.044172187991286,0.014951071363785517,0.801666666666667,1.0602573946740346,3.815546666666668,100.0,1.0,1.0,1.2071825021090863e-16,5.440092820663268e-16,1.2071825021090863e-16,5.440092820663268e-16
test,syn_n200_k10_pathological_cov_skewed_high_vol_r03_s20260745,20,MetaDesigned_ECMADE_MOO,30,theta_15,100.0,10000.0,"rng(run,'mcg16807')",run index,0.058203613787256595,1.1855426773231614,0.03659309754909628,0.7366666666666666,0.41101131641038274,3.17922149,44.7,1.0,1.0,1.123978566223996e-16,4.366877230192284e-16,1.1020813891112393e-16,4.958996176659034e-16
test,syn_n200_k20_high_corr_heavy_tail_extreme_events_r01_s20260758,40,MetaDesigned_ECMADE_MOO,30,theta_18,100.0,10000.0,"rng(run,'mcg16807')",run index,0.13027145948653812,0.985253220989453,0.0973767664179782,0.17805555555555552,0.8796409121025471,3.1850221566666663,44.53333333333333,1.0,1.0,9.682963070203538e-17,3.9227880203422206e-16,1.0040116886026838e-16,4.736951571734003e-16
test,syn_n200_k20_low_corr_normal_low_vol_r01_s20260757,40,MetaDesigned_ECMADE_MOO,30,theta_09,100.0,10000.0,"rng(run,'mcg16807')",run index,0.04873695070612811,0.9411467498200952,0.05359429990070507,0.6544444444444445,0.7402307453058922,3.4576610100000003,73.83333333333333,1.0,1.0,1.1163889115948497e-16,5.070018479121548e-16,1.126876369994534e-16,5.440092820663267e-16
test,syn_n200_k30_high_corr_normal_low_vol_r03_s20260769,60,MetaDesigned_ECMADE_MOO,30,theta_09,100.0,10000.0,"rng(run,'mcg16807')",run index,0.10468070880587396,0.9972077519274991,0.06844947086200041,0.3108333333333333,0.7484835162622212,3.243649476666666,57.266666666666666,1.0,1.0,2.1440946269901505e-16,8.511709855459534e-16,2.1745568308991406e-16,9.2148511043888e-16
test,syn_n200_k30_low_corr_skewed_extreme_events_r02_s20260770,60,MetaDesigned_ECMADE_MOO,30,theta_17,100.0,10000.0,"rng(run,'mcg16807')",run index,0.054543739140758205,0.9255612313138666,0.05481889600069743,0.6055555555555555,0.7771705243968718,3.3923307499999997,64.06666666666666,1.0,1.0,1.6798032012961762e-16,6.661338147750941e-16,1.6571929014238174e-16,6.957397620984316e-16
test,syn_n500_k05_low_corr_normal_low_vol_r01_s20260782,25,MetaDesigned_ECMADE_MOO,30,theta_10,100.0,10000.0,"rng(run,'mcg16807')",run index,0.06845717345271256,0.980233225222532,0.05863740002084627,0.5612612612612613,0.7564313097872423,4.617723403333333,67.33333333333333,1.0,1.0,8.757847762493058e-17,3.9968028886505646e-16,8.889185683832083e-17,4.29286236188394e-16
test,syn_n500_k05_pathological_cov_mixed_low_vol_r01_s20260781,25,MetaDesigned_ECMADE_MOO,30,theta_09,100.0,10000.0,"rng(run,'mcg16807')",run index,0.060074155780490815,1.0698919510402873,0.10822905128858676,0.46611111111111114,0.36549050125535776,4.599327099999999,72.06666666666666,1.0,1.0,1.2119997159980906e-16,5.995204332975848e-16,1.2190248810384212e-16,6.254256372055051e-16
test,syn_n500_k10_low_corr_heavy_tail_high_vol_r03_s20260793,50,MetaDesigned_ECMADE_MOO,30,theta_09,100.0,10000.0,"rng(run,'mcg16807')",run index,0.06833618898680395,0.8980132551174669,0.04473755642436117,0.6280555555555554,0.9198512587084201,4.859870423333333,79.7,1.0,1.0,1.3316254935743787e-16,5.995204332975847e-16,1.310063169057685e-16,6.106226635438361e-16
test,syn_n500_k10_pathological_cov_mixed_low_vol_r01_s20260794,50,MetaDesigned_ECMADE_MOO,30,theta_02,100.0,10000.0,"rng(run,'mcg16807')",run index,0.08391739416157044,0.9365024280946219,0.12624947422387703,0.1227777777777778,0.5905439998013672,4.660361,64.0,1.0,1.0,1.3766044916021728e-16,5.588122557279955e-16,1.3922196728799466e-16,6.143234069592533e-16
test,syn_n500_k20_cluster_corr_skewed_high_vol_r01_s20260805,100,MetaDesigned_ECMADE_MOO,30,theta_09,100.0,10000.0,"rng(run,'mcg16807')",run index,0.04039282888900583,0.8262531373486526,0.08452829777330552,0.5663430420711975,0.5453867480521271,4.615469876666667,46.733333333333334,1.0,1.0,1.9842412473776153e-16,8.622732157922054e-16,2.09054995536917e-16,9.28886597269715e-16
test,syn_n500_k20_pathological_cov_mixed_low_vol_r01_s20260806,100,MetaDesigned_ECMADE_MOO,30,theta_17,100.0,10000.0,"rng(run,'mcg16807')",run index,0.09314381277325874,0.8386026775275863,0.23976694968790144,0.0,0.19011832826429595,4.507128963333334,6.566666666666666,1.0,1.0,1.9867840922849423e-16,4.847973874196516e-16,2.072046238292084e-16,8.918791631155428e-16
test,syn_n500_k30_cluster_corr_skewed_high_vol_r01_s20260817,150,MetaDesigned_ECMADE_MOO,30,theta_09,100.0,10000.0,"rng(run,'mcg16807')",run index,0.04377007833193729,0.7917498089566419,0.10601740849422099,0.4586666666666667,0.45856866587880335,4.669136173333333,31.766666666666666,1.0,1.0,2.6363520836273226e-16,9.843977485009732e-16,2.5438910237577767e-16,1.1990408665951705e-15
test,syn_n500_k30_pathological_cov_normal_extreme_events_r02_s20260818,150,MetaDesigned_ECMADE_MOO,30,theta_23,100.0,10000.0,"rng(run,'mcg16807')",run index,0.14148253070352232,0.9128904091163903,0.18853117176183615,0.03333333333333333,0.2770603411402278,4.71577963,16.566666666666666,1.0,1.0,2.3958726385597307e-16,7.586524001605242e-16,2.4850492034526425e-16,1.1102230246251571e-15
test,syn_n50_k05_high_corr_mixed_high_vol_r02_s20260637,3,MetaDesigned_ECMADE_MOO,30,theta_01,100.0,10000.0,"rng(run,'mcg16807')",run index,0.0260919744185587,0.9909385271857347,0.0076572251246597315,0.9641666666666667,1.2762000814230992,3.287168076666666,100.0,1.0,1.0,1.7763568394002505e-17,2.1464311809419669e-16,1.7763568394002505e-17,2.1464311809419669e-16
test,syn_n50_k05_pathological_cov_mixed_low_vol_r01_s20260638,3,MetaDesigned_ECMADE_MOO,30,theta_01,100.0,10000.0,"rng(run,'mcg16807')",run index,0.035457625041929036,1.1094287066966935,0.009963117170949666,0.9441666666666667,1.2616494744185724,3.159905136666666,100.0,1.0,1.0,1.731947918415244e-17,2.146431180941967e-16,1.731947918415244e-17,2.146431180941967e-16
test,syn_n50_k10_cluster_corr_skewed_high_vol_r01_s20260649,5,MetaDesigned_ECMADE_MOO,30,theta_01,100.0,10000.0,"rng(run,'mcg16807')",run index,0.017125544625091634,1.1197888210354834,0.005693447338803839,0.9808333333333334,0.9662531135407126,2.0609683266666665,100.0,1.0,1.0,2.316665378051159e-17,2.2204460492503104e-16,2.316665378051159e-17,2.2204460492503104e-16
test,syn_n50_k10_low_corr_skewed_extreme_events_r02_s20260650,5,MetaDesigned_ECMADE_MOO,30,theta_02,100.0,10000.0,"rng(run,'mcg16807')",run index,0.02108208485687708,1.1753932923586163,0.007927262020542492,0.9477777777777778,0.8603051165342356,2.0702658466666666,100.0,1.0,1.0,2.4943010619911858e-17,2.2204460492503104e-16,2.4943010619911858e-17,2.2204460492503104e-16
test,syn_n50_k20_cluster_corr_skewed_high_vol_r01_s20260662,10,MetaDesigned_ECMADE_MOO,30,theta_17,100.0,10000.0,"rng(run,'mcg16807')",run index,0.043589194719294434,1.0637201998803245,0.011144201258504247,0.9211111111111111,1.3143089817666278,1.6152954800000001,100.0,1.0,1.0,5.465998024571188e-17,2.8865798640254066e-16,5.465998024571188e-17,2.8865798640254066e-16
test,syn_n50_k20_pathological_cov_normal_extreme_events_r02_s20260661,10,MetaDesigned_ECMADE_MOO,30,theta_13,100.0,10000.0,"rng(run,'mcg16807')",run index,0.024140687419139592,0.873567961248873,0.006083122901927213,0.9894444444444446,1.3982050803460244,1.766784483333333,100.0,1.0,1.0,3.3676765080296416e-17,2.6275278249462024e-16,3.3676765080296416e-17,2.6275278249462024e-16
test,syn_n50_k30_cluster_corr_heavy_tail_low_vol_r02_s20260673,15,MetaDesigned_ECMADE_MOO,30,theta_02,100.0,10000.0,"rng(run,'mcg16807')",run index,0.029875114410457062,0.993878166293529,0.03293978081821123,0.7958333333333335,1.023817162966038,1.41000569,99.93333333333334,1.0,1.0,7.566358726260005e-17,4.144832625267252e-16,7.560618797697318e-17,4.144832625267252e-16
test,syn_n50_k30_low_corr_heavy_tail_high_vol_r03_s20260674,15,MetaDesigned_ECMADE_MOO,30,theta_01,100.0,10000.0,"rng(run,'mcg16807')",run index,0.028754754462175135,1.0358458711639327,0.023841276066675403,0.8922222222222224,0.8606944751202251,1.3858777199999999,97.06666666666666,1.0,1.0,5.945749437313785e-17,2.997602166487923e-16,5.950795411990838e-17,2.997602166487923e-16
test,syn_n100_k05_cluster_corr_skewed_high_vol_r01_s20260685,5,ExperimentC_NoReplicate_ECMADE_MOO,30,theta_200,100.0,10000.0,"rng(run,'mcg16807')",run index,0.02070726839039081,1.0400956184323993,0.01590578960061976,0.7736111111111111,1.1837409587716157,3.294295443333333,100.0,1.0,1.0,1.8577731945394274e-17,2.1834386150961386e-16,1.8577731945394274e-17,2.1834386150961386e-16
test,syn_n100_k05_low_corr_skewed_extreme_events_r02_s20260686,5,ExperimentC_NoReplicate_ECMADE_MOO,30,theta_164,100.0,10000.0,"rng(run,'mcg16807')",run index,0.03280297340060048,0.9821392225237787,0.03012148287639944,0.6844444444444445,1.3127900636672585,6.541593143333332,100.0,1.0,1.0,2.161234154603638e-17,2.2204460492503104e-16,2.161234154603638e-17,2.2204460492503104e-16
test,syn_n100_k10_cluster_corr_skewed_high_vol_r01_s20260697,10,ExperimentC_NoReplicate_ECMADE_MOO,30,theta_086,100.0,10000.0,"rng(run,'mcg16807')",run index,0.02229171367551791,1.114752578984638,0.008741076056747758,0.9572222222222224,0.8790653819954378,2.7898117299999994,100.0,1.0,1.0,5.854576083189992e-17,3.293661639721298e-16,5.854576083189992e-17,3.293661639721298e-16
test,syn_n100_k10_high_corr_normal_low_vol_r03_s20260698,10,ExperimentC_NoReplicate_ECMADE_MOO,30,theta_037,100.0,10000.0,"rng(run,'mcg16807')",run index,0.04690791724617047,0.9789088727766668,0.02363976634378473,0.6813888888888889,1.1563050196206224,3.956537143333334,100.0,1.0,1.0,5.913787977836669e-17,3.4416913763379854e-16,5.913787977836669e-17,3.4416913763379854e-16
test,syn_n100_k20_high_corr_heavy_tail_extreme_events_r01_s20260710,20,ExperimentC_NoReplicate_ECMADE_MOO,30,theta_234,100.0,10000.0,"rng(run,'mcg16807')",run index,0.011004326141408264,1.08409374940842,0.005772354942463307,0.9927777777777779,0.9388993485460453,2.4766706333333333,100.0,1.0,1.0,7.638334409421079e-17,3.663735981263018e-16,7.638334409421079e-17,3.663735981263018e-16
test,syn_n100_k20_pathological_cov_skewed_high_vol_r03_s20260709,20,ExperimentC_NoReplicate_ECMADE_MOO,30,theta_144,100.0,10000.0,"rng(run,'mcg16807')",run index,0.019819251850777552,1.1842473594968645,0.01895209014840119,0.9344444444444445,0.46477484665405855,2.08304505,89.23333333333333,1.0,1.0,1.057472593235299e-16,4.847973874196518e-16,1.051011129978482e-16,4.88498130835069e-16
test,syn_n100_k30_high_corr_heavy_tail_extreme_events_r01_s20260722,30,ExperimentC_NoReplicate_ECMADE_MOO,30,theta_132,100.0,10000.0,"rng(run,'mcg16807')",run index,0.1419036435083821,0.9717258350158061,0.06742645871732098,0.5027777777777778,1.0095034886965557,3.3548479366666664,85.83333333333333,1.0,1.0,1.2793797761790175e-16,6.180241503746706e-16,1.2971105671037252e-16,6.365278674517565e-16
test,syn_n100_k30_low_corr_normal_low_vol_r01_s20260721,30,ExperimentC_NoReplicate_ECMADE_MOO,30,theta_223,100.0,10000.0,"rng(run,'mcg16807')",run index,0.05000351772021817,0.8535920882233101,0.07666538511709589,0.5636111111111111,0.6335357463284381,2.2970351733333336,77.36666666666666,1.0,1.0,8.877629930650268e-17,4.107825191113082e-16,8.759659664292484e-17,4.2558549277297694e-16
test,syn_n200_k05_cluster_corr_skewed_high_vol_r01_s20260734,10,ExperimentC_NoReplicate_ECMADE_MOO,30,theta_086,100.0,10000.0,"rng(run,'mcg16807')",run index,0.07578748037974961,1.049602728166628,0.06003716293893531,0.49083333333333334,0.9925141091028189,2.7273394600000005,100.0,1.0,1.0,4.0227080925584833e-17,2.442490654175342e-16,4.0227080925584833e-17,2.442490654175342e-16
test,syn_n200_k05_pathological_cov_normal_extreme_events_r02_s20260733,10,ExperimentC_NoReplicate_ECMADE_MOO,30,theta_144,100.0,10000.0,"rng(run,'mcg16807')",run index,0.052970594906197384,1.184760186970623,0.018324279123592493,0.7852777777777777,0.09975656067661344,2.7488003166666664,96.76666666666667,1.0,1.0,3.5070711766770216e-17,2.1094237467877966e-16,3.4231876592608995e-17,2.18343861509614e-16
test,syn_n200_k10_high_corr_heavy_tail_extreme_events_r01_s20260746,20,ExperimentC_NoReplicate_ECMADE_MOO,30,theta_037,100.0,10000.0,"rng(run,'mcg16807')",run index,0.06876459532719009,1.0062453991823448,0.04212234891545565,0.33666666666666667,1.0745098859671482,3.870788393333333,87.56666666666666,1.0,1.0,1.1067172833494308e-16,4.996003610813205e-16,1.0924594562311534e-16,4.996003610813205e-16
test,syn_n200_k10_pathological_cov_skewed_high_vol_r03_s20260745,20,ExperimentC_NoReplicate_ECMADE_MOO,30,theta_144,100.0,10000.0,"rng(run,'mcg16807')",run index,0.058203613787256595,1.1855426773231614,0.03659309754909628,0.7366666666666666,0.41101131641038274,2.160866063333333,44.7,1.0,1.0,1.123978566223996e-16,4.366877230192284e-16,1.1020813891112393e-16,4.958996176659034e-16
test,syn_n200_k20_high_corr_heavy_tail_extreme_events_r01_s20260758,40,ExperimentC_NoReplicate_ECMADE_MOO,30,theta_170,100.0,10000.0,"rng(run,'mcg16807')",run index,0.13027145948653812,0.985253220989453,0.0973767664179782,0.17805555555555552,0.8796409121025471,2.2394973166666663,44.53333333333333,1.0,1.0,9.682963070203538e-17,3.9227880203422206e-16,1.0040116886026838e-16,4.736951571734003e-16
test,syn_n200_k20_low_corr_normal_low_vol_r01_s20260757,40,ExperimentC_NoReplicate_ECMADE_MOO,30,theta_089,100.0,10000.0,"rng(run,'mcg16807')",run index,0.04873695070612811,0.9411467498200952,0.05359429990070507,0.6544444444444445,0.7402307453058922,2.5082606800000002,73.83333333333333,1.0,1.0,1.1163889115948497e-16,5.070018479121548e-16,1.126876369994534e-16,5.440092820663267e-16
test,syn_n200_k30_high_corr_normal_low_vol_r03_s20260769,60,ExperimentC_NoReplicate_ECMADE_MOO,30,theta_047,100.0,10000.0,"rng(run,'mcg16807')",run index,0.12954442560621737,0.9568131504074764,0.10759572007617985,0.05694444444444444,0.9113228315278002,3.6948650300000008,60.266666666666666,1.0,1.0,2.1799632922861622e-16,8.215650382226161e-16,2.1319982816218412e-16,8.696747026230397e-16
test,syn_n200_k30_low_corr_skewed_extreme_events_r02_s20260770,60,ExperimentC_NoReplicate_ECMADE_MOO,30,theta_086,100.0,10000.0,"rng(run,'mcg16807')",run index,0.058225909265499136,0.8940159602792792,0.06278349172730827,0.6294444444444446,0.7012390849917055,2.411844706666666,60.766666666666666,1.0,1.0,1.6242835797087964e-16,6.254256372055049e-16,1.6423899277621486e-16,7.105427357601004e-16
test,syn_n500_k05_low_corr_normal_low_vol_r01_s20260782,25,ExperimentC_NoReplicate_ECMADE_MOO,30,theta_086,100.0,10000.0,"rng(run,'mcg16807')",run index,0.06845717345271256,0.980233225222532,0.05863740002084627,0.5612612612612613,0.7564313097872423,3.17485111,67.33333333333333,1.0,1.0,8.757847762493058e-17,3.9968028886505646e-16,8.889185683832083e-17,4.29286236188394e-16
test,syn_n500_k05_pathological_cov_mixed_low_vol_r01_s20260781,25,ExperimentC_NoReplicate_ECMADE_MOO,30,theta_089,100.0,10000.0,"rng(run,'mcg16807')",run index,0.060074155780490815,1.0698919510402873,0.10822905128858676,0.46611111111111114,0.36549050125535776,3.0528845133333333,72.06666666666666,1.0,1.0,1.2119997159980906e-16,5.995204332975848e-16,1.2190248810384212e-16,6.254256372055051e-16
test,syn_n500_k10_low_corr_heavy_tail_high_vol_r03_s20260793,50,ExperimentC_NoReplicate_ECMADE_MOO,30,theta_089,100.0,10000.0,"rng(run,'mcg16807')",run index,0.06833618898680395,0.8980132551174669,0.04473755642436117,0.6280555555555554,0.9198512587084201,3.0627045600000002,79.7,1.0,1.0,1.3316254935743787e-16,5.995204332975847e-16,1.310063169057685e-16,6.106226635438361e-16
test,syn_n500_k10_pathological_cov_mixed_low_vol_r01_s20260794,50,ExperimentC_NoReplicate_ECMADE_MOO,30,theta_170,100.0,10000.0,"rng(run,'mcg16807')",run index,0.09669703526515822,0.9618047575391063,0.0900208362163395,0.13805555555555554,0.796001068241194,3.227876643333333,68.83333333333333,1.0,1.0,1.3083458359617783e-16,6.06921920128419e-16,1.3489209749195648e-16,6.513308411134254e-16
test,syn_n500_k20_cluster_corr_skewed_high_vol_r01_s20260805,100,ExperimentC_NoReplicate_ECMADE_MOO,30,theta_045,100.0,10000.0,"rng(run,'mcg16807')",run index,0.06805348589354379,0.8213538594731661,0.09314633274541363,0.26213592233009714,0.7347963177076496,5.287430943333333,63.166666666666664,1.0,1.0,2.0344981238387875e-16,8.659739592076228e-16,2.032818358088661e-16,9.214851104388804e-16
test,syn_n500_k20_pathological_cov_mixed_low_vol_r01_s20260806,100,ExperimentC_NoReplicate_ECMADE_MOO,30,theta_034,100.0,10000.0,"rng(run,'mcg16807')",run index,0.13696615374374962,0.970625004130428,0.1871183066752174,0.05555555555555555,0.25941918764864946,4.931432456666666,19.633333333333333,1.0,1.0,2.1432013992932437e-16,6.06921920128419e-16,2.1205259770340494e-16,9.47390314346801e-16
test,syn_n500_k30_cluster_corr_skewed_high_vol_r01_s20260817,150,ExperimentC_NoReplicate_ECMADE_MOO,30,theta_189,100.0,10000.0,"rng(run,'mcg16807')",run index,0.045951777685938916,0.8304613946489451,0.0919065196944329,0.4968888888888889,0.519885331942138,3.304957713333334,36.233333333333334,1.0,1.0,2.6153802532695584e-16,9.547918011776352e-16,2.522426711948356e-16,1.1176245114559919e-15
test,syn_n500_k30_pathological_cov_normal_extreme_events_r02_s20260818,150,ExperimentC_NoReplicate_ECMADE_MOO,30,theta_234,100.0,10000.0,"rng(run,'mcg16807')",run index,0.14148253070352232,0.9128904091163903,0.18853117176183615,0.03333333333333333,0.2770603411402278,3.15022459,16.566666666666666,1.0,1.0,2.3958726385597307e-16,7.586524001605242e-16,2.4850492034526425e-16,1.1102230246251571e-15
test,syn_n50_k05_high_corr_mixed_high_vol_r02_s20260637,3,ExperimentC_NoReplicate_ECMADE_MOO,30,theta_131,100.0,10000.0,"rng(run,'mcg16807')",run index,0.018904173973397883,0.9911016528340255,0.006931832564824196,0.9569444444444444,1.2917458395885537,4.456983919999999,100.0,1.0,1.0,1.632027846198979e-17,2.1834386150961389e-16,1.632027846198979e-17,2.1834386150961389e-16
test,syn_n50_k05_pathological_cov_mixed_low_vol_r01_s20260638,3,ExperimentC_NoReplicate_ECMADE_MOO,30,theta_011,100.0,10000.0,"rng(run,'mcg16807')",run index,0.035457625041929036,1.1094287066966935,0.009963117170949666,0.9441666666666667,1.2616494744185724,5.791326700000001,100.0,1.0,1.0,1.731947918415244e-17,2.146431180941967e-16,1.731947918415244e-17,2.146431180941967e-16
test,syn_n50_k10_cluster_corr_skewed_high_vol_r01_s20260649,5,ExperimentC_NoReplicate_ECMADE_MOO,30,theta_086,100.0,10000.0,"rng(run,'mcg16807')",run index,0.01512199222266179,1.1181758286549552,0.006011900492672988,0.9794444444444446,0.9567689087683694,3.9477608866666674,100.0,1.0,1.0,2.246351253158233e-17,2.2574534834044824e-16,2.246351253158233e-17,2.2574534834044824e-16
test,syn_n50_k10_low_corr_skewed_extreme_events_r02_s20260650,5,ExperimentC_NoReplicate_ECMADE_MOO,30,theta_086,100.0,10000.0,"rng(run,'mcg16807')",run index,0.01978135061645775,1.1793555683501287,0.005817411626553416,0.965,0.8524723048770237,3.8006275066666664,100.0,1.0,1.0,2.290760174143239e-17,2.1464311809419669e-16,2.290760174143239e-17,2.1464311809419669e-16
test,syn_n50_k20_cluster_corr_skewed_high_vol_r01_s20260662,10,ExperimentC_NoReplicate_ECMADE_MOO,30,theta_170,100.0,10000.0,"rng(run,'mcg16807')",run index,0.043589194719294434,1.0637201998803245,0.011144201258504247,0.9211111111111111,1.3143089817666278,2.427847153333333,100.0,1.0,1.0,5.465998024571188e-17,2.8865798640254066e-16,5.465998024571188e-17,2.8865798640254066e-16
test,syn_n50_k20_pathological_cov_normal_extreme_events_r02_s20260661,10,ExperimentC_NoReplicate_ECMADE_MOO,30,theta_131,100.0,10000.0,"rng(run,'mcg16807')",run index,0.024140687419139592,0.873567961248873,0.006083122901927213,0.9894444444444446,1.3982050803460244,2.6930046266666667,100.0,1.0,1.0,3.3676765080296416e-17,2.6275278249462024e-16,3.3676765080296416e-17,2.6275278249462024e-16
test,syn_n50_k30_cluster_corr_heavy_tail_low_vol_r02_s20260673,15,ExperimentC_NoReplicate_ECMADE_MOO,30,theta_078,100.0,10000.0,"rng(run,'mcg16807')",run index,0.07519237908966582,0.9919472465137538,0.02859470488844642,0.5777777777777777,1.2028743021913066,3.4845190833333333,85.43333333333334,1.0,1.0,7.182637495769493e-17,3.922788020342221e-16,7.183142969324762e-17,3.996802888650565e-16
test,syn_n50_k30_low_corr_heavy_tail_high_vol_r03_s20260674,15,ExperimentC_NoReplicate_ECMADE_MOO,30,theta_144,100.0,10000.0,"rng(run,'mcg16807')",run index,0.04180650000602922,1.000787151573112,0.030104080863429312,0.8152777777777778,0.8049146084570451,3.73979684,99.2,1.0,1.0,5.704595351117929e-17,2.9976021664879224e-16,5.702845603157889e-17,2.9976021664879224e-16
