code_path,source_path,size_bytes
code/A_MPMO_NSGAII_v290.m,code/A_MPMO_NSGAII_v290.m,9532
code/ampmmo_reproduce.py,code/ampmmo_reproduce.py,41522
code/analyze_deb_c_dtlz1_7.m,code/analyze_deb_c_dtlz1_7.m,2745
code/analyze_deb_c_uf1_5.m,code/analyze_deb_c_uf1_5.m,2376
code/analyze_deb_c_uf6_10.m,code/analyze_deb_c_uf6_10.m,2702
code/analyze_deb_c_zdt.m,code/analyze_deb_c_zdt.m,1492
code/analyze_experiment_b_statistics.py,code/analyze_experiment_b_statistics.py,11706
code/analyze_experiment_c_replicate_audit_statistics.py,code/analyze_experiment_c_replicate_audit_statistics.py,5087
code/analyze_p1_mokp_config_comparison.py,code/analyze_p1_mokp_config_comparison.py,14387
code/analyze_p1_mokp_config_comparison_no_replicate_audit.py,code/analyze_p1_mokp_config_comparison_no_replicate_audit.py,1254
code/analyze_p1_mokp_rankscore_statistics_no_replicate_audit.py,code/analyze_p1_mokp_rankscore_statistics_no_replicate_audit.py,3987
code/analyze_p1_mokp_results.py,code/analyze_p1_mokp_results.py,16734
code/analyze_p1_rolling_market_results.py,code/analyze_p1_rolling_market_results.py,10206
code/analyze_real_market_ecmade_config_comparison.py,code/analyze_real_market_ecmade_config_comparison.py,16416
code/analyze_real_market_ecmade_config_statistics.py,code/analyze_real_market_ecmade_config_statistics.py,5497
code/analyze_real_market_ecmade_no_replicate_audit.py,code/analyze_real_market_ecmade_no_replicate_audit.py,11070
code/analyze_selector_level_ablation_final_test.py,code/analyze_selector_level_ablation_final_test.py,14150
code/analyze_stability_weighted_rank_no_replicate_audit.py,code/analyze_stability_weighted_rank_no_replicate_audit.py,8420
code/analyze_v290_all22_igd_population_matrix.m,code/analyze_v290_all22_igd_population_matrix.m,7031
code/analyze_v43_uf1_5_igd_matrix.m,code/analyze_v43_uf1_5_igd_matrix.m,6184
code/analyze_v43_uf1_5_nd_igd.m,code/analyze_v43_uf1_5_nd_igd.m,2584
code/analyze_v43_uf1_5_normalized_igd.m,code/analyze_v43_uf1_5_normalized_igd.m,2850
code/analyze_v43_uf1_5_pf_points.m,code/analyze_v43_uf1_5_pf_points.m,2330
code/annotate_tevc_red_data_comments.py,code/annotate_tevc_red_data_comments.py,7499
code/audit_experiment_c_replicate_selector.py,code/audit_experiment_c_replicate_selector.py,21006
code/audit_external_selector_assignment_dependency.py,code/audit_external_selector_assignment_dependency.py,7965
code/audit_no_replicate_data_existence_20260731.py,code/audit_no_replicate_data_existence_20260731.py,18950
code/audit_tevc_package_integrity.py,code/audit_tevc_package_integrity.py,4725
code/build_ecmade_best_parameters_docx.py,code/build_ecmade_best_parameters_docx.py,19874
code/build_ecmade_moo_parameter_architecture_docx.py,code/build_ecmade_moo_parameter_architecture_docx.py,14485
code/build_ecmade_moo_usage_docx.py,code/build_ecmade_moo_usage_docx.py,17700
code/build_experiment_a_code_and_fairness_docx.py,code/build_experiment_a_code_and_fairness_docx.py,13695
code/build_experiment_a_data_report_docx.py,code/build_experiment_a_data_report_docx.py,12451
code/build_experiment_a_data_word_report.py,code/build_experiment_a_data_word_report.py,29773
code/build_experiment_a_data_word_report_stats_v2.py,code/build_experiment_a_data_word_report_stats_v2.py,19616
code/build_experiment_a_setup_report.py,code/build_experiment_a_setup_report.py,19209
code/build_experiment_ab_cost_audit.py,code/build_experiment_ab_cost_audit.py,21337
code/build_experiment_b_a0707_style_docx.py,code/build_experiment_b_a0707_style_docx.py,20621
code/build_experiment_b_baseline_style_report_docx.py,code/build_experiment_b_baseline_style_report_docx.py,18561
code/build_experiment_b_comparison_report_docx.py,code/build_experiment_b_comparison_report_docx.py,18546
code/build_experiment_b_configuration_workbook.mjs,code/build_experiment_b_configuration_workbook.mjs,3695
code/build_experiment_b_paper_section.py,code/build_experiment_b_paper_section.py,9879
code/build_experiment_b_paper_section_zh_tw.py,code/build_experiment_b_paper_section_zh_tw.py,8895
code/build_experiment_c_cost_audit.py,code/build_experiment_c_cost_audit.py,12832
code/build_experiment_c_no_replicate_audit_report_zh.py,code/build_experiment_c_no_replicate_audit_report_zh.py,30656
code/build_experiment_c_stability_labels.py,code/build_experiment_c_stability_labels.py,3355
code/build_experiment_c_stability_report_docx.py,code/build_experiment_c_stability_report_docx.py,28293
code/build_experiment_c_stability_report_docx_zh.py,code/build_experiment_c_stability_report_docx_zh.py,16697
code/build_experiment_c_table_5_7_holdout_corrected.py,code/build_experiment_c_table_5_7_holdout_corrected.py,5729
code/build_external_no_replicate_assignments.py,code/build_external_no_replicate_assignments.py,6095
code/build_mokp_experiment_results_report_docx.py,code/build_mokp_experiment_results_report_docx.py,19940
code/build_mokp_experiment_results_report_docx_zh.py,code/build_mokp_experiment_results_report_docx_zh.py,12315
code/build_no_replicate_repro_manifest.py,code/build_no_replicate_repro_manifest.py,3990
code/build_nsga2_inventory.mjs,code/build_nsga2_inventory.mjs,37694
code/build_nsga2_reproduction_doc.py,code/build_nsga2_reproduction_doc.py,16077
code/build_nsga2_three_version_report.mjs,code/build_nsga2_three_version_report.mjs,12819
code/build_orlib_experiment_a_report.py,code/build_orlib_experiment_a_report.py,920
code/build_p0_real_market_validation_docx.py,code/build_p0_real_market_validation_docx.py,5350
code/build_p0_real_market_validation_package.py,code/build_p0_real_market_validation_package.py,14401
code/build_p1_mokp_experiment_c_global_theta_assignments.py,code/build_p1_mokp_experiment_c_global_theta_assignments.py,3768
code/build_p1_mokp_experiment_c_stability_assignments.py,code/build_p1_mokp_experiment_c_stability_assignments.py,6424
code/build_p1_mokp_feature_failure_reports.py,code/build_p1_mokp_feature_failure_reports.py,12702
code/build_p1_mokp_meta_transfer_assignments.py,code/build_p1_mokp_meta_transfer_assignments.py,4306
code/build_p1_rolling_market_cvar_sensitivity.py,code/build_p1_rolling_market_cvar_sensitivity.py,7158
code/build_pf_test_inventory.mjs,code/build_pf_test_inventory.mjs,15112
code/build_portfolio_meta_features.py,code/build_portfolio_meta_features.py,11442
code/build_real_market_config_protocol_section_5_6_4.py,code/build_real_market_config_protocol_section_5_6_4.py,11361
code/build_real_market_ecmade_config_assignments.py,code/build_real_market_ecmade_config_assignments.py,10739
code/build_real_market_no_replicate_cumulative_wealth.py,code/build_real_market_no_replicate_cumulative_wealth.py,3147
code/build_real_market_validation_report_zh_clean.py,code/build_real_market_validation_report_zh_clean.py,15734
code/build_real_market_validation_word_report.py,code/build_real_market_validation_word_report.py,19987
code/build_research_code_flow_docx.py,code/build_research_code_flow_docx.py,16043
code/build_selector_level_ablation_assignments.py,code/build_selector_level_ablation_assignments.py,9637
code/build_selector_level_ablation_report_zh.py,code/build_selector_level_ablation_report_zh.py,18585
code/build_synthetic_experiment_a_final_report_zh.py,code/build_synthetic_experiment_a_final_report_zh.py,16324
code/build_synthetic_experiment_a_report.py,code/build_synthetic_experiment_a_report.py,48315
code/build_synthetic_experiment_a_report_doc_with_explanations.py,code/build_synthetic_experiment_a_report_doc_with_explanations.py,11426
code/build_tevc_ablation_4_5.py,code/build_tevc_ablation_4_5.py,18967
code/build_tevc_ablation_6.py,code/build_tevc_ablation_6.py,11676
code/build_tevc_ablation_ordered_report_docx.py,code/build_tevc_ablation_ordered_report_docx.py,18657
code/build_tevc_ablation_ordered_report_docx_v2.py,code/build_tevc_ablation_ordered_report_docx_v2.py,33822
code/build_tevc_ablation_report_docx.py,code/build_tevc_ablation_report_docx.py,9204
code/build_tevc_cost_runtime_summary.py,code/build_tevc_cost_runtime_summary.py,6240
code/build_tevc_github_package.py,code/build_tevc_github_package.py,27990
code/build_tevc_github_package_replicate.py,code/build_tevc_github_package_replicate.py,8446
code/build_tevc_osf_zenodo_package.py,code/build_tevc_osf_zenodo_package.py,9539
code/build_tevc_p0_experiment_design.py,code/build_tevc_p0_experiment_design.py,21488
code/build_tevc_p0_requirement_tables.py,code/build_tevc_p0_requirement_tables.py,9913
code/build_tevc_p0_statistical_tests.py,code/build_tevc_p0_statistical_tests.py,11893
code/build_tevc_protocol_completion_package.py,code/build_tevc_protocol_completion_package.py,14430
code/build_tevc_red_data_mapping_docx.py,code/build_tevc_red_data_mapping_docx.py,23288
code/build_tevc_reproducibility_package.py,code/build_tevc_reproducibility_package.py,37163
code/build_tevc_submission_section_real_market_zh.py,code/build_tevc_submission_section_real_market_zh.py,26591
code/build_tevc_without_elite_injection_package.py,code/build_tevc_without_elite_injection_package.py,3763
code/build_theta_configuration_paper_table.py,code/build_theta_configuration_paper_table.py,3211
code/check_paper_locked_parameters.py,code/check_paper_locked_parameters.py,2348
code/check_r2020b_zdt_igd_variants.m,code/check_r2020b_zdt_igd_variants.m,3054
code/check_real_market_configured_ecmade_status.py,code/check_real_market_configured_ecmade_status.py,1442
code/compare_ecmade_first10_stability.py,code/compare_ecmade_first10_stability.py,10428
code/compare_ecmade_moo_tuning_subset.py,code/compare_ecmade_moo_tuning_subset.py,7927
code/compare_problem_definitions.m,code/compare_problem_definitions.m,1335
code/compute_tevc_adaptive_exchange_significance.py,code/compute_tevc_adaptive_exchange_significance.py,6364
code/compute_tevc_eaf_width_for_report.py,code/compute_tevc_eaf_width_for_report.py,7894
code/compute_tevc_subpopulation_significance.py,code/compute_tevc_subpopulation_significance.py,6332
code/diagnose_experiment_a_metrics.py,code/diagnose_experiment_a_metrics.py,4834
code/diagnose_r2020b_zdt_budget_alignment.m,code/diagnose_r2020b_zdt_budget_alignment.m,2424
code/download_market_universe_prices.py,code/download_market_universe_prices.py,14133
code/ecmade_mcvar.py,code/ecmade_mcvar.py,15951
code/ECMADE_MOO.m,code/ECMADE_MOO.m,22911
code/ecmade_moo.py,code/ecmade_moo.py,55409
code/ECMADE_MOO_KB.m,code/ECMADE_MOO_KB.m,25186
code/ECMADE_MOO_TUNE_CONSENSUS.m,code/ECMADE_MOO_TUNE_CONSENSUS.m,22926
code/ECMADE_MOO_TUNE_CONSERVATIVE.m,code/ECMADE_MOO_TUNE_CONSERVATIVE.m,22932
code/ECMADE_MOO_TUNE_DEFAULT.m,code/ECMADE_MOO_TUNE_DEFAULT.m,22924
code/ECMADE_MOO_TUNE_REFERENCE.m,code/ECMADE_MOO_TUNE_REFERENCE.m,22931
code/ecmade_table2_benchmarks.py,code/ecmade_table2_benchmarks.py,17063
code/ecmade_table3_components.py,code/ecmade_table3_components.py,31627
code/EnvironmentalSelectionNSGAII_v290.m,code/EnvironmentalSelectionNSGAII_v290.m,540
code/EnvironmentalSelectionTie_v290.m,code/EnvironmentalSelectionTie_v290.m,867
code/evaluate_problem_definitions_v290.m,code/evaluate_problem_definitions_v290.m,938
code/evaluate_problem_definitions_v43.m,code/evaluate_problem_definitions_v43.m,691
code/experiment_a_template_style_evidence.json,code/experiment_a_template_style_evidence.json,4833
code/fig5_ng_sweep.py,code/fig5_ng_sweep.py,22041
code/fig6_nc_sweep.py,code/fig6_nc_sweep.py,16954
code/finalize_tevc_osf_zenodo_package.py,code/finalize_tevc_osf_zenodo_package.py,6583
code/find_experiment_a_case_instances.py,code/find_experiment_a_case_instances.py,8188
code/find_table2.py,code/find_table2.py,406
code/GA_BoundaryDiagnostic_v290.m,code/GA_BoundaryDiagnostic_v290.m,1919
code/GA_DebBounded_v290.m,code/GA_DebBounded_v290.m,3814
code/generate_orlib_subset_manifest.py,code/generate_orlib_subset_manifest.py,2727
code/generate_synthetic_portfolio_instances.py,code/generate_synthetic_portfolio_instances.py,14800
code/generate_t2_v43_pf.m,code/generate_t2_v43_pf.m,1079
code/launch_bayesian_configuration_ecmade_moo.bat,code/launch_bayesian_configuration_ecmade_moo.bat,697
code/launch_meta_designed_ecmade_moo.bat,code/launch_meta_designed_ecmade_moo.bat,676
code/launch_nsga2_paper_four_configs.ps1,code/launch_nsga2_paper_four_configs.ps1,957
code/launch_p1_mokp_config_full.bat,code/launch_p1_mokp_config_full.bat,1101
code/launch_p1_mokp_full.bat,code/launch_p1_mokp_full.bat,2409
code/launch_p1_rolling_market_configured_ecmade_full.bat,code/launch_p1_rolling_market_configured_ecmade_full.bat,2060
code/launch_p1_rolling_market_configured_ecmade_smoke.bat,code/launch_p1_rolling_market_configured_ecmade_smoke.bat,2066
code/launch_p1_rolling_market_full_10runs.bat,code/launch_p1_rolling_market_full_10runs.bat,1631
code/launch_p1_rolling_market_nasdaq100_mvp.bat,code/launch_p1_rolling_market_nasdaq100_mvp.bat,1849
code/launch_real_market_configured_ecmade_analysis_python.bat,code/launch_real_market_configured_ecmade_analysis_python.bat,612
code/launch_real_market_configured_ecmade_full_python.bat,code/launch_real_market_configured_ecmade_full_python.bat,1003
code/launch_real_market_configured_ecmade_smoke_python.bat,code/launch_real_market_configured_ecmade_smoke_python.bat,980
code/launch_synthetic_matlab.py,code/launch_synthetic_matlab.py,1668
code/launch_tevc_pdf_direct_ablation_full.bat,code/launch_tevc_pdf_direct_ablation_full.bat,609
code/launch_tevc_pdf_direct_ablation_full.ps1,code/launch_tevc_pdf_direct_ablation_full.ps1,788
code/launch_tevc_pdf_direct_ablation_full_robust.ps1,code/launch_tevc_pdf_direct_ablation_full_robust.ps1,974
code/launch_theta24_validation_detached.py,code/launch_theta24_validation_detached.py,1546
code/launch_theta24_validation_label_generation.bat,code/launch_theta24_validation_label_generation.bat,297
code/no_replicate_reproducibility_manifest_20260731.json,code/no_replicate_reproducibility_manifest_20260731.json,3037
code/nsga2_code_extract/A_group_v43/core/CrowdingDistance.m,code/nsga2_code_extract/A_group_v43/core/CrowdingDistance.m,2122
code/nsga2_code_extract/A_group_v43/core/EnvironmentalSelection.m,code/nsga2_code_extract/A_group_v43/core/EnvironmentalSelection.m,1333
code/nsga2_code_extract/A_group_v43/core/NDSort.m,code/nsga2_code_extract/A_group_v43/core/NDSort.m,6717
code/nsga2_code_extract/A_group_v43/core/NSGAII.m,code/nsga2_code_extract/A_group_v43/core/NSGAII.m,1625
code/nsga2_code_extract/A_group_v43/core/OperatorGA.m,code/nsga2_code_extract/A_group_v43/core/OperatorGA.m,7217
code/nsga2_code_extract/A_group_v43/core/TournamentSelection.m,code/nsga2_code_extract/A_group_v43/core/TournamentSelection.m,1492
code/nsga2_code_extract/A_group_v43/run_A_group_all22.m,code/nsga2_code_extract/A_group_v43/run_A_group_all22.m,3631
code/nsga2_code_extract/PlatEMO_v2.9/core/CrowdingDistance.m,code/nsga2_code_extract/PlatEMO_v2.9/core/CrowdingDistance.m,1381
code/nsga2_code_extract/PlatEMO_v2.9/core/EnvironmentalSelection.m,code/nsga2_code_extract/PlatEMO_v2.9/core/EnvironmentalSelection.m,1338
code/nsga2_code_extract/PlatEMO_v2.9/core/GA.m,code/nsga2_code_extract/PlatEMO_v2.9/core/GA.m,5868
code/nsga2_code_extract/PlatEMO_v2.9/core/GLOBAL.m,code/nsga2_code_extract/PlatEMO_v2.9/core/GLOBAL.m,18665
code/nsga2_code_extract/PlatEMO_v2.9/core/NDSort.m,code/nsga2_code_extract/PlatEMO_v2.9/core/NDSort.m,6714
code/nsga2_code_extract/PlatEMO_v2.9/core/NSGAII.m,code/nsga2_code_extract/PlatEMO_v2.9/core/NSGAII.m,1404
code/nsga2_code_extract/PlatEMO_v2.9/core/TournamentSelection.m,code/nsga2_code_extract/PlatEMO_v2.9/core/TournamentSelection.m,1412
code/nsga2_code_extract/PlatEMO_v2.9/experiments/run_platemo_v290_dtlz1_7.m,code/nsga2_code_extract/PlatEMO_v2.9/experiments/run_platemo_v290_dtlz1_7.m,2907
code/nsga2_code_extract/PlatEMO_v2.9/experiments/run_platemo_v290_uf1_5.m,code/nsga2_code_extract/PlatEMO_v2.9/experiments/run_platemo_v290_uf1_5.m,2972
code/nsga2_code_extract/PlatEMO_v2.9/experiments/run_platemo_v290_uf6_10.m,code/nsga2_code_extract/PlatEMO_v2.9/experiments/run_platemo_v290_uf6_10.m,2926
code/nsga2_code_extract/PlatEMO_v2.9/experiments/run_platemo_v290_zdt.m,code/nsga2_code_extract/PlatEMO_v2.9/experiments/run_platemo_v290_zdt.m,1937
code/nsga2_platemo_style.py,code/nsga2_platemo_style.py,13548
code/NSGAII_Boundary_v290.m,code/NSGAII_Boundary_v290.m,522
code/NSGAII_BoundaryClip_v290.m,code/NSGAII_BoundaryClip_v290.m,87
code/NSGAII_BoundaryRandom_v290.m,code/NSGAII_BoundaryRandom_v290.m,97
code/NSGAII_BoundaryReflect_v290.m,code/NSGAII_BoundaryReflect_v290.m,93
code/NSGAII_CrowdingRandom_v290.m,code/NSGAII_CrowdingRandom_v290.m,94
code/NSGAII_CrowdingReverse_v290.m,code/NSGAII_CrowdingReverse_v290.m,102
code/NSGAII_CrowdingStable_v290.m,code/NSGAII_CrowdingStable_v290.m,94
code/NSGAII_CrowdingTie_v290.m,code/NSGAII_CrowdingTie_v290.m,534
code/NSGAII_DebBounded_v290.m,code/NSGAII_DebBounded_v290.m,830
code/NSGAII_DebBoundedDebMutation_v290.m,code/NSGAII_DebBoundedDebMutation_v290.m,118
code/NSGAII_DebBoundedFullSelection_v290.m,code/NSGAII_DebBoundedFullSelection_v290.m,116
code/NSGAII_DebBoundedPlatMutation_v290.m,code/NSGAII_DebBoundedPlatMutation_v290.m,112
code/NSGAII_DebTournament_v290.m,code/NSGAII_DebTournament_v290.m,597
code/NSGAII_DualPermutationRank_v290.m,code/NSGAII_DualPermutationRank_v290.m,626
code/NSGAII_ExtraRand_v290.m,code/NSGAII_ExtraRand_v290.m,531
code/NSGAII_ProMPerVariable_v290.m,code/NSGAII_ProMPerVariable_v290.m,534
code/NSGAII_RandomTie_v290.m,code/NSGAII_RandomTie_v290.m,624
code/NSGAII_SamplingDiagnostic_v290.m,code/NSGAII_SamplingDiagnostic_v290.m,1191
code/orlib_pf_plot_tools/plot_orlib_all_methods_eaf.py,code/orlib_pf_plot_tools/plot_orlib_all_methods_eaf.py,10576
code/orlib_pf_plot_tools/plot_orlib_all_methods_pf_heatmap.py,code/orlib_pf_plot_tools/plot_orlib_all_methods_pf_heatmap.py,9675
code/orlib_pf_plot_tools/plot_orlib_all_methods_pf_overlay.py,code/orlib_pf_plot_tools/plot_orlib_all_methods_pf_overlay.py,7450
code/orlib_pf_plot_tools/plot_orlib_all_methods_runs_grid.py,code/orlib_pf_plot_tools/plot_orlib_all_methods_runs_grid.py,7566
code/orlib_pf_plot_tools/plot_orlib_case_instances.py,code/orlib_pf_plot_tools/plot_orlib_case_instances.py,6196
code/ORLibraryRunner.m,code/ORLibraryRunner.m,2568
code/p0_pf_plot_tools/plot_p0_all_methods_eaf.py,code/p0_pf_plot_tools/plot_p0_all_methods_eaf.py,10576
code/p0_pf_plot_tools/plot_p0_all_methods_pf_heatmap.py,code/p0_pf_plot_tools/plot_p0_all_methods_pf_heatmap.py,9675
code/p0_pf_plot_tools/plot_p0_all_methods_pf_overlay.py,code/p0_pf_plot_tools/plot_p0_all_methods_pf_overlay.py,7450
code/p0_pf_plot_tools/plot_p0_all_methods_runs_grid.py,code/p0_pf_plot_tools/plot_p0_all_methods_runs_grid.py,7566
code/p0_pf_plot_tools/plot_p0_random_instance_from_summary.py,code/p0_pf_plot_tools/plot_p0_random_instance_from_summary.py,11742
code/P0LiteUtils.m,code/P0LiteUtils.m,10504
code/P1KnapsackRunner.m,code/P1KnapsackRunner.m,17026
code/P1MOKP.m,code/P1MOKP.m,3030
code/P1MOKPConfigRunner.m,code/P1MOKPConfigRunner.m,17692
code/P1RollingMarketRunner.m,code/P1RollingMarketRunner.m,15000
code/pdist2.m,code/pdist2.m,796
code/plot_fig4_pf_overlay.py,code/plot_fig4_pf_overlay.py,2779
code/plot_fig5_igd.py,code/plot_fig5_igd.py,2082
code/plot_fig5_pf_overlay.py,code/plot_fig5_pf_overlay.py,2758
code/plot_no_replicate_shap_diagnostics.py,code/plot_no_replicate_shap_diagnostics.py,2843
code/plot_p0_all_methods_pf_overlay.py,code/plot_p0_all_methods_pf_overlay.py,7180
code/plot_p0_all_methods_runs_grid.py,code/plot_p0_all_methods_runs_grid.py,7296
code/plot_p0_random_instance_from_summary.py,code/plot_p0_random_instance_from_summary.py,11742
code/plot_p0_single_method_runs_overlay.py,code/plot_p0_single_method_runs_overlay.py,6725
code/PortfolioMarketWindow.m,code/PortfolioMarketWindow.m,2206
code/PortfolioORLIB.m,code/PortfolioORLIB.m,3131
code/postprocess_p0_lite_port1_metrics_figures.m,code/postprocess_p0_lite_port1_metrics_figures.m,12871
code/prepare_p1_rolling_market_data.py,code/prepare_p1_rolling_market_data.py,8089
code/rank_knowledge_base_parameter_search.py,code/rank_knowledge_base_parameter_search.py,8892
code/rebuild_p0_lite_port1_nsga2_spea2_summary.m,code/rebuild_p0_lite_port1_nsga2_spea2_summary.m,312
code/rebuild_tevc_pdf_direct_ablation_candidates.py,code/rebuild_tevc_pdf_direct_ablation_candidates.py,3702
code/recalculate_paper_comparisons.js,code/recalculate_paper_comparisons.js,10028
code/redraw_p0_lite_port1_figures.m,code/redraw_p0_lite_port1_figures.m,4165
code/render_word_to_pdf.ps1,code/render_word_to_pdf.ps1,699
code/rerun_p0_lite_port1_spea2_k5_outliers.m,code/rerun_p0_lite_port1_spea2_k5_outliers.m,3647
code/resume_theta24_validation_label_generation.bat,code/resume_theta24_validation_label_generation.bat,195
code/resume_theta24_validation_label_generation.ps1,code/resume_theta24_validation_label_generation.ps1,1175
code/run_a_seed_repro_validation.m,code/run_a_seed_repro_validation.m,1881
code/run_all22_ampmmo_tuned_v290.m,code/run_all22_ampmmo_tuned_v290.m,6607
code/run_all22_ampmmo_v290.m,code/run_all22_ampmmo_v290.m,5336
code/run_all22_ampmmo_variant4_v290.m,code/run_all22_ampmmo_variant4_v290.m,5843
code/run_all_benchmarks_nsga2_closest_params.m,code/run_all_benchmarks_nsga2_closest_params.m,3014
code/run_all_nsga2_test_matrix.m,code/run_all_nsga2_test_matrix.m,5385
code/run_bayesian_configuration_ecmade_moo.m,code/run_bayesian_configuration_ecmade_moo.m,27261
code/run_deb_c_dtlz1_7.ps1,code/run_deb_c_dtlz1_7.ps1,2185
code/run_deb_c_nsga2.ps1,code/run_deb_c_nsga2.ps1,1913
code/run_deb_c_uf1_5.ps1,code/run_deb_c_uf1_5.ps1,2306
code/run_deb_c_uf6_10.ps1,code/run_deb_c_uf6_10.ps1,2413
code/run_deb_c_zdt.ps1,code/run_deb_c_zdt.ps1,1475
code/run_ecmade_force_20260703_123101.bat,code/run_ecmade_force_20260703_123101.bat,402
code/run_ecmade_moo_tuning_subset.m,code/run_ecmade_moo_tuning_subset.m,504
code/run_experiment_c_no_replicate_changed_final_test.m,code/run_experiment_c_no_replicate_changed_final_test.m,1883
code/run_final_all22_nsga2_r2020b_params.m,code/run_final_all22_nsga2_r2020b_params.m,6555
code/run_knowledge_base_parameter_search.m,code/run_knowledge_base_parameter_search.m,8398
code/run_meta_designed_ecmade_moo.m,code/run_meta_designed_ecmade_moo.m,13351
code/run_no_replicate_remaining_schedule.ps1,code/run_no_replicate_remaining_schedule.ps1,742
code/run_nsga2_paper_four_configs.m,code/run_nsga2_paper_four_configs.m,7544
code/run_p0_lite_orlib_ampmo.m,code/run_p0_lite_orlib_ampmo.m,134
code/run_p0_lite_orlib_ecmade_moo.m,code/run_p0_lite_orlib_ecmade_moo.m,125
code/run_p0_lite_orlib_gde3.m,code/run_p0_lite_orlib_gde3.m,107
code/run_p0_lite_orlib_moead.m,code/run_p0_lite_orlib_moead.m,111
code/run_p0_lite_orlib_nsga2.m,code/run_p0_lite_orlib_nsga2.m,114
code/run_p0_lite_orlib_spea2.m,code/run_p0_lite_orlib_spea2.m,110
code/run_p0_lite_port1_ecmade_moo.m,code/run_p0_lite_port1_ecmade_moo.m,2251
code/run_p0_lite_port1_gde3.m,code/run_p0_lite_port1_gde3.m,2203
code/run_p0_lite_port1_moead.m,code/run_p0_lite_port1_moead.m,2214
code/run_p0_lite_port1_nsga2.m,code/run_p0_lite_port1_nsga2.m,2221
code/run_p0_lite_port1_spea2.m,code/run_p0_lite_port1_spea2.m,2211
code/run_p0_lite_synthetic_all_methods.bat,code/run_p0_lite_synthetic_all_methods.bat,1639
code/run_p0_lite_synthetic_ampmo.m,code/run_p0_lite_synthetic_ampmo.m,126
code/run_p0_lite_synthetic_ecmade_moo.m,code/run_p0_lite_synthetic_ecmade_moo.m,117
code/run_p0_lite_synthetic_ecmade_moo_ampmo.bat,code/run_p0_lite_synthetic_ecmade_moo_ampmo.bat,1321
code/run_p0_lite_synthetic_gde3.m,code/run_p0_lite_synthetic_gde3.m,99
code/run_p0_lite_synthetic_moead.m,code/run_p0_lite_synthetic_moead.m,103
code/run_p0_lite_synthetic_nsga2.m,code/run_p0_lite_synthetic_nsga2.m,106
code/run_p0_lite_synthetic_spea2.m,code/run_p0_lite_synthetic_spea2.m,102
code/run_p1_mokp_ampmo.m,code/run_p1_mokp_ampmo.m,115
code/run_p1_mokp_bayesian_config_full.m,code/run_p1_mokp_bayesian_config_full.m,175
code/run_p1_mokp_bayesian_search.m,code/run_p1_mokp_bayesian_search.m,10645
code/run_p1_mokp_bayesian_selected_theta.m,code/run_p1_mokp_bayesian_selected_theta.m,96
code/run_p1_mokp_ecmade_moo.m,code/run_p1_mokp_ecmade_moo.m,106
code/run_p1_mokp_experiment_c_global_theta_diagnostic.m,code/run_p1_mokp_experiment_c_global_theta_diagnostic.m,612
code/run_p1_mokp_experiment_c_no_replicate_full.m,code/run_p1_mokp_experiment_c_no_replicate_full.m,413
code/run_p1_mokp_experiment_c_stability_full.m,code/run_p1_mokp_experiment_c_stability_full.m,415
code/run_p1_mokp_gde3.m,code/run_p1_mokp_gde3.m,88
code/run_p1_mokp_meta_transfer.m,code/run_p1_mokp_meta_transfer.m,358
code/run_p1_mokp_meta_transfer_full.m,code/run_p1_mokp_meta_transfer_full.m,361
code/run_p1_mokp_moead.m,code/run_p1_mokp_moead.m,92
code/run_p1_mokp_nsga2.m,code/run_p1_mokp_nsga2.m,95
code/run_p1_mokp_random_config.m,code/run_p1_mokp_random_config.m,149
code/run_p1_mokp_random_config_full.m,code/run_p1_mokp_random_config_full.m,154
code/run_p1_mokp_spea2.m,code/run_p1_mokp_spea2.m,91
code/run_p1_rolling_market_ampmo.m,code/run_p1_rolling_market_ampmo.m,118
code/run_p1_rolling_market_configured_ecmade_moo.m,code/run_p1_rolling_market_configured_ecmade_moo.m,390
code/run_p1_rolling_market_ecmade_moo.m,code/run_p1_rolling_market_ecmade_moo.m,118
code/run_p1_rolling_market_gde3.m,code/run_p1_rolling_market_gde3.m,100
code/run_p1_rolling_market_moead.m,code/run_p1_rolling_market_moead.m,104
code/run_p1_rolling_market_nsga2.m,code/run_p1_rolling_market_nsga2.m,107
code/run_p1_rolling_market_spea2.m,code/run_p1_rolling_market_spea2.m,103
code/run_paper_matrix_nsga2_matlab.m,code/run_paper_matrix_nsga2_matlab.m,7440
code/run_paper_matrix_nsga2_pymoo_h.py,code/run_paper_matrix_nsga2_pymoo_h.py,11292
code/run_platemo_nsga2.m,code/run_platemo_nsga2.m,1673
code/run_platemo_nsga2_paper_mutation.m,code/run_platemo_nsga2_paper_mutation.m,1232
code/run_platemo_nsga2_paper_mutation_zdt_series.m,code/run_platemo_nsga2_paper_mutation_zdt_series.m,1548
code/run_platemo_v290_dtlz1_7.m,code/run_platemo_v290_dtlz1_7.m,2885
code/run_platemo_v290_uf1_5.m,code/run_platemo_v290_uf1_5.m,2950
code/run_platemo_v290_uf6_10.m,code/run_platemo_v290_uf6_10.m,2904
code/run_platemo_v290_zdt.m,code/run_platemo_v290_zdt.m,1915
code/run_platemo_v290_zdt_r2020b_fresh.m,code/run_platemo_v290_zdt_r2020b_fresh.m,3946
code/run_platemo_v43_dtlz1_7.m,code/run_platemo_v43_dtlz1_7.m,3082
code/run_platemo_v43_uf1_5.m,code/run_platemo_v43_uf1_5.m,4268
code/run_platemo_v43_uf6_10.m,code/run_platemo_v43_uf6_10.m,2934
code/run_platemo_v43_zdt.m,code/run_platemo_v43_zdt.m,2029
code/run_pymoo_nsga2.py,code/run_pymoo_nsga2.py,2137
code/run_random_configuration_ecmade_moo.m,code/run_random_configuration_ecmade_moo.m,18418
code/run_real_market_ecmade_configured_python.py,code/run_real_market_ecmade_configured_python.py,13550
code/run_seed_blocks_final_params_all22.m,code/run_seed_blocks_final_params_all22.m,6593
code/run_selector_level_ablation_final_test.m,code/run_selector_level_ablation_final_test.m,2986
code/run_smoke_ampmmo_v290.m,code/run_smoke_ampmmo_v290.m,1892
code/run_synthetic_method_force_rerun.ps1,code/run_synthetic_method_force_rerun.ps1,1086
code/run_tevc_pdf_direct_ablation.m,code/run_tevc_pdf_direct_ablation.m,8262
code/run_tevc_pdf_direct_ablation_full_job.m,code/run_tevc_pdf_direct_ablation_full_job.m,329
code/run_theta24_10instance_label_pilot.m,code/run_theta24_10instance_label_pilot.m,7523
code/run_theta24_10instance_label_pilot_full.bat,code/run_theta24_10instance_label_pilot_full.bat,495
code/run_theta24_192instance_label_full.bat,code/run_theta24_192instance_label_full.bat,495
code/run_theta24_192instance_label_full.m,code/run_theta24_192instance_label_full.m,9003
code/run_theta24_single_problem_test.m,code/run_theta24_single_problem_test.m,10053
code/run_tune_ampmmo_budget_refine_v290.m,code/run_tune_ampmmo_budget_refine_v290.m,2947
code/run_tune_ampmmo_budget_seed_v290.m,code/run_tune_ampmmo_budget_seed_v290.m,3425
code/run_tune_ampmmo_internal_variants_v290.m,code/run_tune_ampmmo_internal_variants_v290.m,4683
code/run_tune_ampmmo_modes_v290.m,code/run_tune_ampmmo_modes_v290.m,3250
code/run_uf_series_nsga2_paper_params.m,code/run_uf_series_nsga2_paper_params.m,2486
code/run_v290_all22_algorithm_diagnostics.m,code/run_v290_all22_algorithm_diagnostics.m,4404
code/run_v290_deb_bounded_diagnostic.m,code/run_v290_deb_bounded_diagnostic.m,4791
code/run_v290_diagnostic_8_metric.m,code/run_v290_diagnostic_8_metric.m,2953
code/run_v290_diagnostics_5_7.m,code/run_v290_diagnostics_5_7.m,4035
code/run_v290_maxit10000_diagnostic.m,code/run_v290_maxit10000_diagnostic.m,4294
code/run_v290_mcg_random_tie_all22.m,code/run_v290_mcg_random_tie_all22.m,4198
code/run_v290_pf10_native_metric.m,code/run_v290_pf10_native_metric.m,5764
code/run_v290_rng_tournament_interaction.m,code/run_v290_rng_tournament_interaction.m,3942
code/run_v290_sampling_point_diagnostic.m,code/run_v290_sampling_point_diagnostic.m,3595
code/run_v290_seed_sensitivity_all22.m,code/run_v290_seed_sensitivity_all22.m,8391
code/run_v290_sequential_rng_diagnostic.m,code/run_v290_sequential_rng_diagnostic.m,5023
code/run_v290_tournament_diagnostic.m,code/run_v290_tournament_diagnostic.m,4786
code/run_v43_uf1_5_exact_100_generations.m,code/run_v43_uf1_5_exact_100_generations.m,2460
code/run_v43_uf1_5_sequential_rng.m,code/run_v43_uf1_5_sequential_rng.m,2426
code/run_version_matrix_matlab_rerun.m,code/run_version_matrix_matlab_rerun.m,7660
code/run_version_matrix_pymoo_rerun.py,code/run_version_matrix_pymoo_rerun.py,4437
code/run_zdt1_abcd_test.m,code/run_zdt1_abcd_test.m,1453
code/run_zdt2_abcd_test.m,code/run_zdt2_abcd_test.m,1250
code/run_zdt2_budget_sweep.m,code/run_zdt2_budget_sweep.m,2128
code/run_zdt2_refine_budget_30runs.m,code/run_zdt2_refine_budget_30runs.m,1878
code/scheduled_synthetic_force_rerun.bat,code/scheduled_synthetic_force_rerun.bat,906
code/smoke_portfolio_baseline_compatibility.m,code/smoke_portfolio_baseline_compatibility.m,1673
code/summarize_experiment_b_configurations.py,code/summarize_experiment_b_configurations.py,12374
code/summarize_experiment_c_formal_five_method.py,code/summarize_experiment_c_formal_five_method.py,21342
code/summarize_experiment_c_replicate_audit_final_test.py,code/summarize_experiment_c_replicate_audit_final_test.py,8574
code/summarize_experiment_c_replicate_audit_results.py,code/summarize_experiment_c_replicate_audit_results.py,6611
code/summarize_experiment_c_stability_comparison.py,code/summarize_experiment_c_stability_comparison.py,10932
code/summarize_tevc_pdf_direct_ablation.py,code/summarize_tevc_pdf_direct_ablation.py,7136
code/SyntheticRunner.m,code/SyntheticRunner.m,12261
code/table2_dds_sweep.py,code/table2_dds_sweep.py,14032
code/test_v290_pf_sources_t1_t2_t3.m,code/test_v290_pf_sources_t1_t2_t3.m,6839
code/test_v290_pf_sources_t1_t8.m,code/test_v290_pf_sources_t1_t8.m,13316
code/tevc_data_annotation_comments.json,code/tevc_data_annotation_comments.json,23897
code/tevc_scripts/stability_score_sensitivity.py,code/tevc_scripts/stability_score_sensitivity.py,15688
code/tmp_background_probe.ps1,code/tmp_background_probe.ps1,144
code/tmp_child_powershell_matlab_test.ps1,code/tmp_child_powershell_matlab_test.ps1,118
code/tmp_matlab_python_test.py,code/tmp_matlab_python_test.py,321
code/TournamentSelectionDiagnostic_v290.m,code/TournamentSelectionDiagnostic_v290.m,3529
code/train_experiment_c_stability_selector.py,code/train_experiment_c_stability_selector.py,15322
code/train_meta_designed_ecmade_moo.py,code/train_meta_designed_ecmade_moo.py,14536
code/validate_cec2009_official_uf.m,code/validate_cec2009_official_uf.m,1566
code/validate_v43_native_igd.m,code/validate_v43_native_igd.m,2184
