split,instance,items,objectives,capacity_ratio,profit_mode,replicate,seed,method,runs,PF_Size,HV,IGD,PF_Overlap,PF_Drift,Diversity,Runtime,PF_Feasible_Rate,Population_Feasible_Rate,rank_HV,rank_IGD,rank_PF_Overlap,rank_PF_Drift,rank_Diversity,rank_Runtime,RankScore,OverallInstanceRank
test,mokp_m02_d100_c35_conflicting_r01_s20271919,100,2,0.35,conflicting,1,20271919,A_MPMO,30,99.9,0.900497265025751,0.09492205797774932,0.19222222222222224,0.04291101512465861,0.43177751068914366,1.2842988999999998,1.0,1.0,10.0,10.0,7.0,3.0,10.0,3.0,7.166666666666667,10.0
test,mokp_m02_d100_c35_conflicting_r01_s20271919,100,2,0.35,conflicting,1,20271919,ECMADE_MOO,30,96.66666666666667,0.9403677537613772,0.06817171724703154,0.25666666666666665,0.06037271624767211,0.647727358278397,1.695904716666667,1.0,1.0,7.0,4.0,5.0,9.0,6.0,7.0,6.333333333333333,5.0
test,mokp_m02_d100_c35_conflicting_r01_s20271919,100,2,0.35,conflicting,1,20271919,GDE3,30,5.833333333333333,0.3580668064906361,0.4657669678893773,0.0,0.04814767758791911,0.35809910701595454,1.1663465933333335,1.0,1.0,12.0,12.0,12.0,5.0,11.0,1.0,8.833333333333334,11.0
test,mokp_m02_d100_c35_conflicting_r01_s20271919,100,2,0.35,conflicting,1,20271919,MOEAD,30,72.83333333333333,0.874895731039524,0.11539170596766067,0.1683333333333333,0.04105091495937803,0.3233857625621628,9.60089279,1.0,1.0,11.0,11.0,8.0,1.0,12.0,12.0,9.166666666666666,12.0
test,mokp_m02_d100_c35_conflicting_r01_s20271919,100,2,0.35,conflicting,1,20271919,NSGAII,30,100.0,0.9204857371075728,0.08252738938167287,0.23972222222222223,0.04624611275636416,0.4845935431632905,1.2104075766666669,1.0,1.0,9.0,9.0,6.0,4.0,9.0,2.0,6.5,6.5
test,mokp_m02_d100_c35_conflicting_r01_s20271919,100,2,0.35,conflicting,1,20271919,SPEA2,30,100.0,0.9342149917225769,0.07380035364286716,0.3433333333333335,0.04158820693747298,0.5235870247785029,3.656543783333333,1.0,1.0,8.0,8.0,1.0,2.0,8.0,9.0,6.0,4.0
test,mokp_m02_d100_c35_conflicting_r01_s20271919,100,2,0.35,conflicting,1,20271919,RandomConfig_ECMADE_MOO,30,90.16666666666667,0.9552628147728698,0.05575003693388655,0.34222222222222226,0.054525993443869464,0.7498487069354977,1.4047345666666664,1.0,1.0,4.5,1.5,2.5,6.5,4.5,5.0,4.083333333333333,1.0
test,mokp_m02_d100_c35_conflicting_r01_s20271919,100,2,0.35,conflicting,1,20271919,MetaTransfer_ECMADE_MOO,30,90.16666666666667,0.9552628147728698,0.05575003693388655,0.34222222222222226,0.054525993443869464,0.7498487069354977,1.4094458166666664,1.0,1.0,4.5,1.5,2.5,6.5,4.5,6.0,4.25,2.0
test,mokp_m02_d100_c35_conflicting_r01_s20271919,100,2,0.35,conflicting,1,20271919,BayesianConfig_ECMADE_MOO,30,96.03333333333333,0.9428617515700991,0.06779984412537975,0.27444444444444444,0.05866048867713828,0.6409711562740051,1.3304247766666668,1.0,1.0,6.0,3.0,4.0,8.0,7.0,4.0,5.333333333333333,3.0
test,mokp_m02_d100_c35_conflicting_r01_s20271919,100,2,0.35,conflicting,1,20271919,ExperimentC_StabilityAware_ECMADE_MOO,30,95.2,0.9564020044489863,0.0725347056544733,0.03194444444444445,0.08008351089372306,1.04525031099029,2.3960729133333336,1.0,1.0,2.0,6.0,10.0,11.0,2.0,8.0,6.5,6.5
test,mokp_m02_d100_c35_conflicting_r01_s20271919,100,2,0.35,conflicting,1,20271919,ExperimentC_GlobalTheta034_ECMADE_MOO,30,95.2,0.9564020044489863,0.0725347056544733,0.03194444444444445,0.08008351089372306,1.04525031099029,4.18214786,1.0,1.0,2.0,6.0,10.0,11.0,2.0,10.0,6.833333333333333,8.0
test,mokp_m02_d100_c35_conflicting_r01_s20271919,100,2,0.35,conflicting,1,20271919,ExperimentC_GlobalTheta037_ECMADE_MOO,30,95.2,0.9564020044489863,0.0725347056544733,0.03194444444444445,0.08008351089372306,1.04525031099029,8.06805828,1.0,1.0,2.0,6.0,10.0,11.0,2.0,11.0,7.0,9.0
test,mokp_m02_d100_c35_independent_r01_s20271819,100,2,0.35,independent,1,20271819,A_MPMO,30,91.43333333333334,1.0226942807382804,0.07454181480142583,0.039837398373983736,0.032443518214729156,0.27718438169165915,1.5577746499999998,1.0,1.0,10.0,10.0,9.0,3.0,10.0,6.0,8.0,10.0
test,mokp_m02_d100_c35_independent_r01_s20271819,100,2,0.35,independent,1,20271819,ECMADE_MOO,30,93.36666666666666,1.0818052951243793,0.048551360278830745,0.18536585365853656,0.03577251336510935,0.38202318243973393,1.8736301766666663,1.0,1.0,5.0,3.0,2.0,5.0,7.0,7.0,4.833333333333333,3.0
test,mokp_m02_d100_c35_independent_r01_s20271819,100,2,0.35,independent,1,20271819,GDE3,30,3.4,0.23281901003236985,0.7275324322403769,0.0,0.06623571083391325,0.24345047481136586,1.3639097266666662,1.0,1.0,12.0,12.0,12.0,12.0,11.0,3.0,10.333333333333334,11.0
test,mokp_m02_d100_c35_independent_r01_s20271819,100,2,0.35,independent,1,20271819,MOEAD,30,67.2,0.9684735321933391,0.10081720727667347,0.012195121951219513,0.038786379379140375,0.17017587381594565,8.428080166666668,1.0,1.0,11.0,11.0,11.0,7.0,12.0,12.0,10.666666666666666,12.0
test,mokp_m02_d100_c35_independent_r01_s20271819,100,2,0.35,independent,1,20271819,NSGAII,30,97.3,1.0437458471226242,0.06163727503010408,0.07723577235772357,0.033209585695785165,0.2946680048329994,1.3458752000000003,1.0,1.0,9.0,9.0,5.0,4.0,9.0,2.0,6.333333333333333,6.0
test,mokp_m02_d100_c35_independent_r01_s20271819,100,2,0.35,independent,1,20271819,SPEA2,30,99.53333333333333,1.0572920858160493,0.057072833766952734,0.12926829268292686,0.0432708072131953,0.3111769283698514,4.199911023333333,1.0,1.0,8.0,5.0,3.0,8.0,8.0,10.0,7.0,9.0
test,mokp_m02_d100_c35_independent_r01_s20271819,100,2,0.35,independent,1,20271819,RandomConfig_ECMADE_MOO,30,40.96666666666667,1.0628538678144213,0.05673564244430843,0.026016260162601623,0.028809178168333914,0.4129179680475378,1.4737655766666669,1.0,1.0,7.0,4.0,10.0,1.0,5.0,4.0,5.166666666666667,4.0
test,mokp_m02_d100_c35_independent_r01_s20271819,100,2,0.35,independent,1,20271819,MetaTransfer_ECMADE_MOO,30,52.2,1.0905142203237643,0.04531009242899709,0.12276422764227644,0.031969527525202206,0.44529556814791343,1.4911870000000003,1.0,1.0,1.0,1.0,4.0,2.0,4.0,5.0,2.8333333333333335,1.0
test,mokp_m02_d100_c35_independent_r01_s20271819,100,2,0.35,independent,1,20271819,BayesianConfig_ECMADE_MOO,30,96.6,1.086887863530202,0.04617821865281722,0.21138211382113822,0.037018684186299125,0.3831998083478114,1.29252197,1.0,1.0,2.0,2.0,1.0,6.0,6.0,1.0,3.0,2.0
test,mokp_m02_d100_c35_independent_r01_s20271819,100,2,0.35,independent,1,20271819,ExperimentC_StabilityAware_ECMADE_MOO,30,93.86666666666666,1.082817244708949,0.05736767939638797,0.059349593495934966,0.04482878192769712,0.4815436034367552,2.1771607433333333,1.0,1.0,3.5,7.5,6.5,10.5,1.5,8.0,6.25,5.0
test,mokp_m02_d100_c35_independent_r01_s20271819,100,2,0.35,independent,1,20271819,ExperimentC_GlobalTheta034_ECMADE_MOO,30,95.36666666666666,1.0816598012135499,0.05711815151444436,0.052845528455284556,0.04379333557574605,0.47869228574509204,3.90002477,1.0,1.0,6.0,6.0,8.0,9.0,3.0,9.0,6.833333333333333,8.0
test,mokp_m02_d100_c35_independent_r01_s20271819,100,2,0.35,independent,1,20271819,ExperimentC_GlobalTheta037_ECMADE_MOO,30,93.86666666666666,1.082817244708949,0.05736767939638797,0.059349593495934966,0.04482878192769712,0.4815436034367552,7.6374453933333335,1.0,1.0,3.5,7.5,6.5,10.5,1.5,11.0,6.75,7.0
test,mokp_m02_d100_c50_conflicting_r01_s20272919,100,2,0.5,conflicting,1,20272919,A_MPMO,30,99.9,0.8794176520754501,0.10007249713821713,0.07848484848484846,0.04260728100024066,0.5306694564599282,1.3592633833333332,1.0,1.0,10.0,10.0,7.0,6.0,10.0,4.0,7.833333333333333,10.0
test,mokp_m02_d100_c50_conflicting_r01_s20272919,100,2,0.5,conflicting,1,20272919,ECMADE_MOO,30,100.0,0.943182270166839,0.06002955856868971,0.21484848484848487,0.03877576247415972,0.7340771209679143,1.68554081,1.0,1.0,1.5,2.5,2.5,4.5,5.5,7.0,3.9166666666666665,2.0
test,mokp_m02_d100_c50_conflicting_r01_s20272919,100,2,0.5,conflicting,1,20272919,GDE3,30,6.166666666666667,0.41971087927129924,0.3814784296598221,0.0,0.04756200491759548,0.3725995929563115,1.2148741566666665,1.0,1.0,12.0,12.0,12.0,9.0,12.0,2.0,9.833333333333334,12.0
test,mokp_m02_d100_c50_conflicting_r01_s20272919,100,2,0.5,conflicting,1,20272919,MOEAD,30,69.6,0.8297493102138518,0.13916618808705175,0.019393939393939394,0.03263976446359554,0.37864740081100795,2.71220412,1.0,1.0,11.0,11.0,10.0,2.0,11.0,9.0,9.0,11.0
test,mokp_m02_d100_c50_conflicting_r01_s20272919,100,2,0.5,conflicting,1,20272919,NSGAII,30,99.63333333333334,0.9014457774337807,0.08978296247399978,0.25999999999999995,0.03236484751883603,0.5430057549828261,1.1993330066666668,1.0,1.0,9.0,9.0,1.0,1.0,9.0,1.0,5.0,4.0
test,mokp_m02_d100_c50_conflicting_r01_s20272919,100,2,0.5,conflicting,1,20272919,SPEA2,30,99.43333333333334,0.9086786814872148,0.08523193775819461,0.18757575757575753,0.037274912179247874,0.5829408578283659,3.2869881433333332,1.0,1.0,8.0,8.0,4.0,3.0,8.0,10.0,6.833333333333333,6.0
test,mokp_m02_d100_c50_conflicting_r01_s20272919,100,2,0.5,conflicting,1,20272919,RandomConfig_ECMADE_MOO,30,97.03333333333333,0.9252026967950926,0.06986475127460236,0.16030303030303028,0.04528344732074521,0.6986243409542572,1.5077833566666665,1.0,1.0,4.0,4.0,5.0,8.0,7.0,5.0,5.5,5.0
test,mokp_m02_d100_c50_conflicting_r01_s20272919,100,2,0.5,conflicting,1,20272919,MetaTransfer_ECMADE_MOO,30,57.733333333333334,0.9337899054724229,0.05985849972914703,0.10272727272727272,0.045035606689834556,0.7840489915734405,1.6784206066666665,1.0,1.0,3.0,1.0,6.0,7.0,4.0,6.0,4.5,3.0
test,mokp_m02_d100_c50_conflicting_r01_s20272919,100,2,0.5,conflicting,1,20272919,BayesianConfig_ECMADE_MOO,30,100.0,0.943182270166839,0.06002955856868971,0.21484848484848487,0.03877576247415972,0.7340771209679143,1.3472925466666665,1.0,1.0,1.5,2.5,2.5,4.5,5.5,3.0,3.25,1.0
test,mokp_m02_d100_c50_conflicting_r01_s20272919,100,2,0.5,conflicting,1,20272919,ExperimentC_StabilityAware_ECMADE_MOO,30,95.26666666666667,0.9129996954191033,0.0762077505374553,0.016969696969696968,0.055444840124467494,0.9475631448840838,2.1439044999999997,1.0,1.0,5.0,5.0,11.0,10.0,3.0,8.0,7.0,7.0
test,mokp_m02_d100_c50_conflicting_r01_s20272919,100,2,0.5,conflicting,1,20272919,ExperimentC_GlobalTheta034_ECMADE_MOO,30,84.93333333333334,0.9118855868736386,0.08021011565330075,0.02818181818181818,0.06231136644911215,1.0466168458573366,4.001303783333333,1.0,1.0,6.5,6.5,8.5,11.5,1.5,11.0,7.583333333333333,8.0
test,mokp_m02_d100_c50_conflicting_r01_s20272919,100,2,0.5,conflicting,1,20272919,ExperimentC_GlobalTheta037_ECMADE_MOO,30,84.93333333333334,0.9118855868736386,0.08021011565330075,0.02818181818181818,0.06231136644911215,1.0466168458573366,7.674532099999999,1.0,1.0,6.5,6.5,8.5,11.5,1.5,12.0,7.75,9.0
test,mokp_m02_d100_c50_independent_r01_s20272819,100,2,0.5,independent,1,20272819,A_MPMO,30,96.7,0.9163034254871902,0.10112953958514555,0.051282051282051294,0.0533914090099685,0.38070534707045234,1.3477669166666673,1.0,1.0,10.0,10.0,6.0,11.0,10.0,5.0,8.666666666666666,10.0
test,mokp_m02_d100_c50_independent_r01_s20272819,100,2,0.5,independent,1,20272819,ECMADE_MOO,30,96.56666666666666,0.985953599544144,0.0648611081556197,0.15128205128205124,0.032314697263742795,0.4940631717114059,1.6519735699999998,1.0,1.0,6.0,3.0,2.0,2.0,6.0,7.0,4.333333333333333,3.0
test,mokp_m02_d100_c50_independent_r01_s20272819,100,2,0.5,independent,1,20272819,GDE3,30,3.1666666666666665,0.25911686852810856,0.6024944048439737,0.0,0.07970112261152806,0.26927244825527,1.2683146666666667,1.0,1.0,12.0,12.0,12.0,12.0,11.0,2.0,10.166666666666666,12.0
test,mokp_m02_d100_c50_independent_r01_s20272819,100,2,0.5,independent,1,20272819,MOEAD,30,66.3,0.8800840120331649,0.13089255137940844,0.010897435897435897,0.040365552704564114,0.2575161216349901,7.217400473333333,1.0,1.0,11.0,11.0,11.0,4.0,12.0,11.0,10.0,11.0
test,mokp_m02_d100_c50_independent_r01_s20272819,100,2,0.5,independent,1,20272819,NSGAII,30,99.26666666666667,0.9518400220719578,0.08463484295904987,0.10705128205128206,0.038253001512120376,0.39896083311772135,1.2103761800000001,1.0,1.0,9.0,9.0,5.0,3.0,9.0,1.0,6.0,5.0
test,mokp_m02_d100_c50_independent_r01_s20272819,100,2,0.5,independent,1,20272819,SPEA2,30,100.0,0.9649393707689874,0.07738274261008422,0.10833333333333334,0.043394349822536996,0.44293940232270096,3.6810322399999995,1.0,1.0,8.0,8.0,4.0,6.0,8.0,9.0,7.166666666666667,9.0
test,mokp_m02_d100_c50_independent_r01_s20272819,100,2,0.5,independent,1,20272819,RandomConfig_ECMADE_MOO,30,45.7,0.9895681379445878,0.06222921548886444,0.11025641025641028,0.041647510858533084,0.5806700682342013,1.3070898600000003,1.0,1.0,4.0,1.0,3.0,5.0,5.0,4.0,3.6666666666666665,2.0
test,mokp_m02_d100_c50_independent_r01_s20272819,100,2,0.5,independent,1,20272819,MetaTransfer_ECMADE_MOO,30,33.733333333333334,0.9662722977620392,0.06940074481336081,0.030128205128205136,0.04544940346530499,0.5898295648457925,1.4690585066666666,1.0,1.0,7.0,7.0,7.0,7.0,4.0,6.0,6.333333333333333,6.5
test,mokp_m02_d100_c50_independent_r01_s20272819,100,2,0.5,independent,1,20272819,BayesianConfig_ECMADE_MOO,30,96.6,0.9872984206793307,0.06473092525887013,0.15897435897435896,0.031417888002034905,0.491428135706372,1.28960289,1.0,1.0,5.0,2.0,1.0,1.0,7.0,3.0,3.1666666666666665,1.0
test,mokp_m02_d100_c50_independent_r01_s20272819,100,2,0.5,independent,1,20272819,ExperimentC_StabilityAware_ECMADE_MOO,30,88.96666666666667,0.9945949405271439,0.06669588782447966,0.030128205128205132,0.051307595415202474,0.7196490976645642,2.24404589,1.0,1.0,1.5,4.5,9.0,8.5,2.5,8.0,5.666666666666667,4.0
test,mokp_m02_d100_c50_independent_r01_s20272819,100,2,0.5,independent,1,20272819,ExperimentC_GlobalTheta034_ECMADE_MOO,30,88.96666666666667,0.9934762432532281,0.0675637275162423,0.030128205128205132,0.05135487772533752,0.7230187480144478,3.9714725666666673,1.0,1.0,3.0,6.0,9.0,10.0,1.0,10.0,6.5,8.0
test,mokp_m02_d100_c50_independent_r01_s20272819,100,2,0.5,independent,1,20272819,ExperimentC_GlobalTheta037_ECMADE_MOO,30,88.96666666666667,0.9945949405271439,0.06669588782447966,0.030128205128205132,0.051307595415202474,0.7196490976645642,7.678040996666667,1.0,1.0,1.5,4.5,9.0,8.5,2.5,12.0,6.333333333333333,6.5
test,mokp_m02_d100_c65_conflicting_r01_s20273919,100,2,0.65,conflicting,1,20273919,A_MPMO,30,99.86666666666666,0.8335881066072071,0.09259058665267396,0.19875621890547268,0.062463828573270486,0.6213040881065972,1.3057787166666666,1.0,1.0,10.0,10.0,5.0,9.0,9.0,3.0,7.666666666666667,10.0
test,mokp_m02_d100_c65_conflicting_r01_s20273919,100,2,0.65,conflicting,1,20273919,ECMADE_MOO,30,99.93333333333334,0.8841631671476118,0.062178420405064945,0.41890547263681605,0.04829733329137263,0.7377109864698547,1.7033026166666665,1.0,1.0,2.0,2.0,1.5,4.0,7.0,7.0,3.9166666666666665,2.0
test,mokp_m02_d100_c65_conflicting_r01_s20273919,100,2,0.65,conflicting,1,20273919,GDE3,30,5.366666666666666,0.3664168924780739,0.40412242840264123,0.0,0.06627084908409106,0.4449473036788817,1.1677855233333334,1.0,1.0,12.0,12.0,12.0,10.0,12.0,1.0,9.833333333333334,12.0
test,mokp_m02_d100_c65_conflicting_r01_s20273919,100,2,0.65,conflicting,1,20273919,MOEAD,30,69.43333333333334,0.7917830734828883,0.12335688102979811,0.06641791044776119,0.048101638967085365,0.46619927486195833,2.6611831533333334,1.0,1.0,11.0,11.0,6.0,3.0,11.0,9.0,8.5,11.0
test,mokp_m02_d100_c65_conflicting_r01_s20273919,100,2,0.65,conflicting,1,20273919,NSGAII,30,99.9,0.8562025788077033,0.08142450317942208,0.395771144278607,0.03887043250136064,0.5997034644020726,1.205370573333333,1.0,1.0,6.0,9.0,3.0,1.0,10.0,2.0,5.166666666666667,4.0
test,mokp_m02_d100_c65_conflicting_r01_s20273919,100,2,0.65,conflicting,1,20273919,SPEA2,30,100.0,0.8683268059972452,0.07375955526786314,0.35920398009950233,0.03994947438669629,0.6455275104908537,3.3967770499999994,1.0,1.0,3.0,3.0,4.0,2.0,8.0,10.0,5.0,3.0
test,mokp_m02_d100_c65_conflicting_r01_s20273919,100,2,0.65,conflicting,1,20273919,RandomConfig_ECMADE_MOO,30,98.1,0.854881910354943,0.07965384312418299,0.021890547263681594,0.05556863426021459,0.9010364704644196,1.53858536,1.0,1.0,7.5,4.5,10.5,6.5,3.5,6.0,6.416666666666667,5.0
test,mokp_m02_d100_c65_conflicting_r01_s20273919,100,2,0.65,conflicting,1,20273919,MetaTransfer_ECMADE_MOO,30,40.7,0.8389979136747056,0.08026333939305816,0.062437810945273634,0.06070675047989881,0.8028640800949943,1.3696480199999999,1.0,1.0,9.0,6.0,7.0,8.0,5.0,5.0,6.666666666666667,6.0
test,mokp_m02_d100_c65_conflicting_r01_s20273919,100,2,0.65,conflicting,1,20273919,BayesianConfig_ECMADE_MOO,30,99.93333333333334,0.8843779923597023,0.062097990760460325,0.41890547263681605,0.05061765611406313,0.7385783561443908,1.3299954533333331,1.0,1.0,1.0,1.0,1.5,5.0,6.0,4.0,3.0833333333333335,1.0
test,mokp_m02_d100_c65_conflicting_r01_s20273919,100,2,0.65,conflicting,1,20273919,ExperimentC_StabilityAware_ECMADE_MOO,30,98.1,0.854881910354943,0.07965384312418299,0.021890547263681594,0.05556863426021459,0.9010364704644196,2.127057106666667,1.0,1.0,7.5,4.5,10.5,6.5,3.5,8.0,6.75,7.0
test,mokp_m02_d100_c65_conflicting_r01_s20273919,100,2,0.65,conflicting,1,20273919,ExperimentC_GlobalTheta034_ECMADE_MOO,30,90.66666666666667,0.8656845479979121,0.08109337823654329,0.02412935323383085,0.07154910230962168,0.9933402984543448,3.559894166666667,1.0,1.0,4.5,7.5,8.5,11.5,1.5,11.0,7.416666666666667,8.0
test,mokp_m02_d100_c65_conflicting_r01_s20273919,100,2,0.65,conflicting,1,20273919,ExperimentC_GlobalTheta037_ECMADE_MOO,30,90.66666666666667,0.8656845479979121,0.08109337823654329,0.02412935323383085,0.07154910230962168,0.9933402984543448,7.3679272566666665,1.0,1.0,4.5,7.5,8.5,11.5,1.5,12.0,7.583333333333333,9.0
test,mokp_m02_d100_c65_independent_r01_s20273819,100,2,0.65,independent,1,20273819,A_MPMO,30,98.6,0.8642450145114905,0.10385894988522335,0.01604938271604938,0.052059727082789005,0.3738836032770012,1.20102712,1.0,1.0,10.0,10.0,10.0,10.0,10.0,2.0,8.666666666666666,10.0
test,mokp_m02_d100_c65_independent_r01_s20273819,100,2,0.65,independent,1,20273819,ECMADE_MOO,30,98.23333333333333,0.9376035913946759,0.06358237859933508,0.11049382716049383,0.03674672745362926,0.5313818341804146,1.7820246533333333,1.0,1.0,6.5,3.5,2.5,1.5,6.5,8.0,4.75,4.0
test,mokp_m02_d100_c65_independent_r01_s20273819,100,2,0.65,independent,1,20273819,GDE3,30,3.2,0.2452312242654014,0.5965963323117778,0.0,0.09791355087693092,0.2563588832999121,1.23135206,1.0,1.0,12.0,12.0,12.0,12.0,12.0,3.0,10.5,12.0
test,mokp_m02_d100_c65_independent_r01_s20273819,100,2,0.65,independent,1,20273819,MOEAD,30,63.86666666666667,0.8121288692400054,0.1314405829359206,0.0024691358024691358,0.04849386038845802,0.29680691409579957,2.653513563333333,1.0,1.0,11.0,11.0,11.0,6.0,11.0,9.0,9.833333333333334,11.0
test,mokp_m02_d100_c65_independent_r01_s20273819,100,2,0.65,independent,1,20273819,NSGAII,30,98.96666666666667,0.9101009776635982,0.07695083122837904,0.0419753086419753,0.038051538558453925,0.4517171185855782,1.2001978733333336,1.0,1.0,9.0,9.0,6.0,4.0,9.0,1.0,6.333333333333333,6.0
test,mokp_m02_d100_c65_independent_r01_s20273819,100,2,0.65,independent,1,20273819,SPEA2,30,99.53333333333333,0.9242652003444791,0.0700720120912053,0.0685185185185185,0.056733063543683765,0.5022080013967476,3.4896829266666667,1.0,1.0,8.0,5.0,4.0,11.0,8.0,11.0,7.833333333333333,9.0
test,mokp_m02_d100_c65_independent_r01_s20273819,100,2,0.65,independent,1,20273819,RandomConfig_ECMADE_MOO,30,98.23333333333333,0.9376035913946759,0.06358237859933508,0.11049382716049383,0.03674672745362926,0.5313818341804146,1.7217960700000003,1.0,1.0,6.5,3.5,2.5,1.5,6.5,6.0,4.416666666666667,3.0
test,mokp_m02_d100_c65_independent_r01_s20273819,100,2,0.65,independent,1,20273819,MetaTransfer_ECMADE_MOO,30,48.5,0.962512050183637,0.055534684668688016,0.05555555555555556,0.04431932462277641,0.6803244162277652,1.5086156866666667,1.0,1.0,1.0,1.0,5.0,5.0,4.0,5.0,3.5,2.0
test,mokp_m02_d100_c65_independent_r01_s20273819,100,2,0.65,independent,1,20273819,BayesianConfig_ECMADE_MOO,30,98.8,0.9392570976049286,0.0629118516354665,0.1117283950617284,0.03789533317534472,0.5330423160158709,1.263134646666667,1.0,1.0,5.0,2.0,1.0,3.0,5.0,4.0,3.3333333333333335,1.0
test,mokp_m02_d100_c65_independent_r01_s20273819,100,2,0.65,independent,1,20273819,ExperimentC_StabilityAware_ECMADE_MOO,30,89.8,0.9433007942001154,0.07286246835691536,0.03641975308641975,0.04934645597625987,0.7019428423106516,1.7376344966666666,1.0,1.0,2.5,6.5,7.5,8.5,1.5,7.0,5.583333333333333,5.0
test,mokp_m02_d100_c65_independent_r01_s20273819,100,2,0.65,independent,1,20273819,ExperimentC_GlobalTheta034_ECMADE_MOO,30,89.8,0.9419238342482259,0.0738295358097124,0.03518518518518519,0.04917267056153239,0.6985047767453264,3.45106548,1.0,1.0,4.0,8.0,9.0,7.0,3.0,10.0,6.833333333333333,8.0
test,mokp_m02_d100_c65_independent_r01_s20273819,100,2,0.65,independent,1,20273819,ExperimentC_GlobalTheta037_ECMADE_MOO,30,89.8,0.9433007942001154,0.07286246835691536,0.03641975308641975,0.04934645597625987,0.7019428423106516,7.316985319999999,1.0,1.0,2.5,6.5,7.5,8.5,1.5,12.0,6.416666666666667,7.0
test,mokp_m02_d250_c35_conflicting_r01_s20281919,250,2,0.35,conflicting,1,20281919,A_MPMO,30,92.13333333333334,0.8490540179220467,0.12589271471012323,0.024333333333333335,0.04870276403928518,0.43112595983877905,1.544523663333333,1.0,1.0,6.0,6.0,5.0,7.0,10.0,1.0,5.833333333333333,5.0
test,mokp_m02_d250_c35_conflicting_r01_s20281919,250,2,0.35,conflicting,1,20281919,ECMADE_MOO,30,60.3,0.9279287852392051,0.09570434851950638,0.03766666666666666,0.07123957291966752,0.741082250735356,1.89038703,1.0,1.0,1.5,1.5,2.5,11.5,6.5,7.0,5.083333333333333,3.0
test,mokp_m02_d250_c35_conflicting_r01_s20281919,250,2,0.35,conflicting,1,20281919,GDE3,30,5.633333333333334,0.261001807710861,0.5711829059612926,0.0,0.03826324504667781,0.3170476613436576,1.6083672666666664,1.0,1.0,12.0,12.0,12.0,1.0,11.0,2.0,8.333333333333334,11.5
test,mokp_m02_d250_c35_conflicting_r01_s20281919,250,2,0.35,conflicting,1,20281919,MOEAD,30,65.23333333333333,0.8022983949480763,0.15900491462885036,0.009333333333333334,0.03975717782835499,0.26483758039752225,3.9985363733333332,1.0,1.0,11.0,9.0,6.0,2.0,12.0,10.0,8.333333333333334,11.5
test,mokp_m02_d250_c35_conflicting_r01_s20281919,250,2,0.35,conflicting,1,20281919,NSGAII,30,91.03333333333333,0.8910783007175047,0.10800743984213032,0.08833333333333333,0.04018535188178955,0.4484368179800855,1.6664179200000004,1.0,1.0,3.0,3.0,1.0,3.0,9.0,4.0,3.8333333333333335,1.0
test,mokp_m02_d250_c35_conflicting_r01_s20281919,250,2,0.35,conflicting,1,20281919,SPEA2,30,94.36666666666666,0.8729173944874803,0.1142393238463,0.036333333333333336,0.04395805501250203,0.4567770202661281,3.209604609999999,1.0,1.0,4.0,5.0,4.0,4.0,8.0,9.0,5.666666666666667,4.0
test,mokp_m02_d250_c35_conflicting_r01_s20281919,250,2,0.35,conflicting,1,20281919,RandomConfig_ECMADE_MOO,30,40.9,0.8318435562260901,0.14411538416948597,0.001,0.06252354703909717,0.8327118763485113,1.77146797,1.0,1.0,10.0,8.0,9.5,10.0,4.0,6.0,7.916666666666667,10.0
test,mokp_m02_d250_c35_conflicting_r01_s20281919,250,2,0.35,conflicting,1,20281919,MetaTransfer_ECMADE_MOO,30,37.733333333333334,0.8723282073291565,0.11022674688426726,0.0006666666666666666,0.06107868716913323,0.7836965375373777,1.7306034699999997,1.0,1.0,5.0,4.0,11.0,9.0,5.0,5.0,6.5,6.0
test,mokp_m02_d250_c35_conflicting_r01_s20281919,250,2,0.35,conflicting,1,20281919,BayesianConfig_ECMADE_MOO,30,60.3,0.9279287852392051,0.09570434851950638,0.03766666666666666,0.07123957291966752,0.741082250735356,1.6135623166666668,1.0,1.0,1.5,1.5,2.5,11.5,6.5,3.0,4.416666666666667,2.0
test,mokp_m02_d250_c35_conflicting_r01_s20281919,250,2,0.35,conflicting,1,20281919,ExperimentC_StabilityAware_ECMADE_MOO,30,41.43333333333333,0.8334973730431375,0.1431616511680537,0.001,0.06023350686631923,0.83576192869704,2.780638706666667,1.0,1.0,7.0,7.0,9.5,8.0,3.0,8.0,7.083333333333333,7.0
test,mokp_m02_d250_c35_conflicting_r01_s20281919,250,2,0.35,conflicting,1,20281919,ExperimentC_GlobalTheta034_ECMADE_MOO,30,44.833333333333336,0.832375591650786,0.16937545100464452,0.007333333333333333,0.04779780629031037,1.1323464210272787,4.538319823333334,1.0,1.0,8.5,10.5,7.5,5.5,1.5,11.0,7.416666666666667,8.0
test,mokp_m02_d250_c35_conflicting_r01_s20281919,250,2,0.35,conflicting,1,20281919,ExperimentC_GlobalTheta037_ECMADE_MOO,30,44.833333333333336,0.832375591650786,0.16937545100464452,0.007333333333333333,0.04779780629031037,1.1323464210272787,8.623343870000003,1.0,1.0,8.5,10.5,7.5,5.5,1.5,12.0,7.583333333333333,9.0
test,mokp_m02_d250_c35_independent_r01_s20281819,250,2,0.35,independent,1,20281819,A_MPMO,30,84.83333333333333,0.999619240369696,0.08434805043408163,0.010852713178294575,0.043812564359637846,0.1970575829312101,1.7029774733333336,1.0,1.0,7.0,5.0,5.0,8.0,9.0,5.0,6.5,5.0
test,mokp_m02_d250_c35_independent_r01_s20281819,250,2,0.35,independent,1,20281819,ECMADE_MOO,30,33.4,1.0735322655639945,0.05896265283715436,0.08372093023255815,0.03980056935673506,0.299133152927002,1.8409320566666667,1.0,1.0,1.5,2.5,2.5,3.5,6.5,7.0,3.9166666666666665,3.0
test,mokp_m02_d250_c35_independent_r01_s20281819,250,2,0.35,independent,1,20281819,GDE3,30,2.7333333333333334,0.10902770455850094,0.9633796645398297,0.0,0.05799912867486514,0.1421472399874996,1.67359144,1.0,1.0,12.0,12.0,10.5,12.0,11.0,4.0,10.25,12.0
test,mokp_m02_d250_c35_independent_r01_s20281819,250,2,0.35,independent,1,20281819,MOEAD,30,61.2,0.9715548183131816,0.09696000687273765,0.006976744186046512,0.032188838206750066,0.11385478354277748,4.254134603333333,1.0,1.0,9.0,6.0,6.0,1.0,12.0,11.0,7.5,9.0
test,mokp_m02_d250_c35_independent_r01_s20281819,250,2,0.35,independent,1,20281819,NSGAII,30,84.63333333333334,1.0515721295720644,0.05773051995920991,0.1178294573643411,0.03467908724454642,0.1785197609265138,1.6405821666666667,1.0,1.0,3.0,1.0,1.0,2.0,10.0,2.0,3.1666666666666665,2.0
test,mokp_m02_d250_c35_independent_r01_s20281819,250,2,0.35,independent,1,20281819,SPEA2,30,88.7,1.0396738573046178,0.06460979016204405,0.07519379844961241,0.04253850706163056,0.21361186958788997,3.24640997,1.0,1.0,4.0,4.0,4.0,7.0,8.0,9.0,6.0,4.0
test,mokp_m02_d250_c35_independent_r01_s20281819,250,2,0.35,independent,1,20281819,RandomConfig_ECMADE_MOO,30,10.733333333333333,0.9185814838648955,0.15250792822365955,0.0,0.04102777600667708,0.34279678130952135,1.6503130400000003,1.0,1.0,11.0,11.0,10.5,6.0,3.0,3.0,7.416666666666667,8.0
test,mokp_m02_d250_c35_independent_r01_s20281819,250,2,0.35,independent,1,20281819,MetaTransfer_ECMADE_MOO,30,12.733333333333333,0.9847558188621744,0.11163296435179336,0.0,0.04095333197355661,0.3357063398509715,1.7284359100000002,1.0,1.0,8.0,7.0,10.5,5.0,4.0,6.0,6.75,6.0
test,mokp_m02_d250_c35_independent_r01_s20281819,250,2,0.35,independent,1,20281819,BayesianConfig_ECMADE_MOO,30,33.4,1.0735322655639945,0.05896265283715436,0.08372093023255815,0.03980056935673506,0.299133152927002,1.533925666666667,1.0,1.0,1.5,2.5,2.5,3.5,6.5,1.0,2.9166666666666665,1.0
test,mokp_m02_d250_c35_independent_r01_s20281819,250,2,0.35,independent,1,20281819,ExperimentC_StabilityAware_ECMADE_MOO,30,18.533333333333335,0.9598272198771857,0.12658714133576707,0.0,0.049818242020412,0.31556749531354866,2.7899077799999996,1.0,1.0,10.0,10.0,10.5,9.0,5.0,8.0,8.75,11.0
test,mokp_m02_d250_c35_independent_r01_s20281819,250,2,0.35,independent,1,20281819,ExperimentC_GlobalTheta034_ECMADE_MOO,30,25.033333333333335,1.0357003204681512,0.11752975618197216,0.003875968992248062,0.051791915644657203,0.4715156955592163,4.17870487,1.0,1.0,5.5,8.5,7.5,10.5,1.5,10.0,7.25,7.0
test,mokp_m02_d250_c35_independent_r01_s20281819,250,2,0.35,independent,1,20281819,ExperimentC_GlobalTheta037_ECMADE_MOO,30,25.033333333333335,1.0357003204681512,0.11752975618197216,0.003875968992248062,0.051791915644657203,0.4715156955592163,8.216731806666665,1.0,1.0,5.5,8.5,7.5,10.5,1.5,12.0,7.583333333333333,10.0
test,mokp_m02_d250_c50_conflicting_r01_s20282919,250,2,0.5,conflicting,1,20282919,A_MPMO,30,93.5,0.8946984110954931,0.08679574236573297,0.015018315018315019,0.05140076358357648,0.36383335880251455,1.6312630933333334,1.0,1.0,7.0,5.0,5.0,8.0,9.0,4.0,6.333333333333333,5.0
test,mokp_m02_d250_c50_conflicting_r01_s20282919,250,2,0.5,conflicting,1,20282919,ECMADE_MOO,30,88.73333333333333,1.0114286905741907,0.038678871101915896,0.3186813186813186,0.038964727693851474,0.5324602447138422,1.9072265600000002,1.0,1.0,1.5,1.5,1.5,4.5,6.5,7.0,3.75,2.0
test,mokp_m02_d250_c50_conflicting_r01_s20282919,250,2,0.5,conflicting,1,20282919,GDE3,30,5.0,0.33203295894130347,0.5222460967211594,0.0,0.03705606590897699,0.24861757879045,1.4308174133333333,1.0,1.0,12.0,12.0,10.5,2.0,11.0,1.0,8.083333333333334,10.0
test,mokp_m02_d250_c50_conflicting_r01_s20282919,250,2,0.5,conflicting,1,20282919,MOEAD,30,65.76666666666667,0.8595516709217755,0.10515528084365518,0.005128205128205128,0.03845709429033209,0.22131794345239048,3.4593978333333335,1.0,1.0,9.0,8.0,6.0,3.0,12.0,10.0,8.0,9.0
test,mokp_m02_d250_c50_conflicting_r01_s20282919,250,2,0.5,conflicting,1,20282919,NSGAII,30,96.36666666666666,0.9287654079436511,0.06821723362568126,0.11758241758241758,0.03398799469104326,0.3502498184616852,1.552437573333333,1.0,1.0,4.0,4.0,3.0,1.0,10.0,3.0,4.166666666666667,3.0
test,mokp_m02_d250_c50_conflicting_r01_s20282919,250,2,0.5,conflicting,1,20282919,SPEA2,30,97.2,0.9343777545984094,0.06550974936458367,0.08351648351648351,0.04068767202044736,0.41383060725355947,3.1487905799999996,1.0,1.0,3.0,3.0,4.0,6.0,8.0,9.0,5.5,4.0
test,mokp_m02_d250_c50_conflicting_r01_s20282919,250,2,0.5,conflicting,1,20282919,RandomConfig_ECMADE_MOO,30,35.5,0.9258588834136291,0.08906740194199975,0.0018315018315018315,0.05218070765109509,0.6001111463036598,1.7591511800000001,1.0,1.0,5.5,6.5,7.5,9.5,4.5,6.0,6.583333333333333,6.0
test,mokp_m02_d250_c50_conflicting_r01_s20282919,250,2,0.5,conflicting,1,20282919,MetaTransfer_ECMADE_MOO,30,24.9,0.8896405084714254,0.11025008442596256,0.0,0.050617479676781665,0.6315059351023244,1.68311206,1.0,1.0,8.0,9.0,10.5,7.0,3.0,5.0,7.083333333333333,8.0
test,mokp_m02_d250_c50_conflicting_r01_s20282919,250,2,0.5,conflicting,1,20282919,BayesianConfig_ECMADE_MOO,30,88.73333333333333,1.0114286905741907,0.038678871101915896,0.3186813186813186,0.038964727693851474,0.5324602447138422,1.5243963666666667,1.0,1.0,1.5,1.5,1.5,4.5,6.5,2.0,2.9166666666666665,1.0
test,mokp_m02_d250_c50_conflicting_r01_s20282919,250,2,0.5,conflicting,1,20282919,ExperimentC_StabilityAware_ECMADE_MOO,30,35.5,0.9258588834136291,0.08906740194199975,0.0018315018315018315,0.05218070765109509,0.6001111463036598,2.720585196666667,1.0,1.0,5.5,6.5,7.5,9.5,4.5,8.0,6.916666666666667,7.0
test,mokp_m02_d250_c50_conflicting_r01_s20282919,250,2,0.5,conflicting,1,20282919,ExperimentC_GlobalTheta034_ECMADE_MOO,30,35.666666666666664,0.809663086458888,0.22966007741246536,0.0,0.06168747215701878,1.013069261526932,4.160691629999999,1.0,1.0,10.5,10.5,10.5,11.5,1.5,11.0,9.25,11.0
test,mokp_m02_d250_c50_conflicting_r01_s20282919,250,2,0.5,conflicting,1,20282919,ExperimentC_GlobalTheta037_ECMADE_MOO,30,35.666666666666664,0.809663086458888,0.22966007741246536,0.0,0.06168747215701878,1.013069261526932,8.286627766666667,1.0,1.0,10.5,10.5,10.5,11.5,1.5,12.0,9.416666666666666,12.0
test,mokp_m02_d250_c50_independent_r01_s20282819,250,2,0.5,independent,1,20282819,A_MPMO,30,75.26666666666667,0.9767045003654506,0.08567905358284421,0.008730158730158729,0.0371330607892747,0.16931205605180324,1.6157133133333332,1.0,1.0,7.0,6.0,5.5,8.0,11.0,6.0,7.25,7.0
test,mokp_m02_d250_c50_independent_r01_s20282819,250,2,0.5,independent,1,20282819,ECMADE_MOO,30,65.33333333333333,1.0948367146250642,0.03899141094898557,0.2849206349206349,0.03341290746626214,0.2804927778570781,1.8616976299999999,1.0,1.0,2.0,1.0,1.5,4.0,6.0,7.0,3.5833333333333335,2.0
test,mokp_m02_d250_c50_independent_r01_s20282819,250,2,0.5,independent,1,20282819,GDE3,30,3.1333333333333333,0.13515751518293054,0.913887908014402,0.0,0.06210162846828197,0.17957140884911288,1.5784886133333333,1.0,1.0,12.0,12.0,10.5,12.0,9.0,4.0,9.916666666666666,12.0
test,mokp_m02_d250_c50_independent_r01_s20282819,250,2,0.5,independent,1,20282819,MOEAD,30,66.76666666666667,0.96945107842669,0.08503948144251659,0.008730158730158729,0.031152492489408823,0.11185201028563106,3.4182270000000003,1.0,1.0,9.0,5.0,5.5,2.0,12.0,10.0,7.25,7.0
test,mokp_m02_d250_c50_independent_r01_s20282819,250,2,0.5,independent,1,20282819,NSGAII,30,87.4,1.0137429491226242,0.06586241128962618,0.026190476190476188,0.028379823314902262,0.17043008121007688,1.5560727166666668,1.0,1.0,6.0,4.0,4.0,1.0,10.0,2.0,4.5,3.0
test,mokp_m02_d250_c50_independent_r01_s20282819,250,2,0.5,independent,1,20282819,SPEA2,30,87.56666666666666,1.0273045168046548,0.06111967942429365,0.04841269841269842,0.03213994692974849,0.20505528642225118,3.0031912800000002,1.0,1.0,3.0,3.0,3.0,3.0,8.0,9.0,4.833333333333333,4.0
test,mokp_m02_d250_c50_independent_r01_s20282819,250,2,0.5,independent,1,20282819,RandomConfig_ECMADE_MOO,30,11.866666666666667,0.9556874104951615,0.13052341914824464,0.0,0.03567553885356642,0.34725767347796077,1.573907263333333,1.0,1.0,10.0,10.0,10.5,7.0,5.0,3.0,7.583333333333333,9.0
test,mokp_m02_d250_c50_independent_r01_s20282819,250,2,0.5,independent,1,20282819,MetaTransfer_ECMADE_MOO,30,11.766666666666667,0.9542432562204469,0.1321074091208976,0.0,0.03524700259453557,0.34777716004439957,1.608600676666667,1.0,1.0,11.0,11.0,10.5,6.0,4.0,5.0,7.916666666666667,10.5
test,mokp_m02_d250_c50_independent_r01_s20282819,250,2,0.5,independent,1,20282819,BayesianConfig_ECMADE_MOO,30,65.33333333333333,1.094978838838467,0.03899485313422928,0.2849206349206349,0.03351891940451997,0.28019673142784657,1.4908864900000005,1.0,1.0,1.0,2.0,1.5,5.0,7.0,1.0,2.9166666666666665,1.0
test,mokp_m02_d250_c50_independent_r01_s20282819,250,2,0.5,independent,1,20282819,ExperimentC_StabilityAware_ECMADE_MOO,30,17.233333333333334,0.975498011021012,0.1170062243354501,0.0,0.045701736480851185,0.3516984563390658,2.6615696166666667,1.0,1.0,8.0,9.0,10.5,9.0,3.0,8.0,7.916666666666667,10.5
test,mokp_m02_d250_c50_independent_r01_s20282819,250,2,0.5,independent,1,20282819,ExperimentC_GlobalTheta034_ECMADE_MOO,30,19.466666666666665,1.0150324693888455,0.1158117372599928,0.0007936507936507937,0.04851039711335086,0.4610130560968829,3.8712018400000003,1.0,1.0,4.5,7.5,7.5,10.5,1.5,11.0,7.083333333333333,5.0
test,mokp_m02_d250_c50_independent_r01_s20282819,250,2,0.5,independent,1,20282819,ExperimentC_GlobalTheta037_ECMADE_MOO,30,19.466666666666665,1.0150324693888455,0.1158117372599928,0.0007936507936507937,0.04851039711335086,0.4610130560968829,7.751021163333335,1.0,1.0,4.5,7.5,7.5,10.5,1.5,12.0,7.25,7.0
test,mokp_m02_d250_c65_conflicting_r01_s20283919,250,2,0.65,conflicting,1,20283919,A_MPMO,30,91.1,0.8455539023414449,0.10357030198894497,0.0030651340996168583,0.0439856215507853,0.4573761636950466,1.47224974,1.0,1.0,7.0,6.0,5.0,4.0,10.0,2.0,5.666666666666667,5.0
test,mokp_m02_d250_c65_conflicting_r01_s20283919,250,2,0.65,conflicting,1,20283919,ECMADE_MOO,30,88.03333333333333,0.9809996046051216,0.040539977931544666,0.31839080459770114,0.04087900297240245,0.6367920269589246,2.0432982733333334,1.0,1.0,2.5,2.5,2.5,2.5,6.5,7.0,3.9166666666666665,3.0
test,mokp_m02_d250_c65_conflicting_r01_s20283919,250,2,0.65,conflicting,1,20283919,GDE3,30,5.666666666666667,0.2638046234279309,0.5800713275597584,0.0,0.04410340617160727,0.38184544812079874,1.320546566666667,1.0,1.0,12.0,12.0,9.5,5.0,11.0,1.0,8.416666666666666,9.0
test,mokp_m02_d250_c65_conflicting_r01_s20283919,250,2,0.65,conflicting,1,20283919,MOEAD,30,64.4,0.7789714016432415,0.1335044566393994,0.0,0.05605770034942874,0.27981504916312194,3.5635894899999996,1.0,1.0,9.0,8.0,9.5,8.0,12.0,10.0,9.416666666666666,12.0
test,mokp_m02_d250_c65_conflicting_r01_s20283919,250,2,0.65,conflicting,1,20283919,NSGAII,30,95.26666666666667,0.8828605693452155,0.08202877808165315,0.014176245210727969,0.04848877170596127,0.469793336667664,1.5051801799999998,1.0,1.0,5.0,5.0,4.0,6.0,9.0,3.0,5.333333333333333,4.0
test,mokp_m02_d250_c65_conflicting_r01_s20283919,250,2,0.65,conflicting,1,20283919,SPEA2,30,94.53333333333333,0.8907827793240082,0.08083136629249423,0.0003831417624521073,0.05307520139355404,0.5384809709127845,3.1266152499999995,1.0,1.0,4.0,4.0,6.0,7.0,8.0,9.0,6.333333333333333,6.0
test,mokp_m02_d250_c65_conflicting_r01_s20283919,250,2,0.65,conflicting,1,20283919,RandomConfig_ECMADE_MOO,30,88.03333333333333,0.9809996046051216,0.040539977931544666,0.31839080459770114,0.04087900297240245,0.6367920269589246,1.9221598633333334,1.0,1.0,2.5,2.5,2.5,2.5,6.5,6.0,3.75,2.0
test,mokp_m02_d250_c65_conflicting_r01_s20283919,250,2,0.65,conflicting,1,20283919,MetaTransfer_ECMADE_MOO,30,24.833333333333332,0.8051437015749546,0.15184588014940673,0.0,0.07587169752134779,0.7230548647556815,1.5818507033333333,1.0,1.0,8.0,9.0,9.5,9.0,4.0,5.0,7.416666666666667,7.0
test,mokp_m02_d250_c65_conflicting_r01_s20283919,250,2,0.65,conflicting,1,20283919,BayesianConfig_ECMADE_MOO,30,88.03333333333333,0.9821758605925214,0.03989162862700967,0.32107279693486585,0.03954220083587012,0.6382376794366096,1.5301327233333335,1.0,1.0,1.0,1.0,1.0,1.0,5.0,4.0,2.1666666666666665,1.0
test,mokp_m02_d250_c65_conflicting_r01_s20283919,250,2,0.65,conflicting,1,20283919,ExperimentC_StabilityAware_ECMADE_MOO,30,35.833333333333336,0.8462562149449901,0.12824975004152625,0.0,0.08362225159198342,0.7567315006230355,2.40587838,1.0,1.0,6.0,7.0,9.5,12.0,3.0,8.0,7.583333333333333,8.0
test,mokp_m02_d250_c65_conflicting_r01_s20283919,250,2,0.65,conflicting,1,20283919,ExperimentC_GlobalTheta034_ECMADE_MOO,30,28.933333333333334,0.7473769845533808,0.21741860226004572,0.0,0.08091768924519727,0.8956974712350703,3.7517846300000004,1.0,1.0,10.0,10.0,9.5,11.0,1.0,11.0,8.75,10.0
test,mokp_m02_d250_c65_conflicting_r01_s20283919,250,2,0.65,conflicting,1,20283919,ExperimentC_GlobalTheta037_ECMADE_MOO,30,28.133333333333333,0.7435743397385434,0.21936427938002448,0.0,0.08032822861110507,0.8880273340696156,7.594561786666665,1.0,1.0,11.0,11.0,9.5,10.0,2.0,12.0,9.25,11.0
test,mokp_m02_d250_c65_independent_r01_s20283819,250,2,0.65,independent,1,20283819,A_MPMO,30,78.93333333333334,0.9898609729497474,0.0698448025014356,0.023076923076923075,0.03566821939577822,0.19706004615627287,1.5780290966666668,1.0,1.0,5.0,5.0,5.0,4.0,11.0,4.0,5.666666666666667,4.0
test,mokp_m02_d250_c65_independent_r01_s20283819,250,2,0.65,independent,1,20283819,ECMADE_MOO,30,96.76666666666667,1.0897371181627404,0.026625804047877004,0.5108974358974359,0.031822977513719625,0.2784464891133591,1.9169829733333335,1.0,1.0,1.0,1.0,1.0,2.0,6.0,7.0,3.0,2.0
test,mokp_m02_d250_c65_independent_r01_s20283819,250,2,0.65,independent,1,20283819,GDE3,30,3.2666666666666666,0.1685098386154317,0.8520879992101827,0.0,0.06551242045632903,0.2363990838465108,1.2763233533333331,1.0,1.0,12.0,12.0,10.5,12.0,9.0,1.0,9.416666666666666,12.0
test,mokp_m02_d250_c65_independent_r01_s20283819,250,2,0.65,independent,1,20283819,MOEAD,30,59.8,0.955446772236636,0.08329799621296284,0.002564102564102564,0.03593931400953284,0.1336366227798793,3.3352294933333337,1.0,1.0,11.0,6.0,7.0,5.0,12.0,10.0,8.5,11.0
test,mokp_m02_d250_c65_independent_r01_s20283819,250,2,0.65,independent,1,20283819,NSGAII,30,89.2,1.034135926591174,0.04857718253343557,0.09935897435897437,0.03233978503730321,0.21912755130157463,1.476330693333333,1.0,1.0,3.0,3.0,3.0,3.0,10.0,3.0,4.166666666666667,3.0
test,mokp_m02_d250_c65_independent_r01_s20283819,250,2,0.65,independent,1,20283819,SPEA2,30,94.46666666666667,1.0297548736619084,0.05244474255258507,0.04294871794871795,0.04153059518634393,0.24124324894652902,3.2387538266666667,1.0,1.0,4.0,4.0,4.0,6.0,8.0,9.0,5.833333333333333,5.0
test,mokp_m02_d250_c65_independent_r01_s20283819,250,2,0.65,independent,1,20283819,RandomConfig_ECMADE_MOO,30,20.7,0.9730462577781466,0.14192512517157865,0.0,0.05993301349858141,0.5145369561723069,1.8462022666666664,1.0,1.0,7.5,10.5,10.5,7.5,1.5,6.0,7.25,6.0
test,mokp_m02_d250_c65_independent_r01_s20283819,250,2,0.65,independent,1,20283819,MetaTransfer_ECMADE_MOO,30,14.7,0.9612335507340912,0.1293425644058899,0.000641025641025641,0.060007120567622814,0.44717720041565434,1.6279380366666667,1.0,1.0,10.0,8.0,8.0,9.0,4.0,5.0,7.333333333333333,7.0
test,mokp_m02_d250_c65_independent_r01_s20283819,250,2,0.65,independent,1,20283819,BayesianConfig_ECMADE_MOO,30,96.1,1.089221267548077,0.026857767481625956,0.5012820512820513,0.03133340283982255,0.2780253783812314,1.4740652233333333,1.0,1.0,2.0,2.0,2.0,1.0,7.0,2.0,2.6666666666666665,1.0
test,mokp_m02_d250_c65_independent_r01_s20283819,250,2,0.65,independent,1,20283819,ExperimentC_StabilityAware_ECMADE_MOO,30,18.433333333333334,0.9709032271441939,0.11855673159609388,0.005769230769230769,0.06201058200250522,0.41976697244228733,2.6882346566666664,1.0,1.0,9.0,7.0,6.0,11.0,5.0,8.0,7.666666666666667,8.0
test,mokp_m02_d250_c65_independent_r01_s20283819,250,2,0.65,independent,1,20283819,ExperimentC_GlobalTheta034_ECMADE_MOO,30,20.7,0.9730462577781466,0.14192512517157865,0.0,0.05993301349858141,0.5145369561723069,3.8038413900000005,1.0,1.0,7.5,10.5,10.5,7.5,1.5,11.0,8.083333333333334,9.0
test,mokp_m02_d250_c65_independent_r01_s20283819,250,2,0.65,independent,1,20283819,ExperimentC_GlobalTheta037_ECMADE_MOO,30,20.4,0.9766794538284739,0.1383228618167962,0.0,0.060292963958701776,0.504440060817157,7.645028993333333,1.0,1.0,6.0,9.0,10.5,10.0,3.0,12.0,8.416666666666666,10.0
test,mokp_m02_d500_c35_conflicting_r01_s20291919,500,2,0.35,conflicting,1,20291919,A_MPMO,30,44.666666666666664,0.7791377318722214,0.1891401375711042,0.0,0.052197844527215216,0.29902792842509895,2.13044109,1.0,1.0,11.0,8.0,11.0,6.0,9.0,3.0,8.0,10.5
test,mokp_m02_d500_c35_conflicting_r01_s20291919,500,2,0.35,conflicting,1,20291919,ECMADE_MOO,30,34.2,0.8852889022546477,0.13595098510890585,0.012307692307692308,0.062390984085367314,0.6982419312928017,3.0508885133333337,1.0,1.0,1.5,1.5,4.5,9.5,5.5,7.0,4.916666666666667,3.0
test,mokp_m02_d500_c35_conflicting_r01_s20291919,500,2,0.35,conflicting,1,20291919,GDE3,30,5.5,0.16646488739200296,0.7087521540613338,0.0,0.04448772617430595,0.2829545682686882,1.8381652000000002,1.0,1.0,12.0,12.0,11.0,4.0,10.0,1.0,8.333333333333334,12.0
test,mokp_m02_d500_c35_conflicting_r01_s20291919,500,2,0.35,conflicting,1,20291919,MOEAD,30,59.43333333333333,0.7895909816271164,0.2038235445502021,0.03435897435897436,0.043343781960406655,0.15100106591443765,4.305016723333333,1.0,1.0,10.0,11.0,2.0,3.0,12.0,10.0,8.0,10.5
test,mokp_m02_d500_c35_conflicting_r01_s20291919,500,2,0.35,conflicting,1,20291919,NSGAII,30,44.7,0.859247932009156,0.15804928518741204,0.08205128205128205,0.037915367153989125,0.28058311970175603,2.2137184333333333,1.0,1.0,3.0,5.0,1.0,1.0,11.0,4.0,4.166666666666667,2.0
test,mokp_m02_d500_c35_conflicting_r01_s20291919,500,2,0.35,conflicting,1,20291919,SPEA2,30,49.8,0.8444218287714047,0.15729348751024655,0.014358974358974359,0.040366331932594486,0.3386019806914881,3.602854223333334,1.0,1.0,4.0,4.0,3.0,2.0,8.0,9.0,5.0,4.0
test,mokp_m02_d500_c35_conflicting_r01_s20291919,500,2,0.35,conflicting,1,20291919,RandomConfig_ECMADE_MOO,30,27.0,0.8056106103393721,0.16358773884523733,0.0005128205128205128,0.08811585917971251,0.6426390769204091,2.820867920000001,1.0,1.0,6.0,6.0,9.0,12.0,7.0,6.0,7.666666666666667,9.0
test,mokp_m02_d500_c35_conflicting_r01_s20291919,500,2,0.35,conflicting,1,20291919,MetaTransfer_ECMADE_MOO,30,26.666666666666668,0.8377142659928114,0.14598329769512242,0.002564102564102564,0.0671544729678026,0.7346674830286352,2.7982992500000003,1.0,1.0,5.0,3.0,8.0,11.0,4.0,5.0,6.0,5.0
test,mokp_m02_d500_c35_conflicting_r01_s20291919,500,2,0.35,conflicting,1,20291919,BayesianConfig_ECMADE_MOO,30,34.2,0.8852889022546477,0.13595098510890585,0.012307692307692308,0.062390984085367314,0.6982419312928017,2.0490793999999997,1.0,1.0,1.5,1.5,4.5,9.5,5.5,2.0,4.083333333333333,1.0
test,mokp_m02_d500_c35_conflicting_r01_s20291919,500,2,0.35,conflicting,1,20291919,ExperimentC_StabilityAware_ECMADE_MOO,30,27.7,0.8045249761015499,0.1778178722784343,0.0,0.051061231387563126,0.7558880285044993,3.48591548,1.0,1.0,9.0,7.0,11.0,5.0,3.0,8.0,7.166666666666667,6.0
test,mokp_m02_d500_c35_conflicting_r01_s20291919,500,2,0.35,conflicting,1,20291919,ExperimentC_GlobalTheta034_ECMADE_MOO,30,38.7,0.8055718345856082,0.1941644442940477,0.008205128205128205,0.06226599060015266,1.0735525515397988,5.743806649999999,1.0,1.0,7.5,9.5,6.5,7.5,1.5,11.0,7.25,7.0
test,mokp_m02_d500_c35_conflicting_r01_s20291919,500,2,0.35,conflicting,1,20291919,ExperimentC_GlobalTheta037_ECMADE_MOO,30,38.7,0.8055718345856082,0.1941644442940477,0.008205128205128205,0.06226599060015266,1.0735525515397988,9.385230936666666,1.0,1.0,7.5,9.5,6.5,7.5,1.5,12.0,7.416666666666667,8.0
test,mokp_m02_d500_c35_independent_r01_s20291819,500,2,0.35,independent,1,20291819,A_MPMO,30,28.466666666666665,0.8972346096258205,0.12403628421642116,0.0022988505747126436,0.0483346380469223,0.11863467386684488,1.9465038599999995,1.0,1.0,9.0,7.0,7.0,9.0,10.0,2.0,7.333333333333333,7.0
test,mokp_m02_d500_c35_independent_r01_s20291819,500,2,0.35,independent,1,20291819,ECMADE_MOO,30,16.4,1.0381270753766418,0.05976113277344596,0.12643678160919541,0.04145915304951575,0.2432406703724105,2.87772675,1.0,1.0,1.5,1.5,1.5,4.5,6.5,7.0,3.75,2.0
test,mokp_m02_d500_c35_independent_r01_s20291819,500,2,0.35,independent,1,20291819,GDE3,30,2.8666666666666667,0.08616055597089732,0.9977015938249103,0.0,0.046805705012969594,0.1268814543323815,1.8808999766666665,1.0,1.0,12.0,12.0,10.0,7.0,9.0,1.0,8.5,10.5
test,mokp_m02_d500_c35_independent_r01_s20291819,500,2,0.35,independent,1,20291819,MOEAD,30,54.63333333333333,0.9367737737339137,0.11919309421397542,0.0034482758620689655,0.03959968238567822,0.06332193918102391,3.67659784,1.0,1.0,6.0,6.0,6.0,3.0,12.0,10.0,7.166666666666667,6.0
test,mokp_m02_d500_c35_independent_r01_s20291819,500,2,0.35,independent,1,20291819,NSGAII,30,17.933333333333334,0.9638682413882648,0.08868486078427355,0.040229885057471264,0.03676730252378542,0.11640105448735924,2.2143189133333334,1.0,1.0,4.0,4.0,3.0,2.0,11.0,4.0,4.666666666666667,4.0
test,mokp_m02_d500_c35_independent_r01_s20291819,500,2,0.35,independent,1,20291819,SPEA2,30,27.466666666666665,0.9629893729224738,0.08974286419012503,0.008045977011494253,0.0336816688377224,0.14440184042992402,3.354941813333333,1.0,1.0,5.0,5.0,5.0,1.0,8.0,8.0,5.333333333333333,5.0
test,mokp_m02_d500_c35_independent_r01_s20291819,500,2,0.35,independent,1,20291819,RandomConfig_ECMADE_MOO,30,24.233333333333334,1.027096698597192,0.08237822816210003,0.021839080459770115,0.04175796075247716,0.34270819386442114,2.7246859466666664,1.0,1.0,3.0,3.0,4.0,6.0,3.0,5.0,4.0,3.0
test,mokp_m02_d500_c35_independent_r01_s20291819,500,2,0.35,independent,1,20291819,MetaTransfer_ECMADE_MOO,30,10.233333333333333,0.8709264961042319,0.15737016196953135,0.0,0.047379275643755284,0.26831186020985387,2.8263591066666662,1.0,1.0,10.0,10.0,10.0,8.0,5.0,6.0,8.166666666666666,8.0
test,mokp_m02_d500_c35_independent_r01_s20291819,500,2,0.35,independent,1,20291819,BayesianConfig_ECMADE_MOO,30,16.4,1.0381270753766418,0.05976113277344596,0.12643678160919541,0.04145915304951575,0.2432406703724105,2.0253699233333333,1.0,1.0,1.5,1.5,1.5,4.5,6.5,3.0,3.0833333333333335,1.0
test,mokp_m02_d500_c35_independent_r01_s20291819,500,2,0.35,independent,1,20291819,ExperimentC_StabilityAware_ECMADE_MOO,30,11.9,0.8313813568083361,0.1913482172150502,0.0,0.0562734300464777,0.26982887065358324,3.4710704900000002,1.0,1.0,11.0,11.0,10.0,10.0,4.0,9.0,9.166666666666666,12.0
test,mokp_m02_d500_c35_independent_r01_s20291819,500,2,0.35,independent,1,20291819,ExperimentC_GlobalTheta034_ECMADE_MOO,30,16.533333333333335,0.934548128198451,0.14481495581609133,0.0,0.05854331631702283,0.3839688663605539,5.25041031,1.0,1.0,7.5,8.5,10.0,11.5,1.5,11.0,8.333333333333334,9.0
test,mokp_m02_d500_c35_independent_r01_s20291819,500,2,0.35,independent,1,20291819,ExperimentC_GlobalTheta037_ECMADE_MOO,30,16.533333333333335,0.934548128198451,0.14481495581609133,0.0,0.05854331631702283,0.3839688663605539,9.064037273333332,1.0,1.0,7.5,8.5,10.0,11.5,1.5,12.0,8.5,10.5
test,mokp_m02_d500_c50_conflicting_r01_s20292919,500,2,0.5,conflicting,1,20292919,A_MPMO,30,50.5,0.8093679648836969,0.16781697705548593,0.0,0.048259506498638874,0.28747522320029056,2.0233317233333334,1.0,1.0,6.0,6.0,7.5,7.0,9.0,2.0,6.25,5.5
test,mokp_m02_d500_c50_conflicting_r01_s20292919,500,2,0.5,conflicting,1,20292919,ECMADE_MOO,30,48.833333333333336,1.0578401489006923,0.043368963398543924,0.2019900497512438,0.04223244086045845,0.4445663252108273,2.957366776666667,1.0,1.0,1.5,1.5,1.5,4.5,6.5,7.0,3.75,2.0
test,mokp_m02_d500_c50_conflicting_r01_s20292919,500,2,0.5,conflicting,1,20292919,GDE3,30,4.966666666666667,0.2523875843433679,0.6786688386808909,0.0,0.03584638109952229,0.25529314773443645,1.4279261066666666,1.0,1.0,12.0,12.0,7.5,1.0,11.0,1.0,7.416666666666667,8.0
test,mokp_m02_d500_c50_conflicting_r01_s20292919,500,2,0.5,conflicting,1,20292919,MOEAD,30,58.166666666666664,0.7983332183500603,0.15431605467901974,0.0,0.05555315865776197,0.14370489496623345,4.134638656666667,1.0,1.0,7.0,5.0,7.5,9.0,12.0,10.0,8.416666666666666,10.5
test,mokp_m02_d500_c50_conflicting_r01_s20292919,500,2,0.5,conflicting,1,20292919,NSGAII,30,44.53333333333333,0.8765800521096746,0.12028184328418948,0.0,0.04087686172231522,0.26438801541362983,2.1461340099999995,1.0,1.0,4.0,3.0,7.5,2.0,10.0,4.0,5.083333333333333,3.0
test,mokp_m02_d500_c50_conflicting_r01_s20292919,500,2,0.5,conflicting,1,20292919,SPEA2,30,51.9,0.8787238944593533,0.12648796847349847,0.0,0.04561213637722724,0.3233900429063958,3.5603865966666675,1.0,1.0,3.0,4.0,7.5,6.0,8.0,9.0,6.25,5.5
test,mokp_m02_d500_c50_conflicting_r01_s20292919,500,2,0.5,conflicting,1,20292919,RandomConfig_ECMADE_MOO,30,21.566666666666666,0.702923739289769,0.3236062345643084,0.0,0.06039249270747251,0.6952558322664512,2.787699516666666,1.0,1.0,11.0,9.0,7.5,12.0,3.0,6.0,8.083333333333334,9.0
test,mokp_m02_d500_c50_conflicting_r01_s20292919,500,2,0.5,conflicting,1,20292919,MetaTransfer_ECMADE_MOO,30,18.8,0.7739288855215357,0.24055333772631973,0.0,0.04984345976605537,0.5517499505234014,2.536537173333334,1.0,1.0,8.0,8.0,7.5,8.0,5.0,5.0,6.916666666666667,7.0
test,mokp_m02_d500_c50_conflicting_r01_s20292919,500,2,0.5,conflicting,1,20292919,BayesianConfig_ECMADE_MOO,30,48.833333333333336,1.0578401489006923,0.043368963398543924,0.2019900497512438,0.04223244086045845,0.4445663252108273,2.1323050133333337,1.0,1.0,1.5,1.5,1.5,4.5,6.5,3.0,3.0833333333333335,1.0
test,mokp_m02_d500_c50_conflicting_r01_s20292919,500,2,0.5,conflicting,1,20292919,ExperimentC_StabilityAware_ECMADE_MOO,30,20.266666666666666,0.8298766930355761,0.20346109016735583,0.0,0.04094539378206159,0.5557800989580611,3.228607543333333,1.0,1.0,5.0,7.0,7.5,3.0,4.0,8.0,5.75,4.0
test,mokp_m02_d500_c50_conflicting_r01_s20292919,500,2,0.5,conflicting,1,20292919,ExperimentC_GlobalTheta034_ECMADE_MOO,30,31.566666666666666,0.7034614821424313,0.36359846265966284,0.0,0.05906181054666359,0.9747983423583236,5.217006696666667,1.0,1.0,9.5,10.5,7.5,10.5,1.5,11.0,8.416666666666666,10.5
test,mokp_m02_d500_c50_conflicting_r01_s20292919,500,2,0.5,conflicting,1,20292919,ExperimentC_GlobalTheta037_ECMADE_MOO,30,31.566666666666666,0.7034614821424313,0.36359846265966284,0.0,0.05906181054666359,0.9747983423583236,8.55751806,1.0,1.0,9.5,10.5,7.5,10.5,1.5,12.0,8.583333333333334,12.0
test,mokp_m02_d500_c50_independent_r01_s20292819,500,2,0.5,independent,1,20292819,A_MPMO,30,24.466666666666665,0.850256832813308,0.17069905005713035,0.0,0.0589563221499005,0.13902341591336065,2.0006837533333335,1.0,1.0,6.0,6.0,7.5,9.0,11.0,2.0,6.916666666666667,6.0
test,mokp_m02_d500_c50_independent_r01_s20292819,500,2,0.5,independent,1,20292819,ECMADE_MOO,30,37.333333333333336,1.0771352787915662,0.04573496498855492,0.1794326241134752,0.03661818768771054,0.22102883480306612,3.0509398400000003,1.0,1.0,1.5,1.5,1.5,2.5,6.5,7.0,3.4166666666666665,2.0
test,mokp_m02_d500_c50_independent_r01_s20292819,500,2,0.5,independent,1,20292819,GDE3,30,3.1333333333333333,0.10553712281148583,0.9888369056608906,0.0,0.058587857818971405,0.14581056850986243,1.640325956666667,1.0,1.0,12.0,12.0,7.5,8.0,9.0,1.0,8.25,10.0
test,mokp_m02_d500_c50_independent_r01_s20292819,500,2,0.5,independent,1,20292819,MOEAD,30,51.36666666666667,0.8519469567862638,0.16525615252323805,0.0,0.04286525330433409,0.07427962548117624,4.08934977,1.0,1.0,5.0,5.0,7.5,5.0,12.0,10.0,7.416666666666667,8.0
test,mokp_m02_d500_c50_independent_r01_s20292819,500,2,0.5,independent,1,20292819,NSGAII,30,23.6,0.9114113528054001,0.13029537331060717,0.0,0.036615725640565505,0.13907550480070038,2.1493989066666663,1.0,1.0,3.0,3.0,7.5,1.0,10.0,4.0,4.75,3.0
test,mokp_m02_d500_c50_independent_r01_s20292819,500,2,0.5,independent,1,20292819,SPEA2,30,26.533333333333335,0.9094370035221474,0.1360054510088623,0.0,0.038511248258604,0.16347989170937502,3.500724093333333,1.0,1.0,4.0,4.0,7.5,4.0,8.0,9.0,6.083333333333333,4.0
test,mokp_m02_d500_c50_independent_r01_s20292819,500,2,0.5,independent,1,20292819,RandomConfig_ECMADE_MOO,30,15.766666666666667,0.7367444768366129,0.3330945452821652,0.0,0.0729924904744035,0.4384413119306905,2.690315016666666,1.0,1.0,9.0,10.0,7.5,11.0,2.0,6.0,7.583333333333333,9.0
test,mokp_m02_d500_c50_independent_r01_s20292819,500,2,0.5,independent,1,20292819,MetaTransfer_ECMADE_MOO,30,9.9,0.7230641394558736,0.31457424149650187,0.0,0.05233954420758835,0.3328729441478748,2.614400936666667,1.0,1.0,11.0,8.0,7.5,7.0,5.0,5.0,7.25,7.0
test,mokp_m02_d500_c50_independent_r01_s20292819,500,2,0.5,independent,1,20292819,BayesianConfig_ECMADE_MOO,30,37.333333333333336,1.0771352787915662,0.04573496498855492,0.1794326241134752,0.03661818768771054,0.22102883480306612,2.019794326666667,1.0,1.0,1.5,1.5,1.5,2.5,6.5,3.0,2.75,1.0
test,mokp_m02_d500_c50_independent_r01_s20292819,500,2,0.5,independent,1,20292819,ExperimentC_StabilityAware_ECMADE_MOO,30,13.366666666666667,0.7711963211637228,0.27956180924268087,0.0,0.05204476855564863,0.3434261657150899,3.203578616666666,1.0,1.0,7.0,7.0,7.5,6.0,4.0,8.0,6.583333333333333,5.0
test,mokp_m02_d500_c50_independent_r01_s20292819,500,2,0.5,independent,1,20292819,ExperimentC_GlobalTheta034_ECMADE_MOO,30,15.766666666666667,0.7367444768366129,0.3330945452821652,0.0,0.0729924904744035,0.4384413119306905,4.97247413,1.0,1.0,9.0,10.0,7.5,11.0,2.0,11.0,8.416666666666666,11.0
test,mokp_m02_d500_c50_independent_r01_s20292819,500,2,0.5,independent,1,20292819,ExperimentC_GlobalTheta037_ECMADE_MOO,30,15.766666666666667,0.7367444768366129,0.3330945452821652,0.0,0.0729924904744035,0.4384413119306905,8.574000223333334,1.0,1.0,9.0,10.0,7.5,11.0,2.0,12.0,8.583333333333334,12.0
test,mokp_m02_d500_c65_conflicting_r01_s20293919,500,2,0.65,conflicting,1,20293919,A_MPMO,30,69.86666666666666,0.7433292890963024,0.1692350908029777,0.0,0.05380337443636155,0.37426864066220866,1.7539525466666666,1.0,1.0,5.0,5.0,7.5,7.0,9.0,2.0,5.916666666666667,5.0
test,mokp_m02_d500_c65_conflicting_r01_s20293919,500,2,0.65,conflicting,1,20293919,ECMADE_MOO,30,71.93333333333334,0.9718236467614719,0.05060922439522302,0.23284313725490197,0.04480761920465245,0.5379496503778665,3.24921521,1.0,1.0,2.0,2.0,1.0,3.0,7.0,8.0,3.8333333333333335,2.0
test,mokp_m02_d500_c65_conflicting_r01_s20293919,500,2,0.65,conflicting,1,20293919,GDE3,30,5.533333333333333,0.2359132768001184,0.6263321199670043,0.0,0.03907472411956154,0.3219477421589016,1.4647334633333335,1.0,1.0,12.0,12.0,7.5,1.0,11.0,1.0,7.416666666666667,9.0
test,mokp_m02_d500_c65_conflicting_r01_s20293919,500,2,0.65,conflicting,1,20293919,MOEAD,30,56.53333333333333,0.7029766144682493,0.18362449322769187,0.0,0.04791998762852701,0.18337771887513568,4.53236047,1.0,1.0,7.0,6.0,7.5,6.0,12.0,11.0,8.25,10.0
test,mokp_m02_d500_c65_conflicting_r01_s20293919,500,2,0.65,conflicting,1,20293919,NSGAII,30,65.9,0.8113194403167273,0.12760696482759376,0.0,0.04689145440157885,0.3430518095567333,2.051948776666667,1.0,1.0,4.0,4.0,7.5,5.0,10.0,4.0,5.75,3.5
test,mokp_m02_d500_c65_conflicting_r01_s20293919,500,2,0.65,conflicting,1,20293919,SPEA2,30,61.43333333333333,0.8178328676033856,0.12495335777845332,0.0,0.04564079938436057,0.4062151020361278,3.507873556666667,1.0,1.0,3.0,3.0,7.5,4.0,8.0,9.0,5.75,3.5
test,mokp_m02_d500_c65_conflicting_r01_s20293919,500,2,0.65,conflicting,1,20293919,RandomConfig_ECMADE_MOO,30,22.866666666666667,0.7040491706945472,0.22330440915300326,0.0,0.06967303411428644,0.6159478805260544,2.6080275433333338,1.0,1.0,6.0,7.0,7.5,10.0,4.0,6.0,6.75,6.0
test,mokp_m02_d500_c65_conflicting_r01_s20293919,500,2,0.65,conflicting,1,20293919,MetaTransfer_ECMADE_MOO,30,17.033333333333335,0.646118543162405,0.2632611115173643,0.0,0.06690644599018533,0.5926940262895444,2.3474724233333335,1.0,1.0,9.0,9.0,7.5,8.0,5.0,5.0,7.25,8.0
test,mokp_m02_d500_c65_conflicting_r01_s20293919,500,2,0.65,conflicting,1,20293919,BayesianConfig_ECMADE_MOO,30,68.26666666666667,0.9720366849594749,0.04946625977703661,0.22401960784313726,0.040560824260523765,0.548818001776525,2.04600267,1.0,1.0,1.0,1.0,2.0,2.0,6.0,3.0,2.5,1.0
test,mokp_m02_d500_c65_conflicting_r01_s20293919,500,2,0.65,conflicting,1,20293919,ExperimentC_StabilityAware_ECMADE_MOO,30,22.866666666666667,0.6956793917013226,0.22965544518005793,0.0,0.06787953076791106,0.6182944629125602,3.1348010299999998,1.0,1.0,8.0,8.0,7.5,9.0,3.0,7.0,7.083333333333333,7.0
test,mokp_m02_d500_c65_conflicting_r01_s20293919,500,2,0.65,conflicting,1,20293919,ExperimentC_GlobalTheta034_ECMADE_MOO,30,27.166666666666668,0.5713195247227579,0.36114543083266054,0.0,0.07973858538318065,0.811296843590392,4.246128603333333,1.0,1.0,10.0,11.0,7.5,12.0,1.0,10.0,8.583333333333334,11.0
test,mokp_m02_d500_c65_conflicting_r01_s20293919,500,2,0.65,conflicting,1,20293919,ExperimentC_GlobalTheta037_ECMADE_MOO,30,23.9,0.5703970930316172,0.35489678576542816,0.0,0.07816284589418934,0.7458113409706525,7.9925164,1.0,1.0,11.0,10.0,7.5,11.0,2.0,12.0,8.916666666666666,12.0
test,mokp_m02_d500_c65_independent_r01_s20293819,500,2,0.65,independent,1,20293819,A_MPMO,30,28.333333333333332,0.9207620966467993,0.13839685459817722,0.0,0.04519410548450032,0.11016321100212721,1.9498448333333331,1.0,1.0,6.0,6.0,7.5,6.0,11.0,2.0,6.416666666666667,5.0
test,mokp_m02_d500_c65_independent_r01_s20293819,500,2,0.65,independent,1,20293819,ECMADE_MOO,30,65.13333333333334,1.1205604194487961,0.029324978525753463,0.40555555555555556,0.02513538610508613,0.1637231267445877,3.2867795633333334,1.0,1.0,1.0,1.0,1.0,1.0,7.0,8.0,3.1666666666666665,1.0
test,mokp_m02_d500_c65_independent_r01_s20293819,500,2,0.65,independent,1,20293819,GDE3,30,2.5,0.1212485587290369,0.9741271398722907,0.0,0.06743740449880599,0.11217102946138215,1.49703104,1.0,1.0,12.0,12.0,7.5,10.0,10.0,1.0,8.75,12.0
test,mokp_m02_d500_c65_independent_r01_s20293819,500,2,0.65,independent,1,20293819,MOEAD,30,50.5,0.9308199522372166,0.1276222353173091,0.0,0.03372431296207786,0.07103465480485896,4.183996826666667,1.0,1.0,5.0,5.0,7.5,4.0,12.0,10.0,7.25,7.0
test,mokp_m02_d500_c65_independent_r01_s20293819,500,2,0.65,independent,1,20293819,NSGAII,30,32.96666666666667,1.0014974509755474,0.08681001442591185,0.0,0.03194240835663313,0.11471294484276998,1.9988159600000002,1.0,1.0,3.0,3.0,7.5,3.0,9.0,4.0,4.916666666666667,3.0
test,mokp_m02_d500_c65_independent_r01_s20293819,500,2,0.65,independent,1,20293819,SPEA2,30,46.56666666666667,0.9898194752158492,0.09496332050614537,0.0,0.030603102813961877,0.12462373105237592,3.41045838,1.0,1.0,4.0,4.0,7.5,2.0,8.0,9.0,5.75,4.0
test,mokp_m02_d500_c65_independent_r01_s20293819,500,2,0.65,independent,1,20293819,RandomConfig_ECMADE_MOO,30,12.1,0.8187342871875706,0.25112747808206975,0.0,0.05080032336068696,0.2726719463608341,2.603309353333333,1.0,1.0,8.5,9.5,7.5,7.5,1.5,6.0,6.75,6.0
test,mokp_m02_d500_c65_independent_r01_s20293819,500,2,0.65,independent,1,20293819,MetaTransfer_ECMADE_MOO,30,8.1,0.8133518093572216,0.23820121614444814,0.0,0.0825681186964624,0.23059120296370114,2.3639124899999997,1.0,1.0,10.0,7.0,7.5,12.0,5.0,5.0,7.75,9.5
test,mokp_m02_d500_c65_independent_r01_s20293819,500,2,0.65,independent,1,20293819,BayesianConfig_ECMADE_MOO,30,64.9,1.1084403663258564,0.036999264032424,0.3597222222222222,0.03398488337652001,0.16870233604242207,1.9822257766666667,1.0,1.0,2.0,2.0,2.0,5.0,6.0,3.0,3.3333333333333335,2.0
test,mokp_m02_d500_c65_independent_r01_s20293819,500,2,0.65,independent,1,20293819,ExperimentC_StabilityAware_ECMADE_MOO,30,10.4,0.7697213766588338,0.27904695903208915,0.0,0.06780520478140016,0.24729950038759232,3.115999396666666,1.0,1.0,11.0,11.0,7.5,11.0,4.0,7.0,8.583333333333334,11.0
test,mokp_m02_d500_c65_independent_r01_s20293819,500,2,0.65,independent,1,20293819,ExperimentC_GlobalTheta034_ECMADE_MOO,30,12.1,0.8187342871875706,0.25112747808206975,0.0,0.05080032336068696,0.2726719463608341,4.3809612966666664,1.0,1.0,8.5,9.5,7.5,7.5,1.5,11.0,7.583333333333333,8.0
test,mokp_m02_d500_c65_independent_r01_s20293819,500,2,0.65,independent,1,20293819,ExperimentC_GlobalTheta037_ECMADE_MOO,30,11.133333333333333,0.8326153739002424,0.239976908025488,0.0,0.05614029520976853,0.25207190989806183,8.074969666666668,1.0,1.0,7.0,8.0,7.5,9.0,3.0,12.0,7.75,9.5
