metric,direction,method_a,method_b,instances,median_oriented_difference,mean_oriented_difference,wilcoxon_stat,p_value,signed_rank_effect,holm_p_value,significant_0_05,wins_a,ties,wins_b
HV,max,NSGAII,SPEA2,18,-0.0060628869707082,-0.0025473367615558,61.0,0.3037948608398437,-0.2865497076023391,1.0,False,7,0,11
HV,max,NSGAII,MOEAD,18,0.0717262386293609,0.0725039184005025,0.0,7.62939453125e-06,1.0,0.0005035400390625,True,18,0,0
HV,max,NSGAII,GDE3,18,0.6787964534710231,0.7050718098641381,0.0,7.62939453125e-06,1.0,0.0005035400390625,True,18,0,0
HV,max,NSGAII,A_MPMO,18,0.0431496182184423,0.0465319654820469,0.0,7.62939453125e-06,1.0,0.0005035400390625,True,18,0,0
HV,max,NSGAII,RandomConfig_ECMADE_MOO,18,0.0282719230999029,0.0390750830388634,50.0,0.1297378540039062,0.4152046783625731,1.0,False,11,0,7
HV,max,NSGAII,MetaTransfer_ECMADE_MOO,18,0.0493122961872015,0.0516723504515818,29.0,0.0120315551757812,0.6608187134502924,0.3609466552734375,False,13,0,5
HV,max,NSGAII,BayesianConfig_ECMADE_MOO,18,-0.0491136786822403,-0.0717832704317886,0.0,7.62939453125e-06,-1.0,0.0005035400390625,True,0,0,18
HV,max,NSGAII,ExperimentC_StabilityAware_ECMADE_MOO,18,0.0424741485878553,0.0472601699184172,29.0,0.0120315551757812,0.6608187134502924,0.3609466552734375,False,13,0,5
HV,max,NSGAII,ExperimentC_GlobalTheta034_ECMADE_MOO,18,0.0414981053066807,0.0597385683942816,36.0,0.030364990234375,0.5789473684210527,0.78948974609375,False,11,0,7
HV,max,NSGAII,ExperimentC_GlobalTheta037_ECMADE_MOO,18,0.0414981053066807,0.0588251068954913,36.0,0.030364990234375,0.5789473684210527,0.78948974609375,False,11,0,7
HV,max,NSGAII,ECMADE_MOO,18,-0.0486688421523123,-0.0718007574632732,0.0,7.62939453125e-06,-1.0,0.0005035400390625,True,0,0,18
HV,max,SPEA2,MOEAD,18,0.0745670925509531,0.0750512551620584,0.0,7.62939453125e-06,1.0,0.0005035400390625,True,18,0,0
HV,max,SPEA2,GDE3,18,0.6784954587292398,0.7076191466256938,0.0,7.62939453125e-06,1.0,0.0005035400390625,True,18,0,0
HV,max,SPEA2,A_MPMO,18,0.0469324111321802,0.0490793022436027,0.0,7.62939453125e-06,1.0,0.0005035400390625,True,18,0,0
HV,max,SPEA2,RandomConfig_ECMADE_MOO,18,0.0261280570371674,0.0416224198004192,46.0,0.0897674560546875,0.4619883040935672,1.0,False,11,0,7
HV,max,SPEA2,MetaTransfer_ECMADE_MOO,18,0.0498276422847137,0.0542196872131377,26.0,0.0076904296875,0.695906432748538,0.2384033203125,False,13,0,5
HV,max,SPEA2,BayesianConfig_ECMADE_MOO,18,-0.0572388923189466,-0.0692359336702328,0.0,7.62939453125e-06,-1.0,0.0005035400390625,True,0,0,18
HV,max,SPEA2,ExperimentC_StabilityAware_ECMADE_MOO,18,0.0422117085244364,0.049807506679973,23.0,0.0047454833984375,0.7309941520467836,0.15185546875,False,13,0,5
HV,max,SPEA2,ExperimentC_GlobalTheta034_ECMADE_MOO,18,0.0336456194549096,0.0622859051558374,29.0,0.0120315551757812,0.6608187134502924,0.3609466552734375,False,13,0,5
HV,max,SPEA2,ExperimentC_GlobalTheta037_ECMADE_MOO,18,0.0336456194549096,0.0613724436570471,29.0,0.0120315551757812,0.6608187134502924,0.3609466552734375,False,13,0,5
HV,max,SPEA2,ECMADE_MOO,18,-0.0574968176262783,-0.0692534207017174,0.0,7.62939453125e-06,-1.0,0.0005035400390625,True,0,0,18
HV,max,MOEAD,GDE3,18,0.5939323942398301,0.6325678914636353,0.0,7.62939453125e-06,1.0,0.0005035400390625,True,18,0,0
HV,max,MOEAD,A_MPMO,18,-0.0347804704434144,-0.0259719529184556,19.0,0.0023345947265625,-0.7777777777777778,0.0770416259765625,False,4,0,14
HV,max,MOEAD,RandomConfig_ECMADE_MOO,18,-0.0463219990750342,-0.0334288353616391,51.0,0.1415176391601562,-0.4035087719298245,1.0,False,5,0,13
HV,max,MOEAD,MetaTransfer_ECMADE_MOO,18,-0.0281305687406814,-0.0208315679489206,58.0,0.2462081909179687,-0.3216374269005848,1.0,False,6,0,12
HV,max,MOEAD,BayesianConfig_ECMADE_MOO,18,-0.1255790753514528,-0.1442871888322912,0.0,7.62939453125e-06,-1.0,0.0005035400390625,True,0,0,18
HV,max,MOEAD,ExperimentC_StabilityAware_ECMADE_MOO,18,-0.0313712263902885,-0.0252437484820853,48.0,0.1083831787109375,-0.4385964912280701,1.0,False,5,0,13
HV,max,MOEAD,ExperimentC_GlobalTheta034_ECMADE_MOO,18,-0.0238383411221101,-0.0127653500062209,72.0,0.5798416137695312,-0.1578947368421052,1.0,False,7,0,11
HV,max,MOEAD,ExperimentC_GlobalTheta037_ECMADE_MOO,18,-0.0256549391472737,-0.0136788115050112,72.0,0.5798416137695312,-0.1578947368421052,1.0,False,7,0,11
HV,max,MOEAD,ECMADE_MOO,18,-0.1254301791765223,-0.1443046758637758,0.0,7.62939453125e-06,-1.0,0.0005035400390625,True,0,0,18
HV,max,GDE3,A_MPMO,18,-0.6158433173631537,-0.6585398443820911,0.0,7.62939453125e-06,-1.0,0.0005035400390625,True,0,0,18
HV,max,GDE3,RandomConfig_ECMADE_MOO,18,-0.6657590450383218,-0.6659967268252746,0.0,7.62939453125e-06,-1.0,0.0005035400390625,True,0,0,18
HV,max,GDE3,MetaTransfer_ECMADE_MOO,18,-0.644388197622598,-0.6533994594125561,0.0,7.62939453125e-06,-1.0,0.0005035400390625,True,0,0,18
HV,max,GDE3,BayesianConfig_ECMADE_MOO,18,-0.7321524801552893,-0.7768550802959266,0.0,7.62939453125e-06,-1.0,0.0005035400390625,True,0,0,18
HV,max,GDE3,ExperimentC_StabilityAware_ECMADE_MOO,18,-0.6432664533196719,-0.6578116399457207,0.0,7.62939453125e-06,-1.0,0.0005035400390625,True,0,0,18
HV,max,GDE3,ExperimentC_GlobalTheta034_ECMADE_MOO,18,-0.6351571506093662,-0.6453332414698563,0.0,7.62939453125e-06,-1.0,0.0005035400390625,True,0,0,18
HV,max,GDE3,ExperimentC_GlobalTheta037_ECMADE_MOO,18,-0.6351571506093662,-0.6462467029686466,0.0,7.62939453125e-06,-1.0,0.0005035400390625,True,0,0,18
HV,max,GDE3,ECMADE_MOO,18,-0.7313735504886945,-0.7768725673274113,0.0,7.62939453125e-06,-1.0,0.0005035400390625,True,0,0,18
HV,max,A_MPMO,RandomConfig_ECMADE_MOO,18,-0.0238833411074433,-0.0074568824431834,71.0,0.550872802734375,-0.1695906432748538,1.0,False,8,0,10
HV,max,A_MPMO,MetaTransfer_ECMADE_MOO,18,0.0099606620657946,0.0051403849695349,83.0,0.932281494140625,0.0292397660818713,1.0,False,10,0,8
HV,max,A_MPMO,BayesianConfig_ECMADE_MOO,18,-0.102755732490378,-0.1183152359138355,0.0,7.62939453125e-06,-1.0,0.0005035400390625,True,0,0,18
HV,max,A_MPMO,ExperimentC_StabilityAware_ECMADE_MOO,18,-0.0106055203777122,0.0007282044363703,79.0,0.7987060546875,-0.0760233918128654,1.0,False,8,0,10
HV,max,A_MPMO,ExperimentC_GlobalTheta034_ECMADE_MOO,18,-0.0292652720520459,0.0132066029122347,75.0,0.6705245971679688,0.1228070175438596,1.0,False,8,0,10
HV,max,A_MPMO,ExperimentC_GlobalTheta037_ECMADE_MOO,18,-0.0292652720520459,0.0122931414134444,75.0,0.6705245971679688,0.1228070175438596,1.0,False,8,0,10
HV,max,A_MPMO,ECMADE_MOO,18,-0.1030136577977097,-0.1183327229453202,0.0,7.62939453125e-06,-1.0,0.0005035400390625,True,0,0,18
HV,max,RandomConfig_ECMADE_MOO,MetaTransfer_ECMADE_MOO,18,0.0034133160525317,0.0125972674127184,71.0,0.8175811767578125,0.0718954248366013,1.0,False,10,1,7
HV,max,RandomConfig_ECMADE_MOO,BayesianConfig_ECMADE_MOO,18,-0.0826240495379186,-0.1108583534706521,8.0,0.0001907348632812,-0.9064327485380116,0.0082015991210937,True,2,0,16
HV,max,RandomConfig_ECMADE_MOO,ExperimentC_StabilityAware_ECMADE_MOO,18,-0.0005695948380582,0.0081850868795537,64.0,0.860260009765625,-0.0588235294117647,1.0,False,7,2,9
HV,max,RandomConfig_ECMADE_MOO,ExperimentC_GlobalTheta034_ECMADE_MOO,18,-0.0002660177123479,0.0206634853554182,59.0,0.97796630859375,0.0166666666666666,1.0,False,6,3,9
HV,max,RandomConfig_ECMADE_MOO,ExperimentC_GlobalTheta037_ECMADE_MOO,18,-0.0008384662643893,0.0197500238566279,70.0,0.7819061279296875,-0.0849673202614379,1.0,False,6,1,11
HV,max,RandomConfig_ECMADE_MOO,ECMADE_MOO,18,-0.0826240495379186,-0.1108758405021367,4.0,0.000213623046875,-0.9411764705882352,0.008331298828125,True,2,2,14
HV,max,MetaTransfer_ECMADE_MOO,BayesianConfig_ECMADE_MOO,18,-0.1052823144022926,-0.1234556208833705,9.0,0.0002517700195312,-0.8947368421052632,0.0095672607421875,True,3,0,15
HV,max,MetaTransfer_ECMADE_MOO,ExperimentC_StabilityAware_ECMADE_MOO,18,-0.0054044330431095,-0.0044121805331646,71.0,0.550872802734375,-0.1695906432748538,1.0,False,8,0,10
HV,max,MetaTransfer_ECMADE_MOO,ExperimentC_GlobalTheta034_ECMADE_MOO,18,0.0038576147170489,0.0080662179426997,70.0,0.522613525390625,0.1812865497076023,1.0,False,9,0,9
HV,max,MetaTransfer_ECMADE_MOO,ExperimentC_GlobalTheta037_ECMADE_MOO,18,0.0032788929693494,0.0071527564439094,71.0,0.550872802734375,0.1695906432748538,1.0,False,9,0,9
HV,max,MetaTransfer_ECMADE_MOO,ECMADE_MOO,18,-0.1052823144022926,-0.1234731079148551,9.0,0.0002517700195312,-0.8947368421052632,0.0095672607421875,True,3,0,15
HV,max,BayesianConfig_ECMADE_MOO,ExperimentC_StabilityAware_ECMADE_MOO,18,0.1040682289414381,0.1190434403502058,8.0,0.0001907348632812,0.9064327485380116,0.0082015991210937,True,15,0,3
HV,max,BayesianConfig_ECMADE_MOO,ExperimentC_GlobalTheta034_ECMADE_MOO,18,0.0877497815190202,0.1315218388260703,8.0,0.0001907348632812,0.9064327485380116,0.0082015991210937,True,15,0,3
HV,max,BayesianConfig_ECMADE_MOO,ExperimentC_GlobalTheta037_ECMADE_MOO,18,0.0877497815190202,0.13060837732728,8.0,0.0001907348632812,0.9064327485380116,0.0082015991210937,True,15,0,3
HV,max,BayesianConfig_ECMADE_MOO,ECMADE_MOO,18,0.0,-1.748703148461243e-05,14.0,0.193359375,0.4909090909090909,1.0,False,8,8,2
HV,max,ExperimentC_StabilityAware_ECMADE_MOO,ExperimentC_GlobalTheta034_ECMADE_MOO,18,0.0011164029096902,0.0124783984758644,63.0,0.54766845703125,0.1764705882352941,1.0,False,10,1,7
HV,max,ExperimentC_StabilityAware_ECMADE_MOO,ExperimentC_GlobalTheta037_ECMADE_MOO,18,0.0,0.0115649369770741,45.0,0.6697998046875,0.1428571428571428,1.0,False,7,4,7
HV,max,ExperimentC_StabilityAware_ECMADE_MOO,ECMADE_MOO,18,-0.1040682289414381,-0.1190609273816905,10.0,0.0003280639648437,-0.8830409356725146,0.0114822387695312,True,4,0,14
HV,max,ExperimentC_GlobalTheta034_ECMADE_MOO,ExperimentC_GlobalTheta037_ECMADE_MOO,18,0.0,-0.0009134614987903,7.0,0.296875,-0.5,1.0,False,2,11,5
HV,max,ExperimentC_GlobalTheta034_ECMADE_MOO,ECMADE_MOO,18,-0.0876787194123188,-0.1315393258575549,9.0,0.0002517700195312,-0.8947368421052632,0.0095672607421875,True,3,0,15
HV,max,ExperimentC_GlobalTheta037_ECMADE_MOO,ECMADE_MOO,18,-0.0876787194123188,-0.1306258643587646,10.0,0.0003280639648437,-0.8830409356725146,0.0114822387695312,True,4,0,14
IGD,min,NSGAII,SPEA2,18,-0.0019255094191496,-0.0007549541754196,72.0,0.5798416137695312,-0.1578947368421052,1.0,False,7,0,11
IGD,min,NSGAII,MOEAD,18,0.0400208539024624,0.0410418398013177,0.0,7.62939453125e-06,1.0,0.0005035400390625,True,18,0,0
IGD,min,NSGAII,GDE3,18,0.5351741849786602,0.6075642187787534,0.0,7.62939453125e-06,1.0,0.0005035400390625,True,18,0,0
IGD,min,NSGAII,A_MPMO,18,0.0214045719376459,0.0257478219178079,0.0,7.62939453125e-06,1.0,0.0005035400390625,True,18,0,0
IGD,min,NSGAII,RandomConfig_ECMADE_MOO,18,0.0131943109870718,0.0469157792853458,46.0,0.0897674560546875,0.4619883040935672,1.0,False,10,0,8
IGD,min,NSGAII,MetaTransfer_ECMADE_MOO,18,0.0479676475964323,0.0473531501361272,34.0,0.0236740112304687,0.6023391812865497,0.4971542358398437,False,11,0,7
IGD,min,NSGAII,BayesianConfig_ECMADE_MOO,18,-0.0244829291169515,-0.0324994239234619,1.0,1.52587890625e-05,-0.9883040935672516,0.0005950927734375,True,1,0,17
IGD,min,NSGAII,ExperimentC_StabilityAware_ECMADE_MOO,18,0.0406875916428982,0.0494296065013389,21.0,0.0033645629882812,0.7543859649122807,0.0908432006835937,False,12,0,6
IGD,min,NSGAII,ExperimentC_GlobalTheta034_ECMADE_MOO,18,0.05796466562729,0.0807169982909867,21.0,0.0033645629882812,0.7543859649122807,0.0908432006835937,False,12,0,6
IGD,min,NSGAII,ExperimentC_GlobalTheta037_ECMADE_MOO,18,0.05796466562729,0.0795702660342515,21.0,0.0033645629882812,0.7543859649122807,0.0908432006835937,False,12,0,6
IGD,min,NSGAII,ECMADE_MOO,18,-0.0244846502095734,-0.0326378807540205,1.0,1.52587890625e-05,-0.9883040935672516,0.0005950927734375,True,1,0,17
IGD,min,SPEA2,MOEAD,18,0.0426678629172571,0.0417967939767373,0.0,7.62939453125e-06,1.0,0.0005035400390625,True,18,0,0
IGD,min,SPEA2,GDE3,18,0.53899149338583,0.608319172954173,0.0,7.62939453125e-06,1.0,0.0005035400390625,True,18,0,0
IGD,min,SPEA2,A_MPMO,18,0.023242866335756,0.0265027760932275,0.0,7.62939453125e-06,1.0,0.0005035400390625,True,18,0,0
IGD,min,SPEA2,RandomConfig_ECMADE_MOO,18,0.0149259519562034,0.0476707334607654,42.0,0.0599365234375,0.5087719298245614,0.9857177734375,False,11,0,7
IGD,min,SPEA2,MetaTransfer_ECMADE_MOO,18,0.0458817546255641,0.0481081043115468,34.0,0.0236740112304687,0.6023391812865497,0.4971542358398437,False,11,0,7
IGD,min,SPEA2,BayesianConfig_ECMADE_MOO,18,-0.0236636027397846,-0.0317444697480423,0.0,7.62939453125e-06,-1.0,0.0005035400390625,True,0,0,18
IGD,min,SPEA2,ExperimentC_StabilityAware_ECMADE_MOO,18,0.0381703555353928,0.0501845606767586,13.0,0.00067138671875,0.847953216374269,0.02215576171875,True,15,0,3
IGD,min,SPEA2,ExperimentC_GlobalTheta034_ECMADE_MOO,18,0.0548820747308327,0.0814719524664063,12.0,0.0005340576171875,0.8596491228070176,0.0186920166015625,True,15,0,3
IGD,min,SPEA2,ExperimentC_GlobalTheta037_ECMADE_MOO,18,0.0548820747308327,0.0803252202096711,12.0,0.0005340576171875,0.8596491228070176,0.0186920166015625,True,15,0,3
IGD,min,SPEA2,ECMADE_MOO,18,-0.0236653238324064,-0.0318829265786008,0.0,7.62939453125e-06,-1.0,0.0005035400390625,True,0,0,18
IGD,min,MOEAD,GDE3,18,0.4882652314878484,0.5665223789774357,0.0,7.62939453125e-06,1.0,0.0005035400390625,True,18,0,0
IGD,min,MOEAD,A_MPMO,18,-0.01652147272851,-0.0152940178835098,17.0,0.0015792846679687,-0.8011695906432749,0.0457992553710937,True,5,0,13
IGD,min,MOEAD,RandomConfig_ECMADE_MOO,18,-0.0264513724767654,0.005873939484028,82.0,0.8985748291015625,-0.0409356725146198,1.0,False,7,0,11
IGD,min,MOEAD,MetaTransfer_ECMADE_MOO,18,0.0098838805306815,0.0063113103348095,82.0,0.8985748291015625,0.0409356725146198,1.0,False,10,0,8
IGD,min,MOEAD,BayesianConfig_ECMADE_MOO,18,-0.0663190179311388,-0.0735412637247797,0.0,7.62939453125e-06,-1.0,0.0005035400390625,True,0,0,18
IGD,min,MOEAD,ExperimentC_StabilityAware_ECMADE_MOO,18,-0.0105489850293348,0.0083877667000212,79.0,0.7987060546875,0.0760233918128654,1.0,False,8,0,10
IGD,min,MOEAD,ExperimentC_GlobalTheta034_ECMADE_MOO,18,0.0230958054556752,0.0396751584896689,54.0,0.1814651489257812,0.3684210526315789,1.0,False,11,0,7
IGD,min,MOEAD,ExperimentC_GlobalTheta037_ECMADE_MOO,18,0.0230958054556752,0.0385284262329337,55.0,0.1963882446289062,0.3567251461988304,1.0,False,11,0,7
IGD,min,MOEAD,ECMADE_MOO,18,-0.066253926482764,-0.0736797205553382,0.0,7.62939453125e-06,-1.0,0.0005035400390625,True,0,0,18
IGD,min,GDE3,A_MPMO,18,-0.5061083634421165,-0.5818163968609456,0.0,7.62939453125e-06,-1.0,0.0005035400390625,True,0,0,18
IGD,min,GDE3,RandomConfig_ECMADE_MOO,18,-0.5398982694916615,-0.5606484394934076,0.0,7.62939453125e-06,-1.0,0.0005035400390625,True,0,0,18
IGD,min,GDE3,MetaTransfer_ECMADE_MOO,18,-0.5370776538368514,-0.5602110686426262,0.0,7.62939453125e-06,-1.0,0.0005035400390625,True,0,0,18
IGD,min,GDE3,BayesianConfig_ECMADE_MOO,18,-0.5748335145711978,-0.6400636427022154,0.0,7.62939453125e-06,-1.0,0.0005035400390625,True,0,0,18
IGD,min,GDE3,ExperimentC_StabilityAware_ECMADE_MOO,18,-0.527334072868881,-0.5581346122774145,0.0,7.62939453125e-06,-1.0,0.0005035400390625,True,0,0,18
IGD,min,GDE3,ExperimentC_GlobalTheta034_ECMADE_MOO,18,-0.5186772531346757,-0.5268472204877668,0.0,7.62939453125e-06,-1.0,0.0005035400390625,True,0,0,18
IGD,min,GDE3,ExperimentC_GlobalTheta037_ECMADE_MOO,18,-0.5191607868610744,-0.527993952744502,0.0,7.62939453125e-06,-1.0,0.0005035400390625,True,0,0,18
IGD,min,GDE3,ECMADE_MOO,18,-0.5742620322621046,-0.640202099532774,0.0,7.62939453125e-06,-1.0,0.0005035400390625,True,0,0,18
IGD,min,A_MPMO,RandomConfig_ECMADE_MOO,18,-0.005332541976112,0.0211679573675379,63.0,0.3465499877929687,0.2631578947368421,1.0,False,9,0,9
IGD,min,A_MPMO,MetaTransfer_ECMADE_MOO,18,0.0253696279889706,0.0216053282183193,54.0,0.1814651489257812,0.3684210526315789,1.0,False,10,0,8
IGD,min,A_MPMO,BayesianConfig_ECMADE_MOO,18,-0.0448356177342122,-0.0582472458412698,0.0,7.62939453125e-06,-1.0,0.0005035400390625,True,0,0,18
IGD,min,A_MPMO,ExperimentC_StabilityAware_ECMADE_MOO,18,0.0209741922552558,0.023681784583531,42.0,0.0599365234375,0.5087719298245614,0.9857177734375,False,11,0,7
IGD,min,A_MPMO,ExperimentC_GlobalTheta034_ECMADE_MOO,18,0.0316571947125195,0.0549691763731788,32.0,0.0182342529296875,0.6257309941520468,0.4193878173828125,False,12,0,6
IGD,min,A_MPMO,ExperimentC_GlobalTheta037_ECMADE_MOO,18,0.0316571947125195,0.0538224441164436,33.0,0.02081298828125,0.6140350877192983,0.4578857421875,False,12,0,6
IGD,min,A_MPMO,ECMADE_MOO,18,-0.0449533205437086,-0.0583857026718284,0.0,7.62939453125e-06,-1.0,0.0005035400390625,True,0,0,18
IGD,min,RandomConfig_ECMADE_MOO,MetaTransfer_ECMADE_MOO,18,-0.0090269727380511,0.0004373708507814,62.0,0.51708984375,-0.1895424836601307,1.0,False,7,1,10
IGD,min,RandomConfig_ECMADE_MOO,BayesianConfig_ECMADE_MOO,18,-0.0380238946931555,-0.0794152032088078,9.0,0.0002517700195312,-0.8947368421052632,0.0093154907226562,True,2,0,16
IGD,min,RandomConfig_ECMADE_MOO,ExperimentC_StabilityAware_ECMADE_MOO,18,0.0025493546438473,0.0025138272159931,59.0,0.668548583984375,0.1323529411764706,1.0,False,10,2,6
IGD,min,RandomConfig_ECMADE_MOO,ExperimentC_GlobalTheta034_ECMADE_MOO,18,0.0102962607945378,0.0338012190056408,16.0,0.01025390625,0.7333333333333333,0.24609375,False,13,3,2
IGD,min,RandomConfig_ECMADE_MOO,ExperimentC_GlobalTheta037_ECMADE_MOO,18,0.0098127270681393,0.0326544867489056,30.0,0.02667236328125,0.6078431372549019,0.50677490234375,False,13,1,4
IGD,min,RandomConfig_ECMADE_MOO,ECMADE_MOO,18,-0.0380238946931555,-0.0795536600393663,5.0,0.00030517578125,-0.9264705882352942,0.010986328125,True,2,2,14
IGD,min,MetaTransfer_ECMADE_MOO,BayesianConfig_ECMADE_MOO,18,-0.0621207624193428,-0.0798525740595892,13.0,0.00067138671875,-0.847953216374269,0.02215576171875,True,4,0,14
IGD,min,MetaTransfer_ECMADE_MOO,ExperimentC_StabilityAware_ECMADE_MOO,18,0.0057240453492578,0.0020764563652117,80.0,0.83172607421875,0.0643274853801169,1.0,False,9,0,9
IGD,min,MetaTransfer_ECMADE_MOO,ExperimentC_GlobalTheta034_ECMADE_MOO,18,0.0175397599308055,0.0333638481548594,15.0,0.0010452270507812,0.8245614035087719,0.0313568115234375,True,15,0,3
IGD,min,MetaTransfer_ECMADE_MOO,ExperimentC_GlobalTheta037_ECMADE_MOO,18,0.017056226204407,0.0322171158981242,18.0,0.0019302368164062,0.7894736842105263,0.054046630859375,False,15,0,3
IGD,min,MetaTransfer_ECMADE_MOO,ECMADE_MOO,18,-0.0621207624193428,-0.0799910308901477,13.0,0.00067138671875,-0.847953216374269,0.02215576171875,True,4,0,14
IGD,min,BayesianConfig_ECMADE_MOO,ExperimentC_StabilityAware_ECMADE_MOO,18,0.0590065096693482,0.0819290304248009,0.0,7.62939453125e-06,1.0,0.0005035400390625,True,18,0,0
IGD,min,BayesianConfig_ECMADE_MOO,ExperimentC_GlobalTheta034_ECMADE_MOO,18,0.0752439933054508,0.1132164222144486,0.0,7.62939453125e-06,1.0,0.0005035400390625,True,18,0,0
IGD,min,BayesianConfig_ECMADE_MOO,ExperimentC_GlobalTheta037_ECMADE_MOO,18,0.0752439933054508,0.1120696899577134,0.0,7.62939453125e-06,1.0,0.0005035400390625,True,18,0,0
IGD,min,BayesianConfig_ECMADE_MOO,ECMADE_MOO,18,0.0,-0.0001384568305585,15.0,0.232421875,0.4545454545454545,1.0,False,7,8,3
IGD,min,ExperimentC_StabilityAware_ECMADE_MOO,ExperimentC_GlobalTheta034_ECMADE_MOO,18,0.0027209501141028,0.0312873917896477,35.0,0.050537109375,0.5424836601307189,0.90966796875,False,12,1,5
IGD,min,ExperimentC_StabilityAware_ECMADE_MOO,ExperimentC_GlobalTheta037_ECMADE_MOO,18,0.0027209501141028,0.0301406595329125,22.0,0.0579833984375,0.580952380952381,0.9857177734375,False,10,4,4
IGD,min,ExperimentC_StabilityAware_ECMADE_MOO,ECMADE_MOO,18,-0.0590065096693482,-0.0820674872553594,0.0,7.62939453125e-06,-1.0,0.0005035400390625,True,0,0,18
IGD,min,ExperimentC_GlobalTheta034_ECMADE_MOO,ExperimentC_GlobalTheta037_ECMADE_MOO,18,0.0,-0.0011467322567352,5.0,0.15625,-0.6428571428571429,1.0,False,2,11,5
IGD,min,ExperimentC_GlobalTheta034_ECMADE_MOO,ECMADE_MOO,18,-0.0752457143980726,-0.1133548790450072,0.0,7.62939453125e-06,-1.0,0.0005035400390625,True,0,0,18
IGD,min,ExperimentC_GlobalTheta037_ECMADE_MOO,ECMADE_MOO,18,-0.0752457143980726,-0.112208146788272,0.0,7.62939453125e-06,-1.0,0.0005035400390625,True,0,0,18
PF_Overlap,max,NSGAII,SPEA2,18,0.0068965517241379,0.011226747797983,32.0,0.216552734375,0.3904761904761905,1.0,False,9,4,5
PF_Overlap,max,NSGAII,MOEAD,18,0.0563664790494058,0.0754033960950992,0.0,0.0001220703125,1.0,0.00634765625,True,14,4,0
PF_Overlap,max,NSGAII,GDE3,18,0.0796435272045028,0.0948615444833796,0.0,0.0001220703125,1.0,0.00634765625,True,14,4,0
PF_Overlap,max,NSGAII,A_MPMO,18,0.0427155172413793,0.0579722361502695,0.0,0.0001220703125,1.0,0.00634765625,True,14,4,0
PF_Overlap,max,NSGAII,RandomConfig_ECMADE_MOO,18,0.0222906403940886,0.0329306275517,29.0,0.153076171875,0.4476190476190476,1.0,False,10,4,4
PF_Overlap,max,NSGAII,MetaTransfer_ECMADE_MOO,18,0.0332101806239737,0.0548778173115685,16.0,0.020263671875,0.6952380952380952,0.506591796875,False,11,4,3
PF_Overlap,max,NSGAII,BayesianConfig_ECMADE_MOO,18,-0.1101766190075693,-0.1296682692028443,18.0,0.0019302368164062,-0.7894736842105263,0.061767578125,False,4,0,14
PF_Overlap,max,NSGAII,ExperimentC_StabilityAware_ECMADE_MOO,18,0.0585764809902741,0.0834558237617621,0.0,0.0001220703125,1.0,0.00634765625,True,14,4,0
PF_Overlap,max,NSGAII,ExperimentC_GlobalTheta034_ECMADE_MOO,18,0.0570380194518125,0.0824936213748725,0.0,0.0001220703125,1.0,0.00634765625,True,14,4,0
PF_Overlap,max,NSGAII,ExperimentC_GlobalTheta037_ECMADE_MOO,18,0.0570380194518125,0.0820636973225455,0.0,0.0001220703125,1.0,0.00634765625,True,14,4,0
PF_Overlap,max,NSGAII,ECMADE_MOO,18,-0.0971684889262685,-0.1301610103966997,22.0,0.0040054321289062,-0.7426900584795322,0.11328125,False,4,0,14
PF_Overlap,max,SPEA2,MOEAD,18,0.0400335775335775,0.0641766482971161,3.0,0.0006103515625,0.9428571428571428,0.020751953125,True,13,4,1
PF_Overlap,max,SPEA2,GDE3,18,0.0456807081807081,0.0836347966853965,0.0,0.0001220703125,1.0,0.00634765625,True,14,4,0
PF_Overlap,max,SPEA2,A_MPMO,18,0.0297771672771672,0.0467454883522864,1.0,0.000244140625,0.9809523809523808,0.009765625,True,13,4,1
PF_Overlap,max,SPEA2,RandomConfig_ECMADE_MOO,18,0.0074786324786325,0.0217038797537169,25.0,0.090576171875,0.5238095238095238,1.0,False,10,4,4
PF_Overlap,max,SPEA2,MetaTransfer_ECMADE_MOO,18,0.0123789173789173,0.0436510695135854,0.0,0.0001220703125,1.0,0.00634765625,True,14,4,0
PF_Overlap,max,SPEA2,BayesianConfig_ECMADE_MOO,18,-0.1002523128679562,-0.1408950170008274,10.0,0.0003280639648437,-0.8830409356725146,0.0121383666992187,True,2,0,16
PF_Overlap,max,SPEA2,ExperimentC_StabilityAware_ECMADE_MOO,18,0.0362564102564102,0.072229075963779,0.0,0.0001220703125,1.0,0.00634765625,True,14,4,0
PF_Overlap,max,SPEA2,ExperimentC_GlobalTheta034_ECMADE_MOO,18,0.0381410256410256,0.0712668735768894,0.0,0.0001220703125,1.0,0.00634765625,True,14,4,0
PF_Overlap,max,SPEA2,ExperimentC_GlobalTheta037_ECMADE_MOO,18,0.0375237416904083,0.0708369495245624,0.0,0.0001220703125,1.0,0.00634765625,True,14,4,0
PF_Overlap,max,SPEA2,ECMADE_MOO,18,-0.0890461485675074,-0.1413877581946828,11.0,0.0004196166992187,-0.8713450292397661,0.015106201171875,True,2,0,16
PF_Overlap,max,MOEAD,GDE3,18,0.0060524746571258,0.0194581483882804,0.0,0.000244140625,1.0,0.009765625,True,13,5,0
PF_Overlap,max,MOEAD,A_MPMO,18,-0.0068830394411789,-0.0174311599448296,11.0,0.013427734375,-0.7582417582417582,0.34912109375,False,2,5,11
PF_Overlap,max,MOEAD,RandomConfig_ECMADE_MOO,18,0.0,-0.0424727685433991,32.0,0.216552734375,-0.3904761904761905,1.0,False,7,4,7
PF_Overlap,max,MOEAD,MetaTransfer_ECMADE_MOO,18,0.0,-0.0205255787835306,37.0,0.587890625,-0.1868131868131868,1.0,False,8,5,5
PF_Overlap,max,MOEAD,BayesianConfig_ECMADE_MOO,18,-0.197320768662232,-0.2050716652979435,1.0,1.52587890625e-05,-0.9883040935672516,0.0008544921875,True,1,0,17
PF_Overlap,max,MOEAD,ExperimentC_StabilityAware_ECMADE_MOO,18,0.0012121212121212,0.0080524276666629,31.0,0.339599609375,0.3186813186813186,1.0,False,9,5,4
PF_Overlap,max,MOEAD,ExperimentC_GlobalTheta034_ECMADE_MOO,18,0.001,0.0070902252797732,36.0,0.541748046875,0.2087912087912088,1.0,False,9,5,4
PF_Overlap,max,MOEAD,ExperimentC_GlobalTheta037_ECMADE_MOO,18,0.001,0.0066603012274463,37.0,0.587890625,0.1868131868131868,1.0,False,9,5,4
PF_Overlap,max,MOEAD,ECMADE_MOO,18,-0.1874435847840103,-0.2055644064917989,1.0,1.52587890625e-05,-0.9883040935672516,0.0008544921875,True,1,0,17
PF_Overlap,max,GDE3,A_MPMO,18,-0.0129355140983047,-0.0368893083331101,0.0,0.000244140625,-1.0,0.009765625,True,0,5,13
PF_Overlap,max,GDE3,RandomConfig_ECMADE_MOO,18,-0.0014157509157509,-0.0619309169316796,0.0,0.0009765625,-1.0,0.0322265625,True,0,7,11
PF_Overlap,max,GDE3,MetaTransfer_ECMADE_MOO,18,-0.0003205128205128,-0.0399837271718111,0.0,0.00390625,-1.0,0.11328125,False,0,9,9
PF_Overlap,max,GDE3,BayesianConfig_ECMADE_MOO,18,-0.2131152993348115,-0.224529813686224,0.0,7.62939453125e-06,-1.0,0.0005035400390625,True,0,0,18
PF_Overlap,max,GDE3,ExperimentC_StabilityAware_ECMADE_MOO,18,-0.0005,-0.0114057207216175,0.0,0.00390625,-1.0,0.11328125,False,0,9,9
PF_Overlap,max,GDE3,ExperimentC_GlobalTheta034_ECMADE_MOO,18,-0.0023348098929494,-0.0123679231085071,0.0,0.001953125,-1.0,0.061767578125,False,0,8,10
PF_Overlap,max,GDE3,ExperimentC_GlobalTheta037_ECMADE_MOO,18,-0.0023348098929494,-0.012797847160834,0.0,0.001953125,-1.0,0.061767578125,False,0,8,10
PF_Overlap,max,GDE3,ECMADE_MOO,18,-0.2084192672998643,-0.2250225548800793,0.0,7.62939453125e-06,-1.0,0.0005035400390625,True,0,0,18
PF_Overlap,max,A_MPMO,RandomConfig_ECMADE_MOO,18,0.0,-0.0250416085985695,42.0,0.5416259765625,-0.2,1.0,False,7,4,7
PF_Overlap,max,A_MPMO,MetaTransfer_ECMADE_MOO,18,0.0011494252873563,-0.003094418838701,49.0,0.855224609375,0.0666666666666666,1.0,False,9,4,5
PF_Overlap,max,A_MPMO,BayesianConfig_ECMADE_MOO,18,-0.1754886697803148,-0.1876405053531139,0.0,7.62939453125e-06,-1.0,0.0005035400390625,True,0,0,18
PF_Overlap,max,A_MPMO,ExperimentC_StabilityAware_ECMADE_MOO,18,0.0058976464148877,0.0254835876114925,15.0,0.03271484375,0.6703296703296703,0.78515625,False,11,5,2
PF_Overlap,max,A_MPMO,ExperimentC_GlobalTheta034_ECMADE_MOO,18,0.0050209391428316,0.0245213852246029,20.0,0.0418701171875,0.6190476190476191,0.9630126953125,False,11,4,3
PF_Overlap,max,A_MPMO,ExperimentC_GlobalTheta037_ECMADE_MOO,18,0.0050209391428316,0.024091461172276,22.0,0.0579833984375,0.580952380952381,1.0,False,11,4,3
PF_Overlap,max,A_MPMO,ECMADE_MOO,18,-0.162480539699014,-0.1881332465469692,0.0,7.62939453125e-06,-1.0,0.0005035400390625,True,0,0,18
PF_Overlap,max,RandomConfig_ECMADE_MOO,MetaTransfer_ECMADE_MOO,18,0.0,0.0219471897598684,22.0,0.365234375,0.3333333333333333,1.0,False,7,7,4
PF_Overlap,max,RandomConfig_ECMADE_MOO,BayesianConfig_ECMADE_MOO,18,-0.1420151626314502,-0.1625988967545444,7.0,0.0001449584960937,-0.9181286549707602,0.00634765625,True,1,0,17
PF_Overlap,max,RandomConfig_ECMADE_MOO,ExperimentC_StabilityAware_ECMADE_MOO,18,0.0,0.0505251962100621,6.0,0.0546875,0.7333333333333333,1.0,False,7,9,2
PF_Overlap,max,RandomConfig_ECMADE_MOO,ExperimentC_GlobalTheta034_ECMADE_MOO,18,0.0,0.0495629938231724,27.0,0.21630859375,0.4065934065934066,1.0,False,7,5,6
PF_Overlap,max,RandomConfig_ECMADE_MOO,ExperimentC_GlobalTheta037_ECMADE_MOO,18,0.0,0.0491330697708455,27.0,0.21630859375,0.4065934065934066,1.0,False,7,5,6
PF_Overlap,max,RandomConfig_ECMADE_MOO,ECMADE_MOO,18,-0.1319736473226801,-0.1630916379483997,6.0,0.00042724609375,-0.9117647058823528,0.015106201171875,True,1,2,15
PF_Overlap,max,MetaTransfer_ECMADE_MOO,BayesianConfig_ECMADE_MOO,18,-0.1541393889798145,-0.1845460865144128,4.0,5.340576171875e-05,-0.953216374269006,0.0028839111328125,True,1,0,17
PF_Overlap,max,MetaTransfer_ECMADE_MOO,ExperimentC_StabilityAware_ECMADE_MOO,18,0.0,0.0285780064501936,7.0,0.07421875,0.6888888888888889,1.0,False,6,9,3
PF_Overlap,max,MetaTransfer_ECMADE_MOO,ExperimentC_GlobalTheta034_ECMADE_MOO,18,0.0,0.0276158040633039,14.0,0.193359375,0.4909090909090909,1.0,False,6,8,4
PF_Overlap,max,MetaTransfer_ECMADE_MOO,ExperimentC_GlobalTheta037_ECMADE_MOO,18,0.0,0.027185880010977,14.0,0.193359375,0.4909090909090909,1.0,False,6,8,4
PF_Overlap,max,MetaTransfer_ECMADE_MOO,ECMADE_MOO,18,-0.1529347028613353,-0.1850388277082682,6.0,0.0001068115234375,-0.9298245614035088,0.0056610107421875,True,1,0,17
PF_Overlap,max,BayesianConfig_ECMADE_MOO,ExperimentC_StabilityAware_ECMADE_MOO,18,0.1999344188150158,0.2131240929646065,0.0,7.62939453125e-06,1.0,0.0005035400390625,True,18,0,0
PF_Overlap,max,BayesianConfig_ECMADE_MOO,ExperimentC_GlobalTheta034_ECMADE_MOO,18,0.1943283582089552,0.2121618905777168,0.0,7.62939453125e-06,1.0,0.0005035400390625,True,18,0,0
PF_Overlap,max,BayesianConfig_ECMADE_MOO,ExperimentC_GlobalTheta037_ECMADE_MOO,18,0.1943283582089552,0.2117319665253899,0.0,7.62939453125e-06,1.0,0.0005035400390625,True,18,0,0
PF_Overlap,max,BayesianConfig_ECMADE_MOO,ECMADE_MOO,18,0.0,-0.0004927411938553,17.0,0.9453125,0.0555555555555555,1.0,False,5,10,3
PF_Overlap,max,ExperimentC_StabilityAware_ECMADE_MOO,ExperimentC_GlobalTheta034_ECMADE_MOO,18,0.0,-0.0009622023868896,19.0,0.431640625,-0.3090909090909091,1.0,False,4,8,6
PF_Overlap,max,ExperimentC_StabilityAware_ECMADE_MOO,ExperimentC_GlobalTheta037_ECMADE_MOO,18,0.0,-0.0013921264392165,7.0,0.1484375,-0.6111111111111112,1.0,False,2,10,6
PF_Overlap,max,ExperimentC_StabilityAware_ECMADE_MOO,ECMADE_MOO,18,-0.1999344188150158,-0.2136168341584618,0.0,7.62939453125e-06,-1.0,0.0005035400390625,True,0,0,18
PF_Overlap,max,ExperimentC_GlobalTheta034_ECMADE_MOO,ExperimentC_GlobalTheta037_ECMADE_MOO,18,0.0,-0.0004299240523269,0.0,0.5,-1.0,1.0,False,0,16,2
PF_Overlap,max,ExperimentC_GlobalTheta034_ECMADE_MOO,ECMADE_MOO,18,-0.1943283582089552,-0.2126546317715722,0.0,7.62939453125e-06,-1.0,0.0005035400390625,True,0,0,18
PF_Overlap,max,ExperimentC_GlobalTheta037_ECMADE_MOO,ECMADE_MOO,18,-0.1943283582089552,-0.2122247077192453,0.0,7.62939453125e-06,-1.0,0.0005035400390625,True,0,0,18
PF_Drift,min,NSGAII,SPEA2,18,0.0041795664091526,0.0041383681707887,21.0,0.0033645629882812,0.7543859649122807,0.13458251953125,False,14,0,4
PF_Drift,min,NSGAII,MOEAD,18,0.0032159544170612,0.0038850807065267,19.0,0.0023345947265625,0.7777777777777778,0.098052978515625,False,15,0,3
PF_Drift,min,NSGAII,GDE3,18,0.0185846447885826,0.018168953174751,18.0,0.0019302368164062,0.7894736842105263,0.084930419921875,False,14,0,4
PF_Drift,min,NSGAII,A_MPMO,18,0.009687955298248,0.0098477839805666,8.0,0.0001907348632812,0.9064327485380116,0.0104904174804687,True,15,0,3
PF_Drift,min,NSGAII,RandomConfig_ECMADE_MOO,18,0.0148084007803815,0.014581543661025,11.0,0.0004196166992187,0.8713450292397661,0.0222396850585937,True,15,0,3
PF_Drift,min,NSGAII,MetaTransfer_ECMADE_MOO,18,0.0141972888690106,0.0164393217102433,1.0,1.52587890625e-05,0.9883040935672516,0.0009307861328125,True,17,0,1
PF_Drift,min,NSGAII,BayesianConfig_ECMADE_MOO,18,0.0042504745081221,0.004998123710126,43.0,0.0665359497070312,0.4970760233918128,1.0,False,13,0,5
PF_Drift,min,NSGAII,ExperimentC_StabilityAware_ECMADE_MOO,18,0.0177573130630003,0.0194494973508033,0.0,7.62939453125e-06,1.0,0.0005035400390625,True,18,0,0
PF_Drift,min,NSGAII,ExperimentC_GlobalTheta034_ECMADE_MOO,18,0.0230633186197004,0.0231244567738314,0.0,7.62939453125e-06,1.0,0.0005035400390625,True,18,0,0
PF_Drift,min,NSGAII,ExperimentC_GlobalTheta037_ECMADE_MOO,18,0.0242742551496494,0.0233853829762015,0.0,7.62939453125e-06,1.0,0.0005035400390625,True,18,0,0
PF_Drift,min,NSGAII,ECMADE_MOO,18,0.0036273890975272,0.0047209903774322,48.0,0.1083831787109375,0.4385964912280701,1.0,False,12,0,6
PF_Drift,min,SPEA2,MOEAD,18,-0.0007623732092173,-0.0002532874642619,79.0,0.7987060546875,-0.0760233918128654,1.0,False,8,0,10
PF_Drift,min,SPEA2,GDE3,18,0.0142923288942408,0.0140305850039623,22.0,0.0040054321289062,0.7426900584795322,0.1562118530273437,False,13,0,5
PF_Drift,min,SPEA2,A_MPMO,18,0.0051627413402594,0.0057094158097779,35.0,0.0268478393554687,0.5906432748538012,0.8054351806640625,False,14,0,4
PF_Drift,min,SPEA2,RandomConfig_ECMADE_MOO,18,0.0122154110685221,0.0104431754902363,33.0,0.02081298828125,0.6140350877192983,0.64520263671875,False,13,0,5
PF_Drift,min,SPEA2,MetaTransfer_ECMADE_MOO,18,0.0133176966562146,0.0123009535394546,16.0,0.0012893676757812,0.8128654970760234,0.0580215454101562,False,15,0,3
PF_Drift,min,SPEA2,BayesianConfig_ECMADE_MOO,18,-0.0018080024487446,0.0008597555393373,82.0,0.8985748291015625,-0.0409356725146198,1.0,False,8,0,10
PF_Drift,min,SPEA2,ExperimentC_StabilityAware_ECMADE_MOO,18,0.0145904747123104,0.0153111291800146,6.0,0.0001068115234375,0.9298245614035088,0.006195068359375,True,16,0,2
PF_Drift,min,SPEA2,ExperimentC_GlobalTheta034_ECMADE_MOO,18,0.0205985103416482,0.0189860886030427,3.0,3.814697265625e-05,0.9649122807017544,0.002288818359375,True,17,0,1
PF_Drift,min,SPEA2,ExperimentC_GlobalTheta037_ECMADE_MOO,18,0.0214497294020647,0.0192470148054128,3.0,3.814697265625e-05,0.9649122807017544,0.002288818359375,True,17,0,1
PF_Drift,min,SPEA2,ECMADE_MOO,18,-0.0018080024487446,0.0005826222066435,76.0,0.7018814086914062,-0.1111111111111111,1.0,False,7,0,11
PF_Drift,min,MOEAD,GDE3,18,0.0153224224843186,0.0142838724682243,29.0,0.0120315551757812,0.6608187134502924,0.4090728759765625,False,13,0,5
PF_Drift,min,MOEAD,A_MPMO,18,0.0087945091140263,0.0059627032740398,28.0,0.010406494140625,0.672514619883041,0.364227294921875,False,14,0,4
PF_Drift,min,MOEAD,RandomConfig_ECMADE_MOO,18,0.0107413103285383,0.0106964629544983,27.0,0.0089645385742187,0.6842105263157895,0.3316879272460937,False,15,0,3
PF_Drift,min,MOEAD,MetaTransfer_ECMADE_MOO,18,0.0122781138063442,0.0125542410037165,11.0,0.0004196166992187,0.8713450292397661,0.0222396850585937,True,15,0,3
PF_Drift,min,MOEAD,BayesianConfig_ECMADE_MOO,18,0.0003841019089807,0.0011130430035993,83.0,0.932281494140625,0.0292397660818713,1.0,False,10,0,8
PF_Drift,min,MOEAD,ExperimentC_StabilityAware_ECMADE_MOO,18,0.0156114958261209,0.0155644166442765,9.0,0.0002517700195312,0.8947368421052632,0.0135955810546875,True,17,0,1
PF_Drift,min,MOEAD,ExperimentC_GlobalTheta034_ECMADE_MOO,18,0.0192733556846258,0.0192393760673046,0.0,7.62939453125e-06,1.0,0.0005035400390625,True,18,0,0
PF_Drift,min,MOEAD,ExperimentC_GlobalTheta037_ECMADE_MOO,18,0.0210095298427989,0.0195003022696747,0.0,7.62939453125e-06,1.0,0.0005035400390625,True,18,0,0
PF_Drift,min,MOEAD,ECMADE_MOO,18,-0.0014090858448718,0.0008359096709055,79.0,0.7987060546875,-0.0760233918128654,1.0,False,9,0,9
PF_Drift,min,GDE3,A_MPMO,18,-0.0043808722140876,-0.0083211691941844,52.0,0.1540451049804687,-0.391812865497076,1.0,False,7,0,11
PF_Drift,min,GDE3,RandomConfig_ECMADE_MOO,18,-0.0041360737298486,-0.003587409513726,74.0,0.6396942138671875,-0.1345029239766081,1.0,False,7,0,11
PF_Drift,min,GDE3,MetaTransfer_ECMADE_MOO,18,-0.0009764137984876,-0.0017296314645077,83.0,0.932281494140625,-0.0292397660818713,1.0,False,9,0,9
PF_Drift,min,GDE3,BayesianConfig_ECMADE_MOO,18,-0.0122197177067318,-0.013170829464625,38.0,0.0384902954101562,-0.5555555555555556,1.0,False,6,0,12
PF_Drift,min,GDE3,ExperimentC_StabilityAware_ECMADE_MOO,18,0.0027334064825667,0.0012805441760522,77.0,0.7337265014648438,0.0994152046783625,1.0,False,10,0,8
PF_Drift,min,GDE3,ExperimentC_GlobalTheta034_ECMADE_MOO,18,0.0106360862738429,0.0049555035990803,63.0,0.3465499877929687,0.2631578947368421,1.0,False,11,0,7
PF_Drift,min,GDE3,ExperimentC_GlobalTheta037_ECMADE_MOO,18,0.0106360862738429,0.0052164298014504,59.0,0.2645263671875,0.3099415204678362,1.0,False,11,0,7
PF_Drift,min,GDE3,ECMADE_MOO,18,-0.013379879118077,-0.0134479627973187,39.0,0.0431671142578125,-0.543859649122807,1.0,False,6,0,12
PF_Drift,min,A_MPMO,RandomConfig_ECMADE_MOO,18,0.0017280551940115,0.0047337596804584,60.0,0.2837295532226562,0.2982456140350877,1.0,False,10,0,8
PF_Drift,min,A_MPMO,MetaTransfer_ECMADE_MOO,18,0.0005549812889447,0.0065915377296766,55.0,0.1963882446289062,0.3567251461988304,1.0,False,9,0,9
PF_Drift,min,A_MPMO,BayesianConfig_ECMADE_MOO,18,-0.0052352431765478,-0.0048496602704405,48.0,0.1083831787109375,-0.4385964912280701,1.0,False,4,0,14
PF_Drift,min,A_MPMO,ExperimentC_StabilityAware_ECMADE_MOO,18,0.0082537338455659,0.0096017133702366,30.0,0.0138702392578125,0.6491228070175439,0.4577178955078125,False,12,0,6
PF_Drift,min,A_MPMO,ExperimentC_GlobalTheta034_ECMADE_MOO,18,0.0105445063107335,0.0132766727932647,6.0,0.0001068115234375,0.9298245614035088,0.006195068359375,True,15,0,3
PF_Drift,min,A_MPMO,ExperimentC_GlobalTheta037_ECMADE_MOO,18,0.0108742468866464,0.0135375989956348,6.0,0.0001068115234375,0.9298245614035088,0.006195068359375,True,15,0,3
PF_Drift,min,A_MPMO,ECMADE_MOO,18,-0.0050195303205416,-0.0051267936031343,44.0,0.0736846923828125,-0.4853801169590643,1.0,False,4,0,14
PF_Drift,min,RandomConfig_ECMADE_MOO,MetaTransfer_ECMADE_MOO,18,-3.72220165602323e-05,0.0018577780492182,69.0,0.7466583251953125,0.0980392156862745,1.0,False,8,1,9
PF_Drift,min,RandomConfig_ECMADE_MOO,BayesianConfig_ECMADE_MOO,18,-0.0057293314963684,-0.0095834199508989,27.0,0.0089645385742187,-0.6842105263157895,0.3316879272460937,False,4,0,14
PF_Drift,min,RandomConfig_ECMADE_MOO,ExperimentC_StabilityAware_ECMADE_MOO,18,0.0092252752852021,0.0048679536897782,44.0,0.231201171875,0.3529411764705882,1.0,False,11,2,5
PF_Drift,min,RandomConfig_ECMADE_MOO,ExperimentC_GlobalTheta034_ECMADE_MOO,18,0.0104148454534371,0.0085429131128063,23.0,0.03533935546875,0.6166666666666667,0.95416259765625,False,12,3,3
PF_Drift,min,RandomConfig_ECMADE_MOO,ExperimentC_GlobalTheta037_ECMADE_MOO,18,0.0102121120973247,0.0088038393151764,28.0,0.0201568603515625,0.6339869281045751,0.64501953125,False,14,1,3
PF_Drift,min,RandomConfig_ECMADE_MOO,ECMADE_MOO,18,-0.0068894929077137,-0.0098605532835927,18.0,0.00762939453125,-0.7352941176470589,0.2899169921875,False,3,2,13
PF_Drift,min,MetaTransfer_ECMADE_MOO,BayesianConfig_ECMADE_MOO,18,-0.0070175051765143,-0.0114411980001172,19.0,0.0023345947265625,-0.7777777777777778,0.098052978515625,False,3,0,15
PF_Drift,min,MetaTransfer_ECMADE_MOO,ExperimentC_StabilityAware_ECMADE_MOO,18,0.0035152963941829,0.0030101756405599,55.0,0.1963882446289062,0.3567251461988304,1.0,False,12,0,6
PF_Drift,min,MetaTransfer_ECMADE_MOO,ExperimentC_GlobalTheta034_ECMADE_MOO,18,0.0108404677504117,0.006685135063588,36.0,0.030364990234375,0.5789473684210527,0.8502197265625,False,14,0,4
PF_Drift,min,MetaTransfer_ECMADE_MOO,ExperimentC_GlobalTheta037_ECMADE_MOO,18,0.0108404677504117,0.0069460612659581,35.0,0.0268478393554687,0.5906432748538012,0.8054351806640625,False,15,0,3
PF_Drift,min,MetaTransfer_ECMADE_MOO,ECMADE_MOO,18,-0.007591808037372,-0.011718331332811,18.0,0.0019302368164062,-0.7894736842105263,0.084930419921875,False,3,0,15
PF_Drift,min,BayesianConfig_ECMADE_MOO,ExperimentC_StabilityAware_ECMADE_MOO,18,0.0140151284771027,0.0144513736406772,12.0,0.0005340576171875,0.8596491228070176,0.0272369384765625,True,15,0,3
PF_Drift,min,BayesianConfig_ECMADE_MOO,ExperimentC_GlobalTheta034_ECMADE_MOO,18,0.0185105764954048,0.0181263330637053,14.0,0.0008392333984375,0.8362573099415205,0.0394439697265625,True,16,0,2
PF_Drift,min,BayesianConfig_ECMADE_MOO,ExperimentC_GlobalTheta037_ECMADE_MOO,18,0.020410576804363,0.0183872592660754,14.0,0.0008392333984375,0.8362573099415205,0.0394439697265625,True,16,0,2
PF_Drift,min,BayesianConfig_ECMADE_MOO,ECMADE_MOO,18,0.0,-0.0002771333326937,27.0,1.0,-0.0181818181818181,1.0,False,5,8,5
PF_Drift,min,ExperimentC_StabilityAware_ECMADE_MOO,ExperimentC_GlobalTheta034_ECMADE_MOO,18,0.0021217799473951,0.0036749594230281,45.0,0.1454315185546875,0.4117647058823529,1.0,False,11,1,6
PF_Drift,min,ExperimentC_StabilityAware_ECMADE_MOO,ExperimentC_GlobalTheta037_ECMADE_MOO,18,0.0021217799473951,0.0039358856253982,27.0,0.118896484375,0.4857142857142857,1.0,False,10,4,4
PF_Drift,min,ExperimentC_StabilityAware_ECMADE_MOO,ECMADE_MOO,18,-0.0140151284771027,-0.014728506973371,12.0,0.0005340576171875,-0.8596491228070176,0.0272369384765625,True,3,0,15
PF_Drift,min,ExperimentC_GlobalTheta034_ECMADE_MOO,ExperimentC_GlobalTheta037_ECMADE_MOO,18,0.0,0.0002609262023701,11.0,0.6875,0.2142857142857142,1.0,False,4,11,3
PF_Drift,min,ExperimentC_GlobalTheta034_ECMADE_MOO,ECMADE_MOO,18,-0.0193754875538228,-0.0184034663963991,13.0,0.00067138671875,-0.847953216374269,0.03289794921875,True,2,0,16
PF_Drift,min,ExperimentC_GlobalTheta037_ECMADE_MOO,ECMADE_MOO,18,-0.0193518463987553,-0.0186643925987692,13.0,0.00067138671875,-0.847953216374269,0.03289794921875,True,2,0,16
Diversity,max,NSGAII,SPEA2,18,-0.0394642922303761,-0.0394818212759341,0.0,7.62939453125e-06,-1.0,0.0005035400390625,True,0,0,18
Diversity,max,NSGAII,MOEAD,18,0.1292569643983065,0.1201474054338324,0.0,7.62939453125e-06,1.0,0.0005035400390625,True,18,0,0
Diversity,max,NSGAII,GDE3,18,0.0437950254803238,0.0651113218340922,22.0,0.0040054321289062,0.7426900584795322,0.0280380249023437,True,13,0,5
Diversity,max,NSGAII,A_MPMO,18,0.0028338794994582,0.0059742159219276,77.0,0.7337265014648438,0.0994152046783625,1.0,False,11,0,7
Diversity,max,NSGAII,RandomConfig_ECMADE_MOO,18,-0.2380842336095182,-0.2382739753789464,0.0,7.62939453125e-06,-1.0,0.0005035400390625,True,0,0,18
Diversity,max,NSGAII,MetaTransfer_ECMADE_MOO,18,-0.2283284733781333,-0.2313665721255436,0.0,7.62939453125e-06,-1.0,0.0005035400390625,True,0,0,18
Diversity,max,NSGAII,BayesianConfig_ECMADE_MOO,18,-0.1328572538136847,-0.1526451053411816,0.0,7.62939453125e-06,-1.0,0.0005035400390625,True,0,0,18
Diversity,max,NSGAII,ExperimentC_StabilityAware_ECMADE_MOO,18,-0.2627341885404501,-0.2777623090092084,0.0,7.62939453125e-06,-1.0,0.0005035400390625,True,0,0,18
Diversity,max,NSGAII,ExperimentC_GlobalTheta034_ECMADE_MOO,18,-0.3588473744744993,-0.4200507475072267,0.0,7.62939453125e-06,-1.0,0.0005035400390625,True,0,0,18
Diversity,max,NSGAII,ExperimentC_GlobalTheta037_ECMADE_MOO,18,-0.3571625492995575,-0.4144433675796704,0.0,7.62939453125e-06,-1.0,0.0005035400390625,True,0,0,18
Diversity,max,NSGAII,ECMADE_MOO,18,-0.1324235689764167,-0.1520401444844336,0.0,7.62939453125e-06,-1.0,0.0005035400390625,True,0,0,18
Diversity,max,SPEA2,MOEAD,18,0.1825542143139366,0.1596292267097665,0.0,7.62939453125e-06,1.0,0.0005035400390625,True,18,0,0
Diversity,max,SPEA2,GDE3,18,0.0778659947388083,0.1045931431100263,0.0,7.62939453125e-06,1.0,0.0005035400390625,True,18,0,0
Diversity,max,SPEA2,A_MPMO,18,0.0358290250382765,0.0454560371978617,0.0,7.62939453125e-06,1.0,0.0005035400390625,True,18,0,0
Diversity,max,SPEA2,RandomConfig_ECMADE_MOO,18,-0.1922934462422987,-0.1987921541030123,0.0,7.62939453125e-06,-1.0,0.0005035400390625,True,0,0,18
Diversity,max,SPEA2,MetaTransfer_ECMADE_MOO,18,-0.1813451543369573,-0.1918847508496095,0.0,7.62939453125e-06,-1.0,0.0005035400390625,True,0,0,18
Diversity,max,SPEA2,BayesianConfig_ECMADE_MOO,18,-0.0959448377980118,-0.1131632840652474,0.0,7.62939453125e-06,-1.0,0.0005035400390625,True,0,0,18
Diversity,max,SPEA2,ExperimentC_StabilityAware_ECMADE_MOO,18,-0.2059071008951682,-0.2382804877332742,0.0,7.62939453125e-06,-1.0,0.0005035400390625,True,0,0,18
Diversity,max,SPEA2,ExperimentC_GlobalTheta034_ECMADE_MOO,18,-0.3139460668276189,-0.3805689262312925,0.0,7.62939453125e-06,-1.0,0.0005035400390625,True,0,0,18
Diversity,max,SPEA2,ExperimentC_GlobalTheta037_ECMADE_MOO,18,-0.3081529671381939,-0.3749615463037364,0.0,7.62939453125e-06,-1.0,0.0005035400390625,True,0,0,18
Diversity,max,SPEA2,ECMADE_MOO,18,-0.0952472660125705,-0.1125583232084995,0.0,7.62939453125e-06,-1.0,0.0005035400390625,True,0,0,18
Diversity,max,MOEAD,GDE3,18,-0.0578847980487464,-0.0550360835997402,11.0,0.0004196166992187,-0.8713450292397661,0.0046157836914062,True,3,0,15
Diversity,max,MOEAD,A_MPMO,18,-0.1157904867812215,-0.1141731895119047,0.0,7.62939453125e-06,-1.0,0.0005035400390625,True,0,0,18
Diversity,max,MOEAD,RandomConfig_ECMADE_MOO,18,-0.3605693321226584,-0.3584213808127788,0.0,7.62939453125e-06,-1.0,0.0005035400390625,True,0,0,18
Diversity,max,MOEAD,MetaTransfer_ECMADE_MOO,18,-0.3600911536825008,-0.3515139775593761,0.0,7.62939453125e-06,-1.0,0.0005035400390625,True,0,0,18
Diversity,max,MOEAD,BayesianConfig_ECMADE_MOO,18,-0.2543072416012519,-0.272792510775014,0.0,7.62939453125e-06,-1.0,0.0005035400390625,True,0,0,18
Diversity,max,MOEAD,ExperimentC_StabilityAware_ECMADE_MOO,18,-0.4086055661033398,-0.3979097144430408,0.0,7.62939453125e-06,-1.0,0.0005035400390625,True,0,0,18
Diversity,max,MOEAD,ExperimentC_GlobalTheta034_ECMADE_MOO,18,-0.496321824985922,-0.5401981529410592,0.0,7.62939453125e-06,-1.0,0.0005035400390625,True,0,0,18
Diversity,max,MOEAD,ExperimentC_GlobalTheta037_ECMADE_MOO,18,-0.4946369998109803,-0.534590773013503,0.0,7.62939453125e-06,-1.0,0.0005035400390625,True,0,0,18
Diversity,max,MOEAD,ECMADE_MOO,18,-0.2540293808421561,-0.2721875499182661,0.0,7.62939453125e-06,-1.0,0.0005035400390625,True,0,0,18
Diversity,max,GDE3,A_MPMO,18,-0.0536156207235087,-0.0591371059121645,18.0,0.0019302368164062,-0.7894736842105263,0.01544189453125,True,5,0,13
Diversity,max,GDE3,RandomConfig_ECMADE_MOO,18,-0.2933154408939904,-0.3033852972130387,0.0,7.62939453125e-06,-1.0,0.0005035400390625,True,0,0,18
Diversity,max,GDE3,MetaTransfer_ECMADE_MOO,18,-0.3085069596897437,-0.2964778939596358,0.0,7.62939453125e-06,-1.0,0.0005035400390625,True,0,0,18
Diversity,max,GDE3,BayesianConfig_ECMADE_MOO,18,-0.2245129735343626,-0.2177564271752737,0.0,7.62939453125e-06,-1.0,0.0005035400390625,True,0,0,18
Diversity,max,GDE3,ExperimentC_StabilityAware_ECMADE_MOO,18,-0.3259902593684172,-0.3428736308433005,0.0,7.62939453125e-06,-1.0,0.0005035400390625,True,0,0,18
Diversity,max,GDE3,ExperimentC_GlobalTheta034_ECMADE_MOO,18,-0.4715477005953341,-0.4851620693413188,0.0,7.62939453125e-06,-1.0,0.0005035400390625,True,0,0,18
Diversity,max,GDE3,ExperimentC_GlobalTheta037_ECMADE_MOO,18,-0.4479803042100169,-0.4795546894137626,0.0,7.62939453125e-06,-1.0,0.0005035400390625,True,0,0,18
Diversity,max,GDE3,ECMADE_MOO,18,-0.2203963158375503,-0.2171514663185258,0.0,7.62939453125e-06,-1.0,0.0005035400390625,True,0,0,18
Diversity,max,A_MPMO,RandomConfig_ECMADE_MOO,18,-0.2301756537493607,-0.2442481913008741,0.0,7.62939453125e-06,-1.0,0.0005035400390625,True,0,0,18
Diversity,max,A_MPMO,MetaTransfer_ECMADE_MOO,18,-0.2342712699433586,-0.2373407880474712,0.0,7.62939453125e-06,-1.0,0.0005035400390625,True,0,0,18
Diversity,max,A_MPMO,BayesianConfig_ECMADE_MOO,18,-0.1408485492580511,-0.1586193212631092,0.0,7.62939453125e-06,-1.0,0.0005035400390625,True,0,0,18
Diversity,max,A_MPMO,ExperimentC_StabilityAware_ECMADE_MOO,18,-0.256165349004061,-0.283736524931136,0.0,7.62939453125e-06,-1.0,0.0005035400390625,True,0,0,18
Diversity,max,A_MPMO,ExperimentC_GlobalTheta034_ECMADE_MOO,18,-0.3571748056458715,-0.4260249634291544,0.0,7.62939453125e-06,-1.0,0.0005035400390625,True,0,0,18
Diversity,max,A_MPMO,ExperimentC_GlobalTheta037_ECMADE_MOO,18,-0.3552432254512778,-0.4204175835015982,0.0,7.62939453125e-06,-1.0,0.0005035400390625,True,0,0,18
Diversity,max,A_MPMO,ECMADE_MOO,18,-0.1408485492580511,-0.1580143604063613,0.0,7.62939453125e-06,-1.0,0.0005035400390625,True,0,0,18
Diversity,max,RandomConfig_ECMADE_MOO,MetaTransfer_ECMADE_MOO,18,0.0035452207292749,0.0069074032534027,68.0,0.7118988037109375,0.1111111111111111,1.0,False,9,1,8
Diversity,max,RandomConfig_ECMADE_MOO,BayesianConfig_ECMADE_MOO,18,0.0784464170588234,0.0856288700377649,13.0,0.00067138671875,0.847953216374269,0.00604248046875,True,14,0,4
Diversity,max,RandomConfig_ECMADE_MOO,ExperimentC_StabilityAware_ECMADE_MOO,18,-0.0026983173675172,-0.0394883336302619,46.0,0.274444580078125,-0.3235294117647059,1.0,False,6,2,10
Diversity,max,RandomConfig_ECMADE_MOO,ExperimentC_GlobalTheta034_ECMADE_MOO,18,-0.1547358111725791,-0.1817767721282802,0.0,6.103515625e-05,-1.0,0.00091552734375,True,0,3,15
Diversity,max,RandomConfig_ECMADE_MOO,ExperimentC_GlobalTheta037_ECMADE_MOO,18,-0.1344212449374804,-0.176169392200724,3.0,7.62939453125e-05,-0.9607843137254902,0.001068115234375,True,2,1,15
Diversity,max,RandomConfig_ECMADE_MOO,ECMADE_MOO,18,0.0823025633354916,0.0862338308945128,6.0,0.00042724609375,0.9117647058823528,0.0046157836914062,True,14,2,2
Diversity,max,MetaTransfer_ECMADE_MOO,BayesianConfig_ECMADE_MOO,18,0.0659330762835782,0.0787214667843621,0.0,7.62939453125e-06,1.0,0.0005035400390625,True,18,0,0
Diversity,max,MetaTransfer_ECMADE_MOO,ExperimentC_StabilityAware_ECMADE_MOO,18,-0.0214194857793753,-0.0463957368836646,27.0,0.0089645385742187,-0.6842105263157895,0.0537872314453125,False,3,0,15
Diversity,max,MetaTransfer_ECMADE_MOO,ExperimentC_GlobalTheta034_ECMADE_MOO,18,-0.1542259810938168,-0.188684175381683,0.0,7.62939453125e-06,-1.0,0.0005035400390625,True,0,0,18
Diversity,max,MetaTransfer_ECMADE_MOO,ExperimentC_GlobalTheta037_ECMADE_MOO,18,-0.1444633351946764,-0.1830767954541268,0.0,7.62939453125e-06,-1.0,0.0005035400390625,True,0,0,18
Diversity,max,MetaTransfer_ECMADE_MOO,ECMADE_MOO,18,0.0670762292032174,0.07932642764111,0.0,7.62939453125e-06,1.0,0.0005035400390625,True,18,0,0
Diversity,max,BayesianConfig_ECMADE_MOO,ExperimentC_StabilityAware_ECMADE_MOO,18,-0.1047787844180888,-0.1251172036680267,0.0,7.62939453125e-06,-1.0,0.0005035400390625,True,0,0,18
Diversity,max,BayesianConfig_ECMADE_MOO,ExperimentC_GlobalTheta034_ECMADE_MOO,18,-0.2456367600505147,-0.2674056421660451,0.0,7.62939453125e-06,-1.0,0.0005035400390625,True,0,0,18
Diversity,max,BayesianConfig_ECMADE_MOO,ExperimentC_GlobalTheta037_ECMADE_MOO,18,-0.2273178221970588,-0.2617982622384889,0.0,7.62939453125e-06,-1.0,0.0005035400390625,True,0,0,18
Diversity,max,BayesianConfig_ECMADE_MOO,ECMADE_MOO,18,0.0,0.0006049608567479,19.0,0.431640625,0.3090909090909091,1.0,False,6,8,4
Diversity,max,ExperimentC_StabilityAware_ECMADE_MOO,ExperimentC_GlobalTheta034_ECMADE_MOO,18,-0.1041841503655349,-0.1422884384980183,4.0,0.0001068115234375,-0.9477124183006536,0.0013885498046875,True,2,1,15
Diversity,max,ExperimentC_StabilityAware_ECMADE_MOO,ExperimentC_GlobalTheta037_ECMADE_MOO,18,-0.1041841503655349,-0.1366810585704621,0.0,0.0001220703125,-1.0,0.00146484375,True,0,4,14
Diversity,max,ExperimentC_StabilityAware_ECMADE_MOO,ECMADE_MOO,18,0.1053670973721275,0.1257221645247747,0.0,7.62939453125e-06,1.0,0.0005035400390625,True,18,0,0
Diversity,max,ExperimentC_GlobalTheta034_ECMADE_MOO,ExperimentC_GlobalTheta037_ECMADE_MOO,18,0.0,0.0056073799275561,4.0,0.109375,0.7142857142857143,0.546875,False,5,11,2
Diversity,max,ExperimentC_GlobalTheta034_ECMADE_MOO,ECMADE_MOO,18,0.2458598895217189,0.2680106030227931,0.0,7.62939453125e-06,1.0,0.0005035400390625,True,18,0,0
Diversity,max,ExperimentC_GlobalTheta037_ECMADE_MOO,ECMADE_MOO,18,0.225789748828478,0.2624032230952369,0.0,7.62939453125e-06,1.0,0.0005035400390625,True,18,0,0
Runtime,min,NSGAII,SPEA2,18,1.601090405,1.7821457048148146,0.0,7.62939453125e-06,1.0,0.0005035400390625,True,18,0,0
Runtime,min,NSGAII,MOEAD,18,2.023456978333334,2.8156351492592595,0.0,7.62939453125e-06,1.0,0.0005035400390625,True,18,0,0
Runtime,min,NSGAII,GDE3,18,-0.0898354066666669,-0.1940620853703703,23.0,0.0047454833984375,-0.7309941520467836,0.0332183837890625,True,6,0,12
Runtime,min,NSGAII,A_MPMO,18,0.0302349216666664,-0.0076384881481481,85.0,1.0,0.0058479532163742,1.0,False,10,0,8
Runtime,min,NSGAII,RandomConfig_ECMADE_MOO,18,0.35154318,0.3427191672222222,0.0,7.62939453125e-06,1.0,0.0005035400390625,True,18,0,0
Runtime,min,NSGAII,MetaTransfer_ECMADE_MOO,18,0.2288602833333329,0.2683878451851852,0.0,7.62939453125e-06,1.0,0.0005035400390625,True,18,0,0
Runtime,min,NSGAII,BayesianConfig_ECMADE_MOO,18,-0.0152095899999996,-0.0148999155555554,68.0,0.468292236328125,-0.2046783625730994,1.0,False,6,0,12
Runtime,min,NSGAII,ExperimentC_StabilityAware_ECMADE_MOO,18,1.0941745766666664,1.053874771296296,0.0,7.62939453125e-06,1.0,0.0005035400390625,True,18,0,0
Runtime,min,NSGAII,ExperimentC_GlobalTheta034_ECMADE_MOO,18,2.5812018133333328,2.646573546481482,0.0,7.62939453125e-06,1.0,0.0005035400390625,True,18,0,0
Runtime,min,NSGAII,ExperimentC_GlobalTheta037_ECMADE_MOO,18,6.417992683333334,6.442536701851853,0.0,7.62939453125e-06,1.0,0.0005035400390625,True,18,0,0
Runtime,min,NSGAII,ECMADE_MOO,18,0.5128435099999997,0.599050058888889,0.0,7.62939453125e-06,1.0,0.0005035400390625,True,18,0,0
Runtime,min,SPEA2,MOEAD,18,0.5814388683333331,1.0334894444444445,30.0,0.0138702392578125,0.6491228070175439,0.083221435546875,False,15,0,3
Runtime,min,SPEA2,GDE3,18,-1.937928906666667,-1.9762077901851849,0.0,7.62939453125e-06,-1.0,0.0005035400390625,True,0,0,18
Runtime,min,SPEA2,A_MPMO,18,-1.6575451199999995,-1.7897841929629623,0.0,7.62939453125e-06,-1.0,0.0005035400390625,True,0,0,18
Runtime,min,SPEA2,RandomConfig_ECMADE_MOO,18,-1.4109177883333337,-1.4394265375925928,0.0,7.62939453125e-06,-1.0,0.0005035400390625,True,0,0,18
Runtime,min,SPEA2,MetaTransfer_ECMADE_MOO,18,-1.4984875999999998,-1.5137578596296295,0.0,7.62939453125e-06,-1.0,0.0005035400390625,True,0,0,18
Runtime,min,SPEA2,BayesianConfig_ECMADE_MOO,18,-1.6104383699999991,-1.7970456203703702,0.0,7.62939453125e-06,-1.0,0.0005035400390625,True,0,0,18
Runtime,min,SPEA2,ExperimentC_StabilityAware_ECMADE_MOO,18,-0.4427340466666662,-0.7282709335185185,1.0,1.52587890625e-05,-0.9883040935672516,0.0005035400390625,True,1,0,17
Runtime,min,SPEA2,ExperimentC_GlobalTheta034_ECMADE_MOO,18,0.8031328033333331,0.8644278416666669,5.0,7.62939453125e-05,0.9415204678362572,0.001068115234375,True,16,0,2
Runtime,min,SPEA2,ExperimentC_GlobalTheta037_ECMADE_MOO,18,4.574577065000001,4.660390997037037,0.0,7.62939453125e-06,1.0,0.0005035400390625,True,18,0,0
Runtime,min,SPEA2,ECMADE_MOO,18,-1.2803907999999993,-1.1830956459259256,0.0,7.62939453125e-06,-1.0,0.0005035400390625,True,0,0,18
Runtime,min,MOEAD,GDE3,18,-2.41959646,-3.0096972346296296,0.0,7.62939453125e-06,-1.0,0.0005035400390625,True,0,0,18
Runtime,min,MOEAD,A_MPMO,18,-2.1013233416666663,-2.823273637407408,0.0,7.62939453125e-06,-1.0,0.0005035400390625,True,0,0,18
Runtime,min,MOEAD,RandomConfig_ECMADE_MOO,18,-1.61105855,-2.472915982037037,0.0,7.62939453125e-06,-1.0,0.0005035400390625,True,0,0,18
Runtime,min,MOEAD,MetaTransfer_ECMADE_MOO,18,-1.7929560483333336,-2.547247304074074,0.0,7.62939453125e-06,-1.0,0.0005035400390625,True,0,0,18
Runtime,min,MOEAD,BayesianConfig_ECMADE_MOO,18,-2.051506105,-2.830535064814814,0.0,7.62939453125e-06,-1.0,0.0005035400390625,True,0,0,18
Runtime,min,MOEAD,ExperimentC_StabilityAware_ECMADE_MOO,18,-0.91095509,-1.7617603779629631,0.0,7.62939453125e-06,-1.0,0.0005035400390625,True,0,0,18
Runtime,min,MOEAD,ExperimentC_GlobalTheta034_ECMADE_MOO,18,0.504197673333334,-0.1690616027777778,56.0,0.2121429443359375,0.3450292397660818,0.84857177734375,False,13,0,5
Runtime,min,MOEAD,ExperimentC_GlobalTheta037_ECMADE_MOO,18,4.377836783333334,3.626901552592592,5.0,7.62939453125e-05,0.9415204678362572,0.001068115234375,True,16,0,2
Runtime,min,MOEAD,ECMADE_MOO,18,-1.3506958900000003,-2.21658509037037,0.0,7.62939453125e-06,-1.0,0.0005035400390625,True,0,0,18
Runtime,min,GDE3,A_MPMO,18,0.1480461999999999,0.1864235972222222,6.0,0.0001068115234375,0.9298245614035088,0.00128173828125,True,16,0,2
Runtime,min,GDE3,RandomConfig_ECMADE_MOO,18,0.4306219233333334,0.5367812525925925,3.0,3.814697265625e-05,0.9649122807017544,0.0005722045898437,True,16,0,2
Runtime,min,GDE3,MetaTransfer_ECMADE_MOO,18,0.2692838816666665,0.4624499305555556,0.0,7.62939453125e-06,1.0,0.0005035400390625,True,18,0,0
Runtime,min,GDE3,BayesianConfig_ECMADE_MOO,18,0.1533399383333332,0.1791621698148149,17.0,0.0015792846679687,0.8011695906432749,0.01263427734375,True,15,0,3
Runtime,min,GDE3,ExperimentC_StabilityAware_ECMADE_MOO,18,1.2009988800000004,1.2479368566666666,0.0,7.62939453125e-06,1.0,0.0005035400390625,True,18,0,0
Runtime,min,GDE3,ExperimentC_GlobalTheta034_ECMADE_MOO,18,2.7556346783333328,2.840635631851852,0.0,7.62939453125e-06,1.0,0.0005035400390625,True,18,0,0
Runtime,min,GDE3,ExperimentC_GlobalTheta037_ECMADE_MOO,18,6.535461651666666,6.636598787222222,0.0,7.62939453125e-06,1.0,0.0005035400390625,True,18,0,0
Runtime,min,GDE3,ECMADE_MOO,18,0.5430948433333331,0.7931121442592592,0.0,7.62939453125e-06,1.0,0.0005035400390625,True,18,0,0
Runtime,min,A_MPMO,RandomConfig_ECMADE_MOO,18,0.2504899066666665,0.3503576553703704,10.0,0.0003280639648437,0.8830409356725146,0.0029525756835937,True,14,0,4
Runtime,min,A_MPMO,MetaTransfer_ECMADE_MOO,18,0.1556133616666666,0.2760263333333334,7.0,0.0001449584960937,0.9181286549707602,0.0015945434570312,True,16,0,2
Runtime,min,A_MPMO,BayesianConfig_ECMADE_MOO,18,0.0216636550000001,-0.0072614274074072,79.0,0.7987060546875,-0.0760233918128654,1.0,False,10,0,8
Runtime,min,A_MPMO,ExperimentC_StabilityAware_ECMADE_MOO,18,1.0997638316666667,1.0615132594444443,0.0,7.62939453125e-06,1.0,0.0005035400390625,True,18,0,0
Runtime,min,A_MPMO,ExperimentC_GlobalTheta034_ECMADE_MOO,18,2.510802296666666,2.654212034629629,0.0,7.62939453125e-06,1.0,0.0005035400390625,True,18,0,0
Runtime,min,A_MPMO,ExperimentC_GlobalTheta037_ECMADE_MOO,18,6.322771398333332,6.45017519,0.0,7.62939453125e-06,1.0,0.0005035400390625,True,18,0,0
Runtime,min,A_MPMO,ECMADE_MOO,18,0.4045648583333335,0.6066885470370372,0.0,7.62939453125e-06,1.0,0.0005035400390625,True,18,0,0
Runtime,min,RandomConfig_ECMADE_MOO,MetaTransfer_ECMADE_MOO,18,-0.0583892899999994,-0.0743313220370369,46.0,0.0897674560546875,-0.4619883040935672,0.4488372802734375,False,7,0,11
Runtime,min,RandomConfig_ECMADE_MOO,BayesianConfig_ECMADE_MOO,18,-0.3034459283333333,-0.3576190827777776,0.0,7.62939453125e-06,-1.0,0.0005035400390625,True,0,0,18
Runtime,min,RandomConfig_ECMADE_MOO,ExperimentC_StabilityAware_ECMADE_MOO,18,0.6842213633333328,0.7111556040740741,0.0,7.62939453125e-06,1.0,0.0005035400390625,True,18,0,0
Runtime,min,RandomConfig_ECMADE_MOO,ExperimentC_GlobalTheta034_ECMADE_MOO,18,2.413899821666666,2.303854379259259,0.0,7.62939453125e-06,1.0,0.0005035400390625,True,18,0,0
Runtime,min,RandomConfig_ECMADE_MOO,ExperimentC_GlobalTheta037_ECMADE_MOO,18,6.165214279999999,6.099817534629629,0.0,7.62939453125e-06,1.0,0.0005035400390625,True,18,0,0
Runtime,min,RandomConfig_ECMADE_MOO,ECMADE_MOO,18,0.1841882349999999,0.2563308916666667,0.0,7.62939453125e-06,1.0,0.0005035400390625,True,18,0,0
Runtime,min,MetaTransfer_ECMADE_MOO,BayesianConfig_ECMADE_MOO,18,-0.1965876366666668,-0.2832877607407407,0.0,7.62939453125e-06,-1.0,0.0005035400390625,True,0,0,18
Runtime,min,MetaTransfer_ECMADE_MOO,ExperimentC_StabilityAware_ECMADE_MOO,18,0.7661982350000003,0.7854869261111109,0.0,7.62939453125e-06,1.0,0.0005035400390625,True,18,0,0
Runtime,min,MetaTransfer_ECMADE_MOO,ExperimentC_GlobalTheta034_ECMADE_MOO,18,2.383455481666666,2.378185701296297,0.0,7.62939453125e-06,1.0,0.0005035400390625,True,18,0,0
Runtime,min,MetaTransfer_ECMADE_MOO,ExperimentC_GlobalTheta037_ECMADE_MOO,18,6.081700686666666,6.174148856666667,0.0,7.62939453125e-06,1.0,0.0005035400390625,True,18,0,0
Runtime,min,MetaTransfer_ECMADE_MOO,ECMADE_MOO,18,0.2799339333333336,0.3306622137037037,0.0,7.62939453125e-06,1.0,0.0005035400390625,True,18,0,0
Runtime,min,BayesianConfig_ECMADE_MOO,ExperimentC_StabilityAware_ECMADE_MOO,18,1.1150380749999995,1.0687746868518515,0.0,7.62939453125e-06,1.0,0.0005035400390625,True,18,0,0
Runtime,min,BayesianConfig_ECMADE_MOO,ExperimentC_GlobalTheta034_ECMADE_MOO,18,2.6405372333333323,2.661473462037037,0.0,7.62939453125e-06,1.0,0.0005035400390625,True,18,0,0
Runtime,min,BayesianConfig_ECMADE_MOO,ExperimentC_GlobalTheta037_ECMADE_MOO,18,6.366680765,6.457436617407407,0.0,7.62939453125e-06,1.0,0.0005035400390625,True,18,0,0
Runtime,min,BayesianConfig_ECMADE_MOO,ECMADE_MOO,18,0.47804165,0.6139499744444444,0.0,7.62939453125e-06,1.0,0.0005035400390625,True,18,0,0
Runtime,min,ExperimentC_StabilityAware_ECMADE_MOO,ExperimentC_GlobalTheta034_ECMADE_MOO,18,1.718147505,1.592698775185185,0.0,7.62939453125e-06,1.0,0.0005035400390625,True,18,0,0
Runtime,min,ExperimentC_StabilityAware_ECMADE_MOO,ExperimentC_GlobalTheta037_ECMADE_MOO,18,5.430409566666666,5.388661930555555,0.0,7.62939453125e-06,1.0,0.0005035400390625,True,18,0,0
Runtime,min,ExperimentC_StabilityAware_ECMADE_MOO,ECMADE_MOO,18,-0.446695328333333,-0.4548247124074073,7.0,0.0001449584960937,-0.9181286549707602,0.0015945434570312,True,3,0,15
Runtime,min,ExperimentC_GlobalTheta034_ECMADE_MOO,ExperimentC_GlobalTheta037_ECMADE_MOO,18,3.8108300266666655,3.7959631553703703,0.0,7.62939453125e-06,1.0,0.0005035400390625,True,18,0,0
Runtime,min,ExperimentC_GlobalTheta034_ECMADE_MOO,ECMADE_MOO,18,-2.1399298316666657,-2.0475234875925925,0.0,7.62939453125e-06,-1.0,0.0005035400390625,True,0,0,18
Runtime,min,ExperimentC_GlobalTheta037_ECMADE_MOO,ECMADE_MOO,18,-5.826569375000001,-5.843486642962962,0.0,7.62939453125e-06,-1.0,0.0005035400390625,True,0,0,18
