universe,window_id,method,assets,K,train_days,test_days,annual_net_return_mean,annual_net_return_std,annual_volatility_mean,annual_volatility_std,sharpe_mean,sharpe_std,sortino_mean,sortino_std,max_drawdown_mean,max_drawdown_std,cvar95_loss_mean,cvar95_loss_std,rebalance_turnover_mean,rebalance_turnover_std,selected_holdings_mean,selected_holdings_std,average_pf_holdings_mean,average_pf_holdings_std,PF_Size_mean,PF_Size_std,HV_mean,HV_std,IGD_mean,IGD_std,PF_Overlap_mean,PF_Overlap_std,PF_Drift_mean,PF_Drift_std,Diversity_mean,Diversity_std,Runtime_mean,Runtime_std,runs
NASDAQ100,window_001,BayesianConfig_ECMADE_MOO,60,10,755,124,0.5647553431325604,0.05016952124322388,0.3969496055126608,0.019922720685411354,1.3304632575768227,0.06157788206319495,2.1154382284354414,0.10423160116399527,-0.2721647535849743,0.018796440349331988,0.049102401591398365,0.0019753063796187622,1.0,0.0,8.7,1.1595018087284061,8.951289167412009,0.5054117704539328,253.3,21.674613927101195,1.0273524656184603,0.013541106427712835,0.024229136495670902,0.014842028028992319,0.8925000000000001,0.05547911407696982,0.05503815474017572,0.0,1.1174617084355687,0.14931170419037143,9.658268880017568,0.15947055927966103,10
NASDAQ100,window_002,BayesianConfig_ECMADE_MOO,59,10,755,126,0.4927770261333948,0.033092074711703896,0.2651559715575681,0.013437892559389587,1.6541662734790201,0.11342243627969285,2.6409982614911325,0.20853116429920387,-0.17595086219942593,0.008826599230237773,0.03414722430407561,0.002342849374277999,0.36371292920054243,0.031596383086999406,9.7,0.6749485577105528,8.835780020713866,0.5317033657702284,270.1,31.72958661354836,1.013899878201847,0.013156149477261259,0.01545780469627483,0.009992943326111735,0.9075,0.05022326695078563,0.06823952674127337,0.0,1.1852209789126822,0.14166647308147648,9.858529119985178,0.29471071317071273,10
NASDAQ100,window_003,BayesianConfig_ECMADE_MOO,60,10,756,124,-0.7134178237130573,0.02076589414239877,0.5577952678329745,0.02468207862009863,-1.9516264863201158,0.06753792755641938,-3.4228173913259097,0.21766818310446126,-0.47014052167221143,0.01663716439969197,0.07183094511232366,0.003389649867371894,0.44361645932667654,0.052653300330958795,10.0,0.0,9.44305412046329,0.376380966422582,268.7,27.01460510333047,0.9667181880296593,0.01157483458224552,0.012303921388203033,0.00796878045189764,0.9125,0.07117293319621644,0.04617668073633343,0.0,1.2493073511425685,0.1086057835777218,9.786939879984129,0.15469397550572983,10
NASDAQ100,window_004,BayesianConfig_ECMADE_MOO,60,10,756,125,-0.25133522740095365,0.03290341383748489,0.38705813691417923,0.00806226890347485,-0.550857983528094,0.1089460460045821,-0.9362016351011642,0.18176195092685246,-0.3273231230938827,0.016240463535927237,0.047801564047063906,0.0012095049801023458,0.8040677736256601,0.025831260872120163,8.9,1.1972189997378648,9.023734764528106,0.4770822904997293,336.5,26.082135222749265,0.9102887289444503,0.0018013689177250529,0.0054848571645893535,0.001006294267088171,0.9741666666666667,0.014407002755433272,0.012117024231942669,0.0,1.3289427443747264,0.036512558036719794,10.203645940020214,0.1727689566255008,10
NASDAQ100,window_005,BayesianConfig_ECMADE_MOO,60,10,755,123,0.8146378210118217,0.06623189133001565,0.28164666750612943,0.0064231725902337685,2.261302199682919,0.09643082099180832,3.4591237578620366,0.17416528431577935,-0.16875085106639015,0.007739458158948841,0.036316172308401465,0.0006634489117831212,0.2929071899193164,0.03999536846252211,9.1,0.875595035770913,9.021049507981171,0.267593917454851,276.1,29.7375557539994,0.9601271232872712,0.002992298940067871,0.008980229017169005,0.00228678557359116,0.9408333333333333,0.023717082451262902,0.024024969334663127,0.0,1.242136442775617,0.0621319484779991,9.846631489996799,0.19507103287257727,10
NASDAQ100,window_006,BayesianConfig_ECMADE_MOO,60,10,753,125,0.5006539340302487,0.04177854205339354,0.20916700074065755,0.010619214748482148,2.0548142005425714,0.13314917607701626,3.6134238667645158,0.3012137560294582,-0.08760146570431397,0.006055845083939703,0.023504188878890976,0.0015043962401295125,0.8401301548099858,0.05118327933407201,9.1,1.286683937707919,9.087179833543086,0.4658767408323968,302.3,39.799637072605464,1.0423960663608445,0.0037553401355194566,0.007017498183698756,0.0022019271963615336,0.9633333333333333,0.05033836128921911,0.060477380546653914,0.0,1.350312037633119,0.03814181339032987,9.830859320005402,0.2323055283545735,10
NASDAQ100,window_007,BayesianConfig_ECMADE_MOO,60,10,752,124,0.7772748683338381,0.12105387763693304,0.17421704143757394,0.005828957568386428,3.3847780613770793,0.31379263998943724,6.0021851281039575,0.6581281708803792,-0.06534340693849416,0.0041002433833172555,0.019416121930174703,0.001023357348667235,0.30768217917114604,0.04064505758781215,9.5,0.8498365855987974,8.914299502725575,0.4130559925239024,223.5,14.57737973711325,1.1406339335285405,0.015446531182527654,0.01277343015172484,0.0077526828906217034,0.8775000000000001,0.08389164822540622,0.025648753183180224,0.0,0.8413233331010804,0.10156433176878357,9.641596359980758,0.12607392146535695,10
NASDAQ100,window_008,BayesianConfig_ECMADE_MOO,60,10,752,126,0.3305908670805736,0.02465965430615266,0.2970391521632666,0.010165078402206266,1.1150578970863179,0.04281994748576702,1.6483611599397612,0.07325533382093335,-0.1399127408638398,0.0035169420798464475,0.0416498262702327,0.001168892973422664,0.2826996885047591,0.04257412284980472,9.1,0.8755950357709131,8.819532057244917,0.4758317169339521,290.1,17.438463235044537,0.9730823430062923,0.001338288956227763,0.0061693205851206445,0.0010846403971063758,0.9666666666666666,0.0152145154862546,0.013046028944685432,0.0,1.3104998433956194,0.042932024175287284,9.905452779994812,0.17087410506598827,10
NASDAQ100,window_009,BayesianConfig_ECMADE_MOO,59,10,752,122,0.5510070533039816,0.04744919830981957,0.3753422538459822,0.009216689498326418,1.3604439232554664,0.08969730267650011,1.8344033057907,0.12906862310388031,-0.2400140633178101,0.003712046667192814,0.05236192405557359,0.0012031645115103424,0.46958184312233414,0.036550024617772243,10.0,0.0,8.595962802128359,0.4007027934968824,318.9,41.6185054993569,0.9889573177367174,0.002118333234574774,0.006085595281292473,0.0015571145485212415,0.9633333333333333,0.02263505420829263,0.02575485286772482,0.0,1.3145212950207008,0.04972703184350266,10.167533100000583,0.3654885974475848,10
NASDAQ100,window_010,BayesianConfig_ECMADE_MOO,60,10,750,126,-0.16733555875984912,0.04780311757199897,0.1971363946704235,0.00767518008798818,-0.8269730637070278,0.29204779665021824,-1.0974965964221446,0.38644428030009914,-0.15489136102301915,0.010199289383153346,0.030265968361680017,0.0009400004372907613,0.46438517807940094,0.031164264383008157,9.8,0.421637021355784,8.748485151043441,0.7149151448985095,268.4,37.845299135647835,1.0077819305656959,0.007234116329334304,0.012806544011007804,0.007925477567868523,0.8983333333333332,0.07262707042160445,0.0506316651565859,0.0,1.2654611648752343,0.09085743786276844,9.381529990001582,1.3554236616483593,10
NASDAQ100,window_011,BayesianConfig_ECMADE_MOO,60,10,751,123,0.3307735523519053,0.09158367886445244,0.3076675317850105,0.012390057872980647,1.07965406209354,0.21277931205490927,1.701610709380607,0.3122989106890802,-0.1435988095286922,0.007478502939969969,0.041916406555779016,0.001917637540348097,0.6743535313215336,0.045954781101752475,10.0,0.0,9.113876028844897,0.7999754842838499,268.2,37.35951462925253,0.9644337534058757,0.011432481692367604,0.015475862771262047,0.010014900710533424,0.9041666666666666,0.05019253055442406,0.059364427379738335,0.0,1.2328882821012563,0.09688899292506833,10.635996699996758,1.8659789473318797,10
NASDAQ100,window_001,HandCrafted_ECMADE_MOO,60,10,755,124,0.5448619158768071,0.040519728521854204,0.37966827327632535,0.01597175452835132,1.3414461836812173,0.07980633552343462,2.106209243339935,0.12293676804494363,-0.2579285556059846,0.01626983920063144,0.047413397650079625,0.0017032178647648421,1.0,0.0,10.0,0.0,9.107048400273833,0.5784239736260577,260.4,35.20164137587274,1.0296017174739873,0.01998140346625624,0.018632189686003865,0.01600175249753066,0.9016666666666667,0.07745966692414835,0.05376716187784886,0.0,1.1976666497136474,0.15655280474633032,3.912116689985851,0.17302538531862968,10
NASDAQ100,window_002,HandCrafted_ECMADE_MOO,59,10,755,126,0.5104403703661469,0.06256016528600265,0.2556781659153813,0.011520602820893643,1.7463293256124637,0.1605432771860189,2.846127948611289,0.2703688890975889,-0.17213195313073074,0.007936508341577867,0.03213494588408301,0.0017055103242469502,0.3842091772477728,0.05888051657880707,9.6,0.5163977794943222,9.45762885334204,0.2651463372813665,283.0,35.85464482539962,1.0079386523997438,0.011822980089704607,0.020947762112246027,0.010376223137201832,0.8958333333333334,0.041989490160641595,0.02496599419225823,0.0,1.1198398374523562,0.12552387002016174,4.1757021499914115,0.2911777609901033,10
NASDAQ100,window_003,HandCrafted_ECMADE_MOO,60,10,756,124,-0.7171130521562308,0.011598351590353452,0.5497436201460744,0.013378473938641791,-2.0096981107974434,0.05990562527696117,-3.557122471071209,0.14979163347574162,-0.47508226329285985,0.009451902132141613,0.07054034048607878,0.0018383717541727612,0.46373947163221024,0.05912663810042303,9.8,0.42163702135578396,9.411278517905199,0.4930566296524962,275.1,35.394444008441035,0.9508670096329889,0.03256740237429038,0.02431972394486209,0.022915750462212,0.9008333333333333,0.0926670996525989,0.06752541364651618,0.0,1.1808313013451879,0.21352171033120287,4.009209160006139,0.3186807024823515,10
NASDAQ100,window_004,HandCrafted_ECMADE_MOO,60,10,756,125,-0.25276778508603454,0.029621006068647607,0.3859384423684215,0.005281210417173589,-0.5590371637655394,0.10904463299563386,-0.9501154641544123,0.18233313144729765,-0.32598143787852024,0.009237423888327061,0.04764518090638312,0.0006104967081292377,0.8024647791115719,0.03881132893775587,8.8,1.3165611772087664,9.153886183638841,0.388651045874512,352.7,66.7000749624766,0.9086666456658767,0.007577102774530226,0.0065186485966609465,0.0045605958535304535,0.9791666666666667,0.03711219226635386,0.06614896508692285,0.0,1.3416177307546275,0.06271294212247026,4.249195039994083,0.23550203594818667,10
NASDAQ100,window_005,HandCrafted_ECMADE_MOO,60,10,755,123,0.8364474776308478,0.07637310869765435,0.27792232580875587,0.00816462010657049,2.331138620578823,0.13738709667385723,3.6026954631588692,0.2647780235244585,-0.16578643428060408,0.01107440016204833,0.035591932722427166,0.001271132137257828,0.2960103336522153,0.041905473789919816,9.6,0.5163977794943223,9.140723284124345,0.5571474357164882,289.8,40.78071439622739,0.9633300129773996,0.0022288116551993356,0.00654194361390624,0.0011125148431200785,0.9741666666666667,0.016410061653046593,0.028698450589866715,0.0,1.3412354368830384,0.03005159926435743,4.041131779993885,0.2615576201412471,10
NASDAQ100,window_006,HandCrafted_ECMADE_MOO,60,10,753,125,0.4872703580945627,0.047015422971688835,0.1972886727603252,0.006899886003043913,2.117315602150557,0.14079521296907996,3.674372794240881,0.3476411501356854,-0.07846322811159062,0.0040143887930250526,0.02226798402419332,0.0010449790663888052,0.8279821938825901,0.040752681309842526,9.9,0.316227766016838,8.78529365160907,0.918922300634746,278.3,61.67126109010942,1.0248893096480518,0.05211373932535838,0.029981317692994412,0.07057726405974986,0.8958333333333334,0.17232299918868266,0.08932580780003145,0.0,1.2891305154761454,0.22316632906861808,4.035499169991818,0.20668876004226758,10
NASDAQ100,window_007,HandCrafted_ECMADE_MOO,60,10,752,124,0.8498136859013146,0.10998848621555077,0.17608025303693103,0.005734851151576709,3.5844601884048566,0.31095568814992913,6.3561141549185205,0.6237065209751583,-0.06899908375004613,0.00417903669502095,0.019460295942523527,0.0007990223036517632,0.32279849756140466,0.07660147571698073,9.7,0.6749485577105528,8.44881653584199,1.0333448810187422,237.6,48.69223072866279,1.1507389845099432,0.030729183707381126,0.008729104344115755,0.010928539412210954,0.9433333333333334,0.1045861922288897,0.06744013356713402,0.0,0.9098777399440163,0.08022603266410128,3.8773964500054716,0.19171143849485942,10
NASDAQ100,window_008,HandCrafted_ECMADE_MOO,60,10,752,126,0.26338159345459505,0.08972088110737841,0.2712381158419473,0.026239902817652053,0.9763764226380912,0.2647423796129546,1.410992245157634,0.3928215254774306,-0.1335191690857594,0.005547798500232184,0.03854583050660863,0.0032947767604972677,0.28048993017537394,0.05886666880943461,9.1,1.1005049346146119,8.794914824037313,0.5145803297568389,264.8,49.04827553883351,0.9711966931946089,0.006448288511781546,0.007379399560536075,0.0037142168006737463,0.9466666666666667,0.11084690810770066,0.055561016779696194,0.0,1.3262651617627277,0.042437902294326445,4.028217409999343,0.22954443622680457,10
NASDAQ100,window_009,HandCrafted_ECMADE_MOO,59,10,752,122,0.5265935989702577,0.03556671014593762,0.37014534254827625,0.01185070549919417,1.3317843420020878,0.06447918950075045,1.7892561283854551,0.09862646435831289,-0.2371853826371355,0.005220928721565608,0.05172685259245663,0.001560705321757546,0.46150074901304583,0.06792170824019793,10.0,0.0,8.458707445307333,0.9448067271352489,301.9,54.16938454719808,0.9850313206547432,0.011892846817213663,0.010439372906500745,0.014728344485667164,0.9550000000000001,0.06772311092298121,0.04558151990620757,0.0,1.2981380911948537,0.0989556288972538,4.142571470007534,0.1390392892711914,10
NASDAQ100,window_010,HandCrafted_ECMADE_MOO,60,10,750,126,-0.0838612532820642,0.05246737998637176,0.18837691590718852,0.008932157236364641,-0.362326791094549,0.29811817429396714,-0.4873091016116481,0.40502530753928206,-0.13596359684797318,0.01097190702169659,0.028344351630957033,0.001739549704338634,0.4656254302795487,0.045039275378472444,10.0,0.0,9.162014861482142,0.4383495720801929,256.2,45.68685685061831,0.9993312172964179,0.02959039279818015,0.02134247001378862,0.03862343903447367,0.8925000000000001,0.14328864505769165,0.06884158789031249,0.0,1.2804397030538974,0.17047383953579964,4.095897390000755,0.2395392436239586,10
NASDAQ100,window_011,HandCrafted_ECMADE_MOO,60,10,751,123,0.28566615720922045,0.07236584740784431,0.3016089473454255,0.014741777730842967,0.9863196170664201,0.19199874452613722,1.5539355823486356,0.30075979599303215,-0.14510050000323405,0.007621104496101966,0.04153362351267788,0.002042450133910553,0.6156488283090314,0.05015205899830825,10.0,0.0,9.49606139603661,0.34330907069086625,270.6,32.97204202890011,0.9551804866850111,0.02488595082745705,0.02250755572548448,0.020728642633012995,0.885,0.07971786670254626,0.0505150507416043,0.0,1.1954919556592556,0.15648865678461557,4.131217490002745,0.249638156006861,10
NASDAQ100,window_001,MetaDesigned_ECMADE_MOO,60,10,755,124,0.5647553431325604,0.05016952124322388,0.3969496055126608,0.019922720685411354,1.3304632575768227,0.06157788206319495,2.1154382284354414,0.10423160116399527,-0.2721647535849743,0.018796440349331988,0.049102401591398365,0.0019753063796187622,1.0,0.0,8.7,1.1595018087284061,8.951289167412009,0.5054117704539328,253.3,21.674613927101195,1.0273524656184603,0.013541106427712835,0.024229136495670902,0.014842028028992319,0.8925000000000001,0.05547911407696982,0.05503815474017572,0.0,1.1174617084355687,0.14931170419037143,10.182632040011232,0.18829512459543607,10
NASDAQ100,window_002,MetaDesigned_ECMADE_MOO,59,10,755,126,0.4927770261333948,0.033092074711703896,0.2651559715575681,0.013437892559389587,1.6541662734790201,0.11342243627969285,2.6409982614911325,0.20853116429920387,-0.17595086219942593,0.008826599230237773,0.03414722430407561,0.002342849374277999,0.36371292920054243,0.031596383086999406,9.7,0.6749485577105528,8.835780020713866,0.5317033657702284,270.1,31.72958661354836,1.013899878201847,0.013156149477261259,0.01545780469627483,0.009992943326111735,0.9075,0.05022326695078563,0.06823952674127337,0.0,1.1852209789126822,0.14166647308147648,10.09594732997939,0.32350644073321716,10
NASDAQ100,window_003,MetaDesigned_ECMADE_MOO,60,10,756,124,-0.7134178237130573,0.02076589414239877,0.5577952678329745,0.02468207862009863,-1.9516264863201158,0.06753792755641938,-3.4228173913259097,0.21766818310446126,-0.47014052167221143,0.01663716439969197,0.07183094511232366,0.003389649867371894,0.44361645932667654,0.052653300330958795,10.0,0.0,9.44305412046329,0.376380966422582,268.7,27.01460510333047,0.9667181880296593,0.01157483458224552,0.012303921388203033,0.00796878045189764,0.9125,0.07117293319621644,0.04617668073633343,0.0,1.2493073511425685,0.1086057835777218,10.226001869991887,0.1940768779767476,10
NASDAQ100,window_004,MetaDesigned_ECMADE_MOO,60,10,756,125,-0.25133522740095365,0.03290341383748489,0.38705813691417923,0.00806226890347485,-0.550857983528094,0.1089460460045821,-0.9362016351011642,0.18176195092685246,-0.3273231230938827,0.016240463535927237,0.047801564047063906,0.0012095049801023458,0.8040677736256601,0.025831260872120163,8.9,1.1972189997378648,9.023734764528106,0.4770822904997293,336.5,26.082135222749265,0.9102887289444503,0.0018013689177250529,0.0054848571645893535,0.001006294267088171,0.9741666666666667,0.014407002755433272,0.012117024231942669,0.0,1.3289427443747264,0.036512558036719794,10.816326810012105,0.35043029674929604,10
NASDAQ100,window_005,MetaDesigned_ECMADE_MOO,60,10,755,123,0.8146378210118217,0.06623189133001565,0.28164666750612943,0.0064231725902337685,2.261302199682919,0.09643082099180832,3.4591237578620366,0.17416528431577935,-0.16875085106639015,0.007739458158948841,0.036316172308401465,0.0006634489117831212,0.2929071899193164,0.03999536846252211,9.1,0.875595035770913,9.021049507981171,0.267593917454851,276.1,29.7375557539994,0.9601271232872712,0.002992298940067871,0.008980229017169005,0.00228678557359116,0.9408333333333333,0.023717082451262902,0.024024969334663127,0.0,1.242136442775617,0.0621319484779991,10.178256680013146,0.18032838913404292,10
NASDAQ100,window_006,MetaDesigned_ECMADE_MOO,60,10,753,125,0.4564906040858906,0.05228356656071716,0.20901012334380348,0.014927525240923629,1.9092374208862322,0.11833257919671698,3.2868445031589046,0.32170923317424255,-0.0848560160131239,0.00874164153435862,0.024138979537948718,0.0016748928635038512,0.8484563829804884,0.05714252045691593,8.3,1.5670212364724214,7.689317832964396,1.2763331087482959,202.3,44.25695174520922,1.0233107141810538,0.04845269737097823,0.02670727320800952,0.05638759907510215,0.8825,0.1648722850280494,0.11652107456945308,0.0,1.3075613521797642,0.1887881830532916,10.130212680005934,0.20405941241893877,10
NASDAQ100,window_007,MetaDesigned_ECMADE_MOO,60,10,752,124,0.8191358125618577,0.10402181580860355,0.1725180061643971,0.009743097469234713,3.561616232669438,0.30589069520407186,6.344062062910735,0.4246058450759318,-0.06766474750998601,0.0035788365028591473,0.018855200673622546,0.0015954873674575618,0.39158100040977023,0.10149384735674309,9.4,0.8432740427115678,8.829010798917366,0.7067947598654508,137.7,15.635074529900896,1.153125673710378,0.012395400830981824,0.010703310063401354,0.0065833296110556815,0.8966666666666667,0.12491972731160177,0.05843340586079221,0.0,0.9817411721586552,0.11780284497907177,9.542253699968569,0.09992765509954826,10
NASDAQ100,window_008,MetaDesigned_ECMADE_MOO,60,10,752,126,0.33390528507289957,0.09378481561712135,0.27973005060865574,0.03484475357543188,1.159264194052155,0.19828902395867432,1.6804179340022496,0.3095037561752442,-0.1337667293789396,0.012053276757425313,0.0396016969809958,0.004235535302544573,0.33844542689837076,0.07436364207907085,9.5,0.9718253158075503,8.425067364450516,0.9084122318737295,167.7,46.59768711475329,0.9623006968698871,0.0055907815875477895,0.012189588010273703,0.0034635530797792473,0.875,0.13199560411685243,0.05821000849258919,0.0,1.3260170496190073,0.04687833503414356,9.827637969993521,0.2395028161812538,10
NASDAQ100,window_009,MetaDesigned_ECMADE_MOO,59,10,752,122,0.5311736406727373,0.07345509855529526,0.3656689337410019,0.020185627463277463,1.3487224394515505,0.10485395835679491,1.8331317651515022,0.17566572239362402,-0.23172830738110103,0.01235903166296325,0.05088171128789992,0.0029366907210997047,0.4536958164792324,0.07937218662460241,9.6,0.6992058987801014,8.710295378725025,0.7038686537389021,177.5,34.010619256670736,0.978961846236917,0.005285631285375053,0.011152824959012556,0.0029466081705232495,0.9199999999999999,0.06715101830396365,0.05938156011575942,0.0,1.3470143252726594,0.02335638859676453,9.83148242997704,0.1324806853911808,10
NASDAQ100,window_010,MetaDesigned_ECMADE_MOO,60,10,750,126,-0.10203258345453518,0.0957056600201773,0.19232057643633477,0.016560241883640033,-0.4751786045245672,0.5551137131040932,-0.6411354082577897,0.762523183432239,-0.1457395402471994,0.02078195301022899,0.02847087953076257,0.0022797995621243613,0.5264855954535572,0.0788428827649351,9.4,0.8432740427115678,8.620553579742383,0.817921317186211,172.6,20.48414020651099,1.0039235375907152,0.004984787571451344,0.010702050417123996,0.0031074600061950217,0.9383333333333332,0.09002743066202068,0.0670841558347158,0.0,1.3674159049145158,0.026041380075944563,9.796365320018959,0.20725332993792026,10
NASDAQ100,window_011,MetaDesigned_ECMADE_MOO,60,10,751,123,0.2773588685157341,0.14900641669155207,0.3112740001716216,0.02899087616762072,0.9331127483718262,0.38388482830667797,1.4752553301560245,0.6045678438835594,-0.1486964564905952,0.014007850358783748,0.04273313979337147,0.004065299429031363,0.6312045191962848,0.08822323127001475,9.9,0.316227766016838,9.186011185853939,0.6775045105041665,172.0,16.36391694484477,0.9628846666211057,0.007124053270558016,0.012483267079173825,0.004206547633255737,0.8691666666666666,0.12209905410094575,0.0651299876138593,0.0,1.3644489494345475,0.05721278090685293,9.997115920006763,0.20779522629991107,10
SP100,window_001,BayesianConfig_ECMADE_MOO,60,10,755,124,0.045005162137071494,0.011410756675403227,0.3559567175203832,0.010126048899237844,0.30717238882157305,0.029296360611762617,0.4759070780874731,0.04427627131526867,-0.23510148166350014,0.006098229477692572,0.04786704053280175,0.0013591359062335264,1.0,0.0,8.0,1.8257418583505538,9.088871224793012,0.23617165972103168,313.4,33.41057716751787,0.9706456916876818,0.010462638481355152,0.027671233916615617,0.016889839413265936,0.8483333333333333,0.061085853366237584,0.034169740151818236,0.0,1.191811188723981,0.14608806890596068,3.2986835700052324,1.1988343576486826,10
SP100,window_002,BayesianConfig_ECMADE_MOO,60,10,755,126,0.5911662608534763,0.046818407415472656,0.19874395546551357,0.004549628070043249,2.4423888336335215,0.1073769612097585,4.522855876631086,0.18061865576634295,-0.08309055841773429,0.002971620299406249,0.022823831596698256,0.0005639837557264869,0.6350387139248339,0.021310297441393396,9.1,0.9944289260117533,9.133166459930276,0.2674938416546618,275.7,17.41040557316865,0.9542508369190577,0.0041579837353607745,0.0070198832635758445,0.002215532034397539,0.9458333333333334,0.028666343667430975,0.028262059963957052,0.0,1.3356079027213261,0.04932773764172515,4.359691949997796,0.9964198636372654,10
SP100,window_003,BayesianConfig_ECMADE_MOO,60,10,756,124,-0.4477480897625812,0.020600466657730826,0.4034606261611396,0.014884880488629473,-1.2615283713567265,0.0443147507354908,-2.1615230254068467,0.09425555970968162,-0.2745621195206698,0.009304036725762709,0.050355610395899295,0.0020309456136156506,0.34335464481075767,0.059505914542034695,9.6,0.5163977794943222,9.096778375869647,0.4608903554284608,301.3,32.574871023877016,0.9361501162891785,0.007891072511110183,0.008972803178759346,0.0043551752646067065,0.9258333333333333,0.0492928387356347,0.03611344733555027,0.0,1.3184375681876142,0.06300094510196155,4.179641489993083,0.5859371940184821,10
SP100,window_004,BayesianConfig_ECMADE_MOO,60,10,756,125,-0.26562830149194194,0.02195406696143164,0.2940685419124972,0.007213891002820667,-0.8940579646667048,0.07476439446175248,-1.4594571192307868,0.10458081086986255,-0.26212955012059436,0.01619245240114284,0.03675155696927911,0.0010837833209527273,0.3803504906103493,0.03890791785384067,8.7,1.766981104093143,9.20653648858518,0.2314186353075255,315.6,19.687559523719532,0.9309675532329867,0.0015157654848673428,0.005530885126893891,0.0005855717588490566,0.985,0.009460770203292463,0.013250797812676098,0.0,1.359712148849889,0.01593053283611868,3.8746310300077313,0.06206258064704958,10
SP100,window_005,BayesianConfig_ECMADE_MOO,60,10,755,123,0.9264046189651932,0.06354300347688394,0.19207032423419262,0.00314988865245498,3.5184761865522907,0.13769981682374427,5.891201672527449,0.1733435326810314,-0.0921905749197023,0.0026897038158060008,0.022721692838313018,0.00019528010156900615,0.3215602553880778,0.026515057102677514,8.8,1.6193277068654826,8.95854092197948,0.30450553620406146,297.7,25.47787711372795,0.984523005784222,0.001110484530421784,0.005675671842179051,0.0008044187566360448,0.9808333333333333,0.013058510303936845,0.011073561294478632,0.0,1.3373879910178996,0.024046863275923397,9.627288390003377,1.9241326087117734,10
SP100,window_006,BayesianConfig_ECMADE_MOO,60,10,753,125,0.257173331240366,0.03530283702891796,0.16489057448985003,0.0035187124039566145,1.4796590093488806,0.16306704842055547,2.449906621164906,0.30230203888585194,-0.08772500792487968,0.0055972368209841715,0.019787920492266846,0.00068751684961272,0.46449102971502015,0.03833376943122275,9.4,0.843274042711568,8.716478223685373,0.3394309488917397,253.7,31.59483080083407,1.0119177724840305,0.003145881785251016,0.008650834633728535,0.003459102935654105,0.945,0.02698879511442469,0.02283591306232409,0.0,1.261923062986605,0.08077334463885823,10.01933206000831,0.1661054243179836,10
SP100,window_007,BayesianConfig_ECMADE_MOO,60,10,752,124,1.0656422164681174,0.07738015560521098,0.1682273360967399,0.00602616863043262,4.405623354742209,0.11022685749091109,7.991813710290174,0.18777645187341394,-0.06402265318018191,0.0024555038801437035,0.01806975760295925,0.000877425087875923,0.37459513671631595,0.05484942226157827,9.1,1.1005049346146119,8.832981476113934,0.39333491231180356,193.7,32.738187012858376,1.0692916105145454,0.02082144352551932,0.025432185931937478,0.04838786269746529,0.8550000000000001,0.13795239830293224,0.06118631208223161,0.0,1.288235196841561,0.17210948114602295,9.589237929985392,0.15687643497907441,10
SP100,window_008,BayesianConfig_ECMADE_MOO,60,10,752,126,0.0027145598573718407,0.03712414916280062,0.2525273788184965,0.011679969487340326,0.13786387011960896,0.150296898751045,0.22778779955564374,0.2502398124862366,-0.14460397417531165,0.0063919913543704215,0.03137867322695318,0.0011667743833059991,0.194343165105234,0.047019107466535766,8.3,1.4181364924121762,8.699630396955598,0.5672447118680594,236.9,29.45599354215633,1.0290772768940608,0.006063680293564396,0.00775709629190291,0.003920276345506442,0.9558333333333333,0.048440175652901464,0.054866278989677573,0.0,1.3446538940645145,0.01898811378867117,9.65023366000969,0.22833397557812093,10
SP100,window_009,BayesianConfig_ECMADE_MOO,60,10,752,122,0.3946351204544102,0.03276368451826538,0.29762936005547413,0.0077012237368127906,1.2729124408079786,0.08144087115712006,1.6585353174094233,0.08832657127931164,-0.18389178813826898,0.006241527558193473,0.04179046579416912,0.001345139939790596,0.2577365968188602,0.040318900807314116,9.8,0.4216370213557839,9.207943807063252,0.26945927033009487,237.4,28.30076559624021,1.057684665656893,0.0020299272312253266,0.012080962547556692,0.003705064140194528,0.9233333333333335,0.010971343143406368,0.027508644349707977,0.0,1.202360207536284,0.09302052390549204,9.777900569979101,0.38736314499342217,10
SP100,window_010,BayesianConfig_ECMADE_MOO,60,10,750,126,0.3250189816174819,0.02363254171232778,0.18212817546416363,0.0035996665806885555,1.6474247825619905,0.11401785660013851,2.380332025082453,0.173541121917221,-0.08475863253032684,0.004160906171698979,0.024455643669423644,0.0007627876466589029,0.6037856604543712,0.037846176736804134,9.2,1.3165611772087669,9.152029043035474,0.2834726788785236,276.7,31.50326261763304,1.017524109526736,0.029171981539936997,0.02629540614589963,0.03940686021097437,0.8491666666666667,0.11563365416395278,0.08558407522190675,0.0,1.2494805337011559,0.16086462555314152,9.79967081999639,0.20059724015123692,10
SP100,window_011,BayesianConfig_ECMADE_MOO,60,10,751,123,0.17074934878954248,0.016905333182663584,0.22088541342331142,0.005186230412250875,0.8314723975225158,0.0544595166398601,1.4318846487152233,0.09389011915000846,-0.13270905648354742,0.006616614206148006,0.026255869361953742,0.0006720633060848748,0.41941614701838664,0.042577962410730155,9.0,0.9428090415820634,8.862635824616778,0.5773530426161998,278.6,32.321991137785915,0.9767015235529735,0.0031306552694104453,0.007014447053737305,0.001681373415487918,0.9408333333333333,0.029775393768581352,0.032369072506484305,0.0,1.3145361528774675,0.04767372876206554,9.878802139987238,0.28813440105769594,10
SP100,window_001,HandCrafted_ECMADE_MOO,60,10,755,124,0.04688057297846482,0.011883234868849624,0.3533605665401256,0.007592052443428359,0.31162165260790303,0.03094609312027209,0.48354140733471296,0.048654316789696665,-0.23220463910125932,0.00464697511139673,0.04741182816656499,0.0011206457904509423,1.0,0.0,7.7,1.494434118097326,8.546724345027652,0.863745332279637,352.3,49.62313528542464,0.9825193912166388,0.0055986005806911345,0.01024242955282567,0.008864910764998362,0.9233333333333332,0.06344045521608976,0.07496929458265308,0.0,1.3603125239920701,0.09480852875694777,4.476434990006965,0.2244634832093563,10
SP100,window_002,HandCrafted_ECMADE_MOO,60,10,755,126,0.5810168355755889,0.06016239836910812,0.19725242268768067,0.008116589871948268,2.4239038040013,0.0997311715917843,4.4206673744144025,0.2007931223713194,-0.08275165542759735,0.0042295111561350615,0.022702769380614475,0.0009384903393449002,0.6093237879210079,0.02933766267238019,9.9,0.3162277660168377,8.902086604427689,0.4293960026289028,295.4,53.17100295796155,0.9554075608402988,0.00398860926269274,0.006436370024606372,0.001968235503836914,0.9616666666666667,0.028109134757052248,0.04395734727674794,0.0,1.3695452462382314,0.038473423068122535,4.879824679990998,0.7484546171238691,10
SP100,window_003,HandCrafted_ECMADE_MOO,60,10,756,124,-0.44563040478707894,0.03218409861314484,0.4028555439153688,0.01795246142083064,-1.254940481651541,0.07862958897462323,-2.1404493863030964,0.15648944179034624,-0.2751353931499764,0.01222494884969905,0.05029270008163239,0.0021620643974159834,0.34478143909514014,0.046011916636445015,9.5,0.8498365855987974,9.071395516591181,0.5947902218636146,340.0,46.70474636836532,0.9306695388144277,0.02587136658038196,0.014761918674312324,0.021088139817500424,0.9233333333333335,0.10249962360665611,0.08898522529772471,0.0,1.3024467905624113,0.15500471703649987,4.248441030003596,0.19831716708360594,10
SP100,window_004,HandCrafted_ECMADE_MOO,60,10,756,125,-0.254393881073892,0.015770092427352965,0.2891808659357501,0.006000590964488876,-0.8618493127687354,0.052529606787479755,-1.4207922007631768,0.0738703753252077,-0.2517177861362234,0.01146687632196814,0.03597348195886706,0.0008079261960857711,0.3725327564267532,0.04805352048960322,9.0,1.1547005383792515,8.726438428554374,0.5611037773989926,362.5,58.62356371137993,0.932754982903303,0.002172924491401883,0.004820031515536766,0.00099693046146066,0.9933333333333334,0.006573421981221825,0.02661141564326187,0.0,1.3771824139980504,0.015404837231575475,4.980838129995391,0.6041584039170272,10
SP100,window_005,HandCrafted_ECMADE_MOO,60,10,755,123,0.9828517617820077,0.05359492416445598,0.19323047799426982,0.005296958086505859,3.6504081551027125,0.11859908014462354,6.139019097025731,0.1373030301067687,-0.09424273854101373,0.0018695743240100826,0.02246060500834901,0.0005173209707438793,0.2887810669124978,0.018357502926363012,9.3,0.8232726023485649,8.1567733367599,1.1907864330865356,300.8,62.333868090397786,0.9841607662846851,0.0038619062884878634,0.0057083873118127975,0.002129787323250018,0.9875,0.02012691214748534,0.037754913699907536,0.0,1.3559810099619365,0.037989162515695174,4.465893229999347,0.40123730212384795,10
SP100,window_006,HandCrafted_ECMADE_MOO,60,10,753,125,0.2518584727440289,0.03472257537184792,0.1675606273375236,0.004243800198941661,1.4331315050908808,0.1612728579585223,2.3911201345775828,0.27973420517729264,-0.08971328363513278,0.005229782538851871,0.019993458056461542,0.0004314211155054522,0.42764581921492495,0.061465764722683065,9.9,0.31622776601683794,8.466276139138195,0.533120997049297,259.6,56.39385309292731,1.0131497275346173,0.0025368041890618583,0.006222141127419594,0.0017655795630651364,0.9791666666666666,0.0205066986947686,0.04657141128189488,0.0,1.3470979679411026,0.05599500626523314,4.308316029998241,0.3436175064205599,10
SP100,window_007,HandCrafted_ECMADE_MOO,60,10,752,124,1.0563235021112702,0.061972256046558136,0.17061976592877748,0.00650663330067256,4.32824764833507,0.24087998844447311,7.8854891152247815,0.43814126029980566,-0.06454980923554446,0.00289916251107933,0.018346349746694485,0.0007729165284276031,0.372279971101252,0.053237264374808434,8.1,1.3703203194062976,8.736346172586995,1.0653532391070273,223.3,48.634806923071515,1.02542166114694,0.08443705843233054,0.08028891218779961,0.10861159124022168,0.7141666666666666,0.2269650133477638,0.11065896883191847,0.0,1.1153788956040587,0.27240991544352344,4.305455429985886,0.303927577428104,10
SP100,window_008,HandCrafted_ECMADE_MOO,60,10,752,126,-0.008158776461814999,0.023351044649077474,0.25003034269762403,0.010678068403383102,0.0965784960426655,0.09632997031147306,0.15789144532186186,0.1578361703621972,-0.14494921578694067,0.006557820905540598,0.030922766713990035,0.001159457420759751,0.22885173619627772,0.06307660968167546,9.2,1.0327955589886446,8.762903047693179,0.8700120136979348,271.9,78.62491830061114,1.0107339839274225,0.03813726839519342,0.02436697023678712,0.03953644160590841,0.8441666666666666,0.19563327054264024,0.11846915307743014,0.0,1.2552374047677861,0.1826535566885435,4.173691430001054,0.3269847045577893,10
SP100,window_009,HandCrafted_ECMADE_MOO,60,10,752,122,0.3765997486404832,0.06613046519576414,0.29898280587463344,0.013841694957009772,1.2200995088391402,0.15181144460398474,1.6024642717091653,0.2036862872348803,-0.18742425366376284,0.008802965228052786,0.04242274120291967,0.0021639143599899396,0.2887799356994005,0.04734720507139908,9.5,1.0801234497346435,9.218297133461876,0.48275946267108955,229.9,36.26583945135024,1.0487456706838383,0.02129171788945597,0.01478329292547489,0.014349150541231483,0.8816666666666666,0.1774650026357136,0.05619383649809477,0.0,1.2539434742648061,0.12404187434876547,4.0660902199917475,0.15476071062610686,10
SP100,window_010,HandCrafted_ECMADE_MOO,60,10,750,126,0.3275884925457405,0.06824692487727967,0.1770231511856975,0.0067530958589698264,1.699765858329347,0.3211907175979942,2.459092050131704,0.5037481314615351,-0.07614642262177211,0.010006619934109728,0.02389858685712673,0.0011679758905043434,0.6220948440692651,0.05207503773955154,9.3,0.8232726023485647,9.109471514152766,0.5387410699425825,270.3,36.018667999308974,1.0221996441799814,0.01668514796025785,0.016295210310546725,0.0219074461885848,0.8616666666666667,0.14636543139065605,0.0780424729368697,0.0,1.329641738137266,0.127867653102958,3.9903772999881766,0.38459681601435713,10
SP100,window_011,HandCrafted_ECMADE_MOO,60,10,751,123,0.18256390214147164,0.03300352511032511,0.21467103662980508,0.00581840568397235,0.8941735679938354,0.11233570988135297,1.5651261720847887,0.19078876800153435,-0.13140373484013762,0.008957461399959843,0.025304469944009526,0.0009291095849805482,0.4283880248365802,0.04072071911234261,9.6,0.6992058987801013,9.17958470036431,0.49043135531857973,268.7,47.135855660939136,0.9684428607350402,0.019339235921498055,0.013537220543926231,0.015311614267317503,0.9199999999999999,0.10586212789972055,0.06244428055877725,0.0,1.2866648492269066,0.13642198667368646,4.057378580002114,0.3027005008509709,10
SP100,window_001,MetaDesigned_ECMADE_MOO,60,10,755,124,0.040103159332206775,0.018213396680063956,0.36051169945286865,0.01567760021004326,0.2955509529676716,0.045780793228757964,0.4600965164959331,0.06906664626266316,-0.23707944661786168,0.00986002684178687,0.04819823373682165,0.002094539367362549,1.0,0.0,8.4,1.712697677155351,9.389229590450512,0.2931762948472179,212.0,20.548046676563253,0.9729634490560354,0.010227819833691079,0.014235471472090094,0.011044089700400113,0.8858333333333335,0.08880638532264484,0.03290661833220267,0.0,1.3341626032886147,0.10933336419794659,10.832891910034231,0.41544997844192066,10
SP100,window_002,MetaDesigned_ECMADE_MOO,60,10,755,126,0.5979449663225109,0.10484652625076088,0.19993369771257682,0.013144539801602836,2.4352750301604957,0.18850998439601035,4.373836331498193,0.445982762072827,-0.08552172496314273,0.004507292595825899,0.023068946826731808,0.0013401765341743777,0.6235162241991615,0.04317725044679306,8.9,1.4491376746189437,8.641183894745238,0.7817704600091783,195.1,32.191958968385606,0.952285593132955,0.005162634134386098,0.00807448542488667,0.002054936745225277,0.96,0.058240667137679496,0.05623775500176541,0.0,1.391561680459856,0.015842872963933958,10.129402219993063,0.18049980575194402,10
SP100,window_003,MetaDesigned_ECMADE_MOO,60,10,756,124,-0.4477480897625812,0.020600466657730826,0.4034606261611396,0.014884880488629473,-1.2615283713567265,0.0443147507354908,-2.1615230254068467,0.09425555970968162,-0.2745621195206698,0.009304036725762709,0.050355610395899295,0.0020309456136156506,0.3245416544776773,0.03788958631063317,9.6,0.5163977794943222,9.096778375869647,0.4608903554284608,301.3,32.574871023877016,0.9361501162891785,0.007891072511110183,0.008972803178759346,0.0043551752646067065,0.9258333333333333,0.0492928387356347,0.03611344733555027,0.0,1.3184375681876142,0.06300094510196155,10.735487099993042,1.331516757642369,10
SP100,window_004,MetaDesigned_ECMADE_MOO,60,10,756,125,-0.26562830149194194,0.02195406696143164,0.2940685419124972,0.007213891002820667,-0.8940579646667048,0.07476439446175248,-1.4594571192307868,0.10458081086986255,-0.26212955012059436,0.01619245240114284,0.03675155696927911,0.0010837833209527273,0.3803504906103493,0.03890791785384067,8.7,1.766981104093143,9.20653648858518,0.2314186353075255,315.6,19.687559523719532,0.9309675532329867,0.0015157654848673428,0.005530885126893891,0.0005855717588490566,0.985,0.009460770203292463,0.013250797812676098,0.0,1.359712148849889,0.01593053283611868,10.71617063001031,0.15111386156527204,10
SP100,window_005,MetaDesigned_ECMADE_MOO,60,10,755,123,1.0576164344485277,0.1856740638493494,0.19712547402266928,0.008068942622774834,3.7416485862068845,0.35017012577285034,6.232442984566316,0.6020484190976598,-0.09753875347247085,0.007970035116863014,0.022946914968804334,0.00047527783778780736,0.28425049264998736,0.06068778987538989,8.2,1.1352924243950935,8.09213060117554,0.540956856461747,175.7,19.55647093817174,0.9795848317707346,0.0028277563250708993,0.008223101394054869,0.0012881786226930456,0.9833333333333334,0.016666666666666694,0.026521320291098473,0.0,1.3579021402892906,0.024700462592686868,10.368974449997769,0.18587092917468306,10
SP100,window_006,MetaDesigned_ECMADE_MOO,60,10,753,125,0.23177224813085542,0.032709687759074735,0.16537828021287976,0.00966479540067127,1.3513973206254355,0.1373365288463245,2.2430173440972165,0.25848052347995815,-0.09137517464759863,0.0077129575095443645,0.01991327123857164,0.0007489695939117682,0.468006517664654,0.09874993006665383,8.5,1.4337208778404378,8.522055738820828,0.5458367260894819,158.2,16.437085440484204,1.0052292971647863,0.004514546845052688,0.011218073436842325,0.002975225823801034,0.9541666666666666,0.037525711350295275,0.0539896792217092,0.0,1.314818567181503,0.04012115102318904,9.92795898001641,0.24699953048960746,10
SP100,window_007,MetaDesigned_ECMADE_MOO,60,10,752,124,1.0615882824507672,0.11912072122315133,0.1674185938407146,0.013371797063785246,4.419741575016979,0.25825887616007903,8.137609168856741,0.7276130913201759,-0.06308599590741296,0.005627406726440775,0.017743705995096958,0.0019507246372898843,0.43665079197837586,0.06156653373993438,8.4,1.505545305418162,8.413320917618936,1.0682708487360588,163.6,70.03205615208573,1.0655244016616527,0.014913691252277107,0.019260659090134778,0.0173934011328616,0.75,0.2144833010277329,0.11862224012383966,0.0,1.3014744136879757,0.09630638087163136,10.096540139988065,0.7274790532374392,10
SP100,window_008,MetaDesigned_ECMADE_MOO,60,10,752,126,-0.011193048446534862,0.07304989711280878,0.2532682419356088,0.01623452967181509,0.07046025005605516,0.30165459051744237,0.12220725027381722,0.49387342572377235,-0.14572870433122856,0.008702313388824354,0.031920382939479366,0.0016456478139162576,0.26034456601016187,0.08302373581902904,8.7,1.0593499054713802,8.475049327702887,0.5779152953471443,160.9,21.08949185415966,1.0202493680229212,0.010168554973353932,0.01239288385379159,0.00512532466870069,0.8241666666666667,0.17048632326304972,0.06783978089341977,0.0,1.3574024188654694,0.024914690418296363,9.560860609996599,1.3616412256255899,10
SP100,window_009,MetaDesigned_ECMADE_MOO,60,10,752,122,0.3247726324170707,0.09073460297992877,0.30051761973524227,0.010931403723736747,1.0827829765684611,0.2144131923857042,1.4302374560842428,0.27540330485921144,-0.18732572524337782,0.0070853493622469055,0.042964104185092764,0.0014978211487286393,0.2969436138805315,0.09303365936492819,8.9,1.2866839377079187,8.600426231950642,0.7041894888503024,163.8,43.99949494659632,1.0503141863233747,0.00747551382493983,0.014471980101110168,0.0070508947212038564,0.8816666666666666,0.1379859538387517,0.07929447252649272,0.0,1.3011788487257887,0.08680267756269662,9.460952589986846,0.94297589062671,10
SP100,window_010,MetaDesigned_ECMADE_MOO,60,10,750,126,0.23397298682405993,0.04773124160960156,0.17986424763757478,0.012117806059292831,1.2769039525444938,0.2551555939064512,1.805608177333929,0.357663220507696,-0.09137253223580535,0.01645951184399399,0.024975897676885843,0.0013851102175171715,0.7174055216296412,0.07907644338388375,8.5,1.2692955176439842,8.61143705717288,1.2237924785380685,188.7,62.20048231324255,1.019591447014247,0.008990602702481395,0.01241180350308621,0.004537901516058842,0.8133333333333332,0.15709555164191957,0.11047797238526107,0.0,1.3813102071279237,0.026696107220091934,10.141536870005075,0.3728565536819748,10
SP100,window_011,MetaDesigned_ECMADE_MOO,60,10,751,123,0.18718756811417142,0.044084962564484964,0.21420565152760998,0.00735605515214169,0.914601118105504,0.17513297885643903,1.6013166277874373,0.3236554134208394,-0.12723103001093114,0.009736839747248024,0.024925523348417078,0.0010324077056552614,0.5186456212369357,0.0585839875515084,9.4,1.0749676997731399,9.140489769127498,0.586529881726652,170.4,24.833668901535898,0.965408013693106,0.007857978268002134,0.012552874402250133,0.004066368455889505,0.8775000000000001,0.06972720212405906,0.04590597710198503,0.0,1.3212879037881675,0.05588525859357228,9.67260539997369,0.20748797414939876,10
TAIWAN50,window_001,BayesianConfig_ECMADE_MOO,49,10,730,115,1.1167304731439838,0.25270018187180465,0.2880267064107332,0.01708831009819384,2.7252679748677897,0.31435509379557813,5.007806223514619,0.5831744685346707,-0.14117545875130635,0.006858915887614858,0.03184681027690969,0.001622423910810134,1.0,0.0,9.7,0.48304589153964794,9.328221147954228,0.24923396988172833,266.3,17.262998323324712,1.06950104061629,0.008565665594968682,0.023760939768598797,0.010839893507512036,0.8933333333333333,0.021801574300387344,0.02926461146436788,0.0,1.119312314001925,0.13592738343887173,10.56023395002121,0.38851027002089267,10
TAIWAN50,window_002,BayesianConfig_ECMADE_MOO,49,10,729,126,0.02797152034221176,0.0259723054512883,0.34065757405648833,0.014915886847284818,0.258078527057831,0.07284979614732016,0.388092873714998,0.11125635011466521,-0.26631517662459747,0.014920280920114578,0.04485780978421824,0.0019931842499515593,0.5888079700874231,0.050327668953800066,9.7,0.4830458915396482,9.587724006105729,0.1449369699229921,305.0,20.154955277107973,0.9897450321543839,0.004238063869996367,0.0067004970003546205,0.0006698611161092028,0.9733333333333334,0.012297746456210368,0.013748465332788479,0.0,1.1714526848951914,0.021724297118965254,10.570251979993191,0.276193135608709,10
TAIWAN50,window_003,BayesianConfig_ECMADE_MOO,49,10,728,117,-0.5138713559444054,0.02394496166862981,0.2652413906689008,0.014449054924781487,-2.573762623988838,0.07221589351323565,-3.7852216107474184,0.12241129994090752,-0.2896029502388506,0.01581859367343327,0.03912521011580846,0.0021403654085044937,0.5821090772332267,0.03035822900713589,10.0,0.0,9.4585370843593,0.34547239747789726,301.2,33.192368600829525,1.0444294789496014,0.02316425812841055,0.021241772110363297,0.011275347017211317,0.8933333333333333,0.04440970864824743,0.031688255011085756,0.0,1.0738999331565107,0.08232515288293236,10.485544089996257,0.22288722939191,10
TAIWAN50,window_004,BayesianConfig_ECMADE_MOO,49,10,730,127,-0.05207579812723244,0.016630194168814002,0.17614790691271115,0.012052006380001836,-0.20965771081882636,0.11803384673409584,-0.3243967148695793,0.18348783669189037,-0.18451015232796084,0.006479318813379288,0.02438894138363814,0.001988395308207918,0.43569132846272973,0.05699310872812467,9.5,0.9718253158075503,9.498836364450103,0.16370121272193527,296.2,22.00908903157967,1.047889486628695,0.017671446055435545,0.047150342870780695,0.01568798093882437,0.8333333333333334,0.028867513459481253,0.029114143087230406,0.0,1.0300447208816519,0.07627904890076395,10.437538819981274,0.21758773337091597,10
TAIWAN50,window_005,BayesianConfig_ECMADE_MOO,49,10,733,112,0.8325056822287525,0.14923605153100267,0.1547328635378688,0.017911464078662277,3.9891912218529852,0.18699218850321644,7.30035548339804,0.36361211732988213,-0.04491161605873134,0.007029485910756281,0.016824733602460465,0.001713858678642475,0.30761961276358163,0.07639950259282849,9.5,0.52704627669473,9.39610725935492,0.26330207405863987,320.6,22.57432169523594,1.0093425087240806,0.0127015968184614,0.02319892280479168,0.01459591335941014,0.9,0.050154083570188274,0.03884211283693768,0.0,1.1688415079877243,0.15768549238125704,9.831159549986477,1.8155423601219183,10
TAIWAN50,window_006,BayesianConfig_ECMADE_MOO,49,10,729,125,0.363308541929056,0.03401481440668635,0.27400105036212175,0.018483077994799264,1.275070469777797,0.07072041427229206,1.8020249227982306,0.10230078108992227,-0.1818495475951472,0.011596752799489159,0.03903345777933201,0.0028463033812700256,0.7294923612516964,0.06585900158513884,9.9,0.316227766016838,9.357386914648128,0.2629690688105563,283.4,40.008887901453996,1.0277801353403553,0.01761293453182933,0.0322765501772926,0.015857747066498,0.8825,0.0462230902696269,0.03236382293322247,0.0,1.076192061791487,0.16695555032454634,9.981753909995314,1.2069273515210595,10
TAIWAN50,window_007,BayesianConfig_ECMADE_MOO,49,10,727,117,0.53277428607696,0.11549716937766356,0.14321634385037002,0.008813281486252935,3.0420829431602403,0.43628877908077796,5.112817806239542,0.9050940484722844,-0.05291832378799623,0.006744408851420996,0.017027794142957464,0.0012145678333368175,0.5772492756248757,0.0760952728382055,9.6,0.6992058987801009,9.233725262800714,0.4650931661829296,290.2,24.710771380558356,1.0571841043125603,0.015595672058364601,0.02417508579342694,0.018469458592006206,0.8808333333333334,0.06187028445680068,0.05370005238942797,0.0,1.1583444389291113,0.16081293774471145,9.762998209998477,1.8803805346741727,10
TAIWAN50,window_008,BayesianConfig_ECMADE_MOO,49,10,729,123,-0.01633839316008724,0.022277033769576942,0.19927316894746722,0.014031922193519506,0.02738067468829562,0.10928544329341366,0.035053371647712314,0.1353646718263878,-0.12499227837940023,0.011679219401014037,0.031162685670893937,0.0025403569070892346,0.33103441316712867,0.049106496728472226,9.7,0.4830458915396482,9.154595987511959,0.41361975496096487,323.7,23.242920068987317,0.9416617939035138,0.0031744830127542153,0.006606451056660458,0.0019360756582052884,0.9566666666666667,0.02108185106778922,0.019901557197404312,0.0,1.330753951257464,0.04013862828923309,10.81117453998886,0.2357603036100198,10
TAIWAN50,window_009,BayesianConfig_ECMADE_MOO,49,10,726,116,0.20669784282083112,0.023060370380023437,0.2757846950465548,0.016816311550938687,0.8284561709015676,0.07981147268484691,1.0253026683392084,0.09759060319120512,-0.2278060438931313,0.016249237967613153,0.04447759116743053,0.003173136597450683,0.38237639022961256,0.07663811598772083,10.0,0.0,9.194296445608671,0.16293043438816965,312.0,28.268553396152253,0.94430198394549,0.005169562829332599,0.00869248426420184,0.00489952684848036,0.95,0.04082482904638629,0.025661859653479686,0.0,1.3022434453355791,0.08139991355893876,10.84880379998358,0.41989180052864056,10
TAIWAN50,window_010,BayesianConfig_ECMADE_MOO,49,10,725,124,0.8261220581415671,0.09257331414500654,0.16347987759667215,0.009184243464775692,3.7677684029232816,0.1789383722721452,5.959562148437087,0.3423144354504301,-0.051391854464505046,0.004944691782200816,0.02006047333491624,0.0012937041566508881,0.656400694790064,0.06618113892794555,10.0,0.0,9.485538055399633,0.17166792822562968,348.2,31.449430307505843,0.9514482024295388,0.005020140620973365,0.0075647400103286255,0.0032168307379256385,0.9591666666666667,0.03412260030905987,0.03552049531456629,0.0,1.3153783362874458,0.0740009658609689,11.299574579996989,0.24127776230814615,10
TAIWAN50,window_011,BayesianConfig_ECMADE_MOO,49,10,722,116,1.3562426871365605,0.16149668744485926,0.22841368711099594,0.014621125519640616,3.8715806455597717,0.2212034185825834,6.211299257964188,0.41060410220071264,-0.0540536888790793,0.004312557201282709,0.028381860872089305,0.0018438775732774301,0.5599162411279025,0.08592943993383755,10.0,0.0,9.398580205942416,0.4357097158164552,294.9,40.88860205213402,0.9794683207201393,0.01417203122125121,0.016261847720225524,0.011764225026838498,0.9183333333333333,0.05178898305076186,0.05187015208762458,0.0,1.219478197050765,0.12986171007600308,11.186373069998808,0.8930794890823878,10
TAIWAN50,window_001,HandCrafted_ECMADE_MOO,49,10,730,115,0.9410889562422637,0.24515516002486243,0.2734060673541455,0.020501165897014093,2.537773648017086,0.41648172796430116,4.667516359531185,0.8884373499891377,-0.13473441562958444,0.008166648015817126,0.030701460195252273,0.0020330718830483072,1.0,0.0,10.0,0.0,9.333130493303234,0.4652638627583955,297.6,15.88989895779356,1.0732104114333079,0.008547639042525276,0.019221275522453153,0.009659690635276353,0.9158333333333333,0.03389571880173688,0.04357722755056358,0.0,1.149896378039251,0.10814665716028272,4.5732676699932195,0.3152484543162082,10
TAIWAN50,window_002,HandCrafted_ECMADE_MOO,49,10,729,126,0.01589636163682925,0.028023124097756643,0.3450910381962177,0.021291882400935665,0.2244636688428289,0.07536068287898604,0.3344011890392572,0.11413663661105268,-0.27149645359474106,0.015875295606800635,0.045502479764604906,0.0027466982001721784,0.6303880905748903,0.05238491111422579,9.9,0.316227766016838,9.68066796641268,0.13735120219601157,321.0,34.09138046812159,0.990273673745817,0.0059641953499892505,0.006849058917262639,0.001499453373704216,0.975,0.01842569327975221,0.02659257239123623,0.0,1.201333506629201,0.0535028290286777,4.316543659992749,0.2854261575092684,10
TAIWAN50,window_003,HandCrafted_ECMADE_MOO,49,10,728,117,-0.5059944597564497,0.051707540111377334,0.26355418468700303,0.029107975166089994,-2.53740153021678,0.10906892200027588,-3.765114925020279,0.21184354719885362,-0.28510163981688247,0.03301059469436985,0.03874737491271294,0.004124718492620661,0.5988042742923018,0.06924391717013664,10.0,0.0,9.379617409452704,0.5295799855228571,311.2,37.82062929143299,1.0618080270294452,0.007579095900666128,0.010728699881216927,0.004999179911036182,0.9316666666666666,0.0501233047495109,0.047208169519628376,0.0,1.1902888129422113,0.07385804916699043,4.421646829991369,0.3313558737572337,10
TAIWAN50,window_004,HandCrafted_ECMADE_MOO,49,10,730,127,-0.06276348653582232,0.012584644069156102,0.17258318640162296,0.009267838211451168,-0.28029957548656376,0.08943367298965592,-0.4292067280245293,0.1368632519480696,-0.18492289877011336,0.007919296157675143,0.02408489605366189,0.001602440205586282,0.44570127861622655,0.08040185241384222,9.8,0.6324555320336757,9.205177688182012,0.8258085762021619,340.9,32.8851536918004,1.0618155491256427,0.014663501347398977,0.032605764974724324,0.018464980979762687,0.8775000000000001,0.06174544517614233,0.046444715932413484,0.0,1.1384435719378527,0.15162778278466083,4.528006269992329,0.35956630186865024,10
TAIWAN50,window_005,HandCrafted_ECMADE_MOO,49,10,733,112,0.7727527991636347,0.06208672635083582,0.144911052873059,0.005515596283805197,4.036519228332656,0.19793911502478007,7.432454824856521,0.3346182689403515,-0.040326191941851317,0.0018035250220072765,0.015748977204045143,0.0005952971323476822,0.2656110198093452,0.029500824936282994,10.0,0.0,9.566893559483967,0.36313061231111765,340.3,23.343093196918016,1.0114643566799015,0.014671000053724013,0.0198108407752349,0.013663774076781352,0.9125,0.04068282921076891,0.029362639234508554,0.0,1.186578354665225,0.1383429632615358,4.415528759994777,0.2807483765600881,10
TAIWAN50,window_006,HandCrafted_ECMADE_MOO,49,10,729,125,0.39557819129476857,0.03193793897397848,0.2871939492907179,0.023669558194339437,1.3152670409849148,0.09493308516225027,1.8458397245685787,0.12721233338236576,-0.18719270176867941,0.02285673644534095,0.04114244374327769,0.003270200192573259,0.6999326448621,0.04421409317524863,10.0,0.0,9.430294139895015,0.3658132319098992,286.8,25.5899285744303,1.042050327339509,0.010904254172175207,0.01668055685805008,0.013250872697439485,0.9016666666666667,0.043885372573625535,0.037253213288158955,0.0,1.2357927623987954,0.15875288576232532,4.400123950000852,0.34670932397775434,10
TAIWAN50,window_007,HandCrafted_ECMADE_MOO,49,10,727,117,0.5412852282231404,0.07476817708559125,0.14543020490794759,0.006902329793266516,3.057572290761417,0.3235148999363026,5.083676433310165,0.6336060078659321,-0.05079945460923013,0.00390959879482063,0.017607198711700155,0.0009679967407658132,0.580735923834091,0.08387491218905051,9.9,0.3162277660168377,9.536093779743556,0.2790256964821437,249.3,24.36322365095938,1.0424422590459268,0.02169517577745662,0.03979285524171869,0.021513770935141046,0.8408333333333333,0.04802423513699961,0.033810426628516424,0.0,1.0727305666215565,0.18006400952191734,4.021288600016851,0.11988635162168408,10
TAIWAN50,window_008,HandCrafted_ECMADE_MOO,49,10,729,123,-0.0011438164457794602,0.015326607672072268,0.19466503079320613,0.008889804755638376,0.10243221457346705,0.07952644846688443,0.12831679234279358,0.10073151104216523,-0.12172239014433388,0.00686636382254041,0.030414652066788152,0.0018395494434721511,0.3469872742759003,0.07778833952500688,10.0,0.0,9.08582012221618,0.3752264184821649,319.9,33.847533965645944,0.9425210501564829,0.003477367931454706,0.005978493626258531,0.001620222884777208,0.9733333333333333,0.026293687924887222,0.04127882688080756,0.0,1.3617265723711776,0.02992772473091713,4.458783950004727,0.3972079528997677,10
TAIWAN50,window_009,HandCrafted_ECMADE_MOO,49,10,726,116,0.21012041361274586,0.031041718203903963,0.2672765475565554,0.015394332237264486,0.8566104966435464,0.10389200638822577,1.0533342319636936,0.11696756181059506,-0.2200908610214709,0.014554284424408684,0.04320184488369494,0.0028875363638509364,0.4131619086087122,0.08741765816385053,9.9,0.31622776601683794,9.627828734558467,0.26468537515247054,298.0,30.114595944307283,0.9411660690346896,0.006946558724272145,0.01008179883675007,0.005967154834554889,0.9475,0.03909666715611511,0.03458534992528448,0.0,1.3050772298082418,0.08501270899856408,4.152593010000419,0.3616463518916226,10
TAIWAN50,window_010,HandCrafted_ECMADE_MOO,49,10,725,124,0.8346768523780803,0.10320367429403547,0.16378229730680852,0.009441375133932705,3.7900161004708166,0.22696942708076817,5.93766074512553,0.44619038488530843,-0.04953109059965151,0.006928956417359203,0.02025007357826915,0.001411230098807748,0.6367219187175722,0.05741439539446991,10.0,0.0,9.528327659624583,0.3157653815325332,345.9,54.042061807858914,0.9506049369547253,0.011163739734222789,0.008365648890090671,0.007903404204442724,0.9675,0.04834450700984227,0.03680894382870091,0.0,1.3345447499669243,0.11284886619293795,4.434110679989681,0.39396335721581166,10
TAIWAN50,window_011,HandCrafted_ECMADE_MOO,49,10,722,116,1.2667021252633173,0.11268596422792389,0.2132417503109644,0.011585374367023666,3.9529320208300454,0.14402611999597426,6.292639439206918,0.25327694296642284,-0.04979392392143731,0.0044415959895880265,0.026668375955989466,0.0013184677120078136,0.5537287457639481,0.06544716917147131,10.0,0.0,9.566614695360792,0.34961275151617105,314.3,40.05288171072505,0.9805418219884791,0.013436881476640388,0.01587881850994798,0.013094607324352083,0.925,0.05866308911650797,0.03277441244946032,0.0,1.2527260267453766,0.15501511874319507,4.32085809999262,0.3840930298847803,10
TAIWAN50,window_001,MetaDesigned_ECMADE_MOO,49,10,730,115,1.000251002988937,0.30580620070123765,0.28991027827327354,0.02458096536267842,2.5397312671684746,0.6214791531406197,4.73161562685037,1.2208935705431987,-0.14437210073378398,0.01651189534740943,0.032216957541744654,0.0035468180056447245,1.0,0.0,9.9,0.31622776601683783,9.284571608601613,0.4428429683179502,186.6,11.63519564845292,1.0738962998603745,0.003306417454397715,0.013174626774099063,0.005151628027284695,0.9383333333333332,0.024595492912420688,0.04254541088395257,0.0,1.2632554951258645,0.12231982127484657,9.727868130011483,0.17288735451846549,10
TAIWAN50,window_002,MetaDesigned_ECMADE_MOO,49,10,729,126,0.0300016765623135,0.03453850636915197,0.33372400081338127,0.03098584513387727,0.2679771457066299,0.09802198982794083,0.3998048357207781,0.14802708817452215,-0.26068261663988235,0.028796133908487908,0.04391423936281469,0.004288179336534994,0.6499739003977434,0.04358083219956244,9.4,0.9660917830792957,9.56133275460891,0.14076343931967375,227.6,16.79417888568669,0.9922037696162548,0.0035809829376165945,0.007500053322883338,0.001014827283391117,0.9858333333333332,0.013636597454037343,0.031134872983579403,0.0,1.239630052846828,0.07263212726723259,10.280352209997364,0.18981633691322583,10
TAIWAN50,window_003,MetaDesigned_ECMADE_MOO,49,10,728,117,-0.5018385909715011,0.07736145714032813,0.2665263133339063,0.04117233103309212,-2.483288536312205,0.18698690212724034,-3.667831466982554,0.2983389429662584,-0.28682529983375016,0.050536133577302654,0.03919764475180605,0.005782382291621684,0.5502063877459826,0.07343618116422136,10.0,0.0,9.389285702431192,0.30179275968160013,195.4,12.790621564255595,1.0607158596406165,0.0034633119268291258,0.01086211073877306,0.0026852213494929045,0.9458333333333334,0.02613178850309273,0.04063928203011435,0.0,1.248556451482242,0.08900622625525142,9.840594620013144,0.17034684224346167,10
TAIWAN50,window_004,MetaDesigned_ECMADE_MOO,49,10,730,127,-0.06001315628323998,0.02128314991756585,0.18122297487985645,0.005951780643892577,-0.2394544470455203,0.11960256431061998,-0.36511861937636836,0.18253338257032964,-0.19048080894064096,0.007303712615573096,0.02564995526517765,0.0009805541250983896,0.4387126307492017,0.11178845387410209,9.4,0.6992058987801008,9.245089159696667,0.39080934888378566,205.7,23.017143369429856,1.0675660895067325,0.00475091958275213,0.017480339446476385,0.013626567487818793,0.9033333333333333,0.04105100711535813,0.03362729801264365,0.0,1.3052974326209301,0.14508088687863083,10.02901953998953,0.23976904954924666,10
TAIWAN50,window_005,MetaDesigned_ECMADE_MOO,49,10,733,112,0.7028521091558682,0.09383447268207903,0.1407217554738814,0.006877570038367034,3.8547391250834955,0.26359000389843795,6.9531787524748765,0.6266428663708846,-0.03798007688391582,0.0023236555418959647,0.015471283265043947,0.0007780386910626822,0.22755885875601548,0.04909016660103656,9.4,0.9660917830792957,9.445447842713534,0.23640193952550087,195.0,10.583005244258365,1.011284315709913,0.006611186425819072,0.014876091686077661,0.008063355087635622,0.8975,0.054581742979376055,0.03424642846978354,0.0,1.2950139753442063,0.12269275833133078,10.048353730002418,0.24159767113218658,10
TAIWAN50,window_006,MetaDesigned_ECMADE_MOO,49,10,729,125,0.35697305352488323,0.028365592871539568,0.2817918527557241,0.01761629660557774,1.2335495753397367,0.08447241110104524,1.7293498259453333,0.11973885040269253,-0.1937107887370369,0.015433806958199237,0.040094951755590046,0.003213447730282725,0.711833507140342,0.07406083776760276,9.9,0.316227766016838,9.514062268057542,0.34827591277398223,180.3,11.3338235188111,1.0288110434994238,0.019744905816022267,0.022424045470535947,0.017523769263726376,0.8733333333333333,0.05149014049214894,0.044336395983121016,0.0,1.2213897784943295,0.18142089611676884,9.741422579961363,0.19427879051089064,10
TAIWAN50,window_007,MetaDesigned_ECMADE_MOO,49,10,727,117,0.47773342511927674,0.1316531627875153,0.14713279493217918,0.012593137547196948,2.7116403140502294,0.5183970028149385,4.509922417793041,0.993157563083732,-0.054969103251666374,0.006344363327857701,0.01806219048763661,0.0017479242542130496,0.6331032935422656,0.09928983295909094,9.9,0.3162277660168379,9.318680766195756,0.49055186740417783,173.7,8.111035007253323,1.0463153505154938,0.0176251610244578,0.023056485704295273,0.014810366816488181,0.805,0.11243653902820902,0.051298809422063926,0.0,1.2355306870196612,0.1658266671797309,10.090906269999687,0.1960759717204523,10
TAIWAN50,window_008,MetaDesigned_ECMADE_MOO,49,10,729,123,-0.004536055169871411,0.03387361888147424,0.19306104705871663,0.016347634316795825,0.09128821342198931,0.17159023267201448,0.11605936248957846,0.21481278488675248,-0.11753880295165955,0.013857989695324032,0.030181728862775557,0.0031070464440736416,0.41771237375126746,0.06792001441581437,9.7,0.4830458915396482,9.12773886997762,0.4585052774313594,201.1,22.91263600917382,0.9324163018792822,0.00789542571495499,0.012272055194092635,0.005461299320210109,0.9383333333333332,0.05586027542333075,0.05297509721951878,0.0,1.3104120871218703,0.08586829072099136,9.88744480998721,0.21036402374536864,10
TAIWAN50,window_009,MetaDesigned_ECMADE_MOO,49,10,726,116,0.1883339291033672,0.038058863646477634,0.26194799551939246,0.011771510752545903,0.7967394702748454,0.1220667576658634,0.9879574080299924,0.15231753639849827,-0.21634480985805854,0.011351030596088102,0.042284647699848264,0.002277354232672574,0.5428383760921897,0.0971245802018511,10.0,0.0,9.226872821515226,0.5329615327770142,214.4,20.646226451016823,0.9377632796038347,0.010569445233556799,0.011578331111679118,0.006909676906540563,0.9483333333333333,0.07336699564097418,0.06303539731481937,0.0,1.333498527461756,0.09074766665886097,10.312796530022752,0.2153359427943463,10
TAIWAN50,window_010,MetaDesigned_ECMADE_MOO,49,10,725,124,0.8428348438941461,0.12389803281375539,0.1717148516166175,0.01669691543919014,3.648726713824921,0.2332520110525708,5.61715359616029,0.39325931287289223,-0.05523370905853729,0.006526629209419632,0.021755464829639054,0.0021720661979646783,0.6651253883391307,0.09685223244649802,10.0,0.0,9.6704397382866,0.1698799773555428,239.2,23.327618347739183,0.9427168856944025,0.011495829910809746,0.011199602527959814,0.007297152516743164,0.9508333333333333,0.05143766454003653,0.03392837770394898,0.0,1.3068074620416454,0.10100319737687445,10.240763430017978,0.3193576218208268,10
TAIWAN50,window_011,MetaDesigned_ECMADE_MOO,49,10,722,116,1.1734615598442037,0.15882064185910477,0.20384597514123154,0.010710508941237418,3.911780745656185,0.25926903799377854,6.2469566481748915,0.5264359261890822,-0.046899128443339336,0.0035809409775728277,0.025379356603199517,0.0011959481776520986,0.5162568272681882,0.09340485658041482,10.0,0.0,9.564542965247806,0.19223896152469974,204.1,11.483805021759022,0.9745707854707313,0.013509059159064545,0.017078546001886095,0.01331836050083493,0.9125,0.05317830477521291,0.034956947400420185,0.0,1.2585108239037697,0.13722834602676973,10.045989310008007,0.14554287536499597,10
NASDAQ100,window_001,ExperimentC_StabilityAware_ECMADE_MOO,60,10,755,124,0.5791389063336599,0.05178763154504314,0.3926798571038754,0.0188258665956879,1.363305350261357,0.07921794662091527,2.146083964720335,0.1363352067708439,-0.2618632821695188,0.012995823545114412,0.04809240073624034,0.0016007228015660435,1.0,0.0,9.9,0.316227766016838,9.212,0.5764604640967727,100.0,0.0,1.0125581691546672,0.02095665119482255,0.03274168025526265,0.02026154745493754,0.8141666666666667,0.12595621912316382,0.06676389051288328,0.0,1.0989188019967056,0.20508103132835154,2.71674052,0.6572858828711763,10
NASDAQ100,window_002,ExperimentC_StabilityAware_ECMADE_MOO,59,10,755,126,0.4927954674519463,0.06055380707525663,0.2637052407639683,0.014567149824084571,1.658245823447622,0.15946536794478405,2.6325829592015237,0.2877908907071642,-0.1770126160136854,0.00960313454000398,0.03382557622120745,0.002321295600290762,0.3753613905877423,0.07065543654352739,10.0,0.0,9.568000000000001,0.3023904760404999,100.0,0.0,0.9819103723545579,0.030874485208472895,0.03317516820930381,0.018942270690534453,0.7741666666666667,0.08392843071022761,0.044462218064933015,0.0,1.0575226701232343,0.17511015092073132,2.3956545,0.8249804355523268,10
NASDAQ100,window_003,ExperimentC_StabilityAware_ECMADE_MOO,60,10,756,124,-0.7232002347219609,0.020496723088217757,0.5644751083920994,0.027730600886240606,-1.985821560020216,0.05310347320616655,-3.5750501726642563,0.15583429833891196,-0.4773522085727036,0.016837589659387614,0.07110469710638,0.004121995427193286,0.4731179928555226,0.05144703686433801,10.0,0.0,9.397,0.3521694667817371,100.0,0.0,0.9520247001655537,0.01849139787482321,0.02064493903964936,0.012497522565518915,0.8724999999999999,0.07158371599087134,0.07136129000958438,0.0,1.1691707695463596,0.12575127168478503,3.05258373,0.2205575851290795,10
NASDAQ100,window_004,ExperimentC_StabilityAware_ECMADE_MOO,60,10,756,125,-0.2857739666364536,0.06690980965588038,0.3849863911780115,0.019161779417647212,-0.68275448521784,0.20862016130311847,-1.166609281242387,0.3700745195430479,-0.3458006054635452,0.03572399976613968,0.04706720855671645,0.0014609878467854542,0.7458889319624207,0.028048713911865364,9.5,0.8498365855987977,9.306999999999999,0.6339128927191462,100.0,0.0,0.8915536892789628,0.013145932036450175,0.01668777664175932,0.008439804408003177,0.8641666666666665,0.12826296772213286,0.0693197796031175,0.0,1.2485219883856549,0.09319170571404754,3.3909464399999996,0.6953497164918754,10
NASDAQ100,window_005,ExperimentC_StabilityAware_ECMADE_MOO,60,10,755,123,0.8310190482158972,0.07856449571045468,0.2737674733028597,0.008471730034917828,2.34929096670098,0.12941576068576707,3.5889547716181482,0.23396365345663256,-0.16080750754961198,0.0061532399938146335,0.03488594376138237,0.0012532116138209404,0.39059263360211244,0.09667810438328141,10.0,0.0,9.058,0.45784034092440723,100.0,0.0,0.9544160848465321,0.009841427362027902,0.012535708741023463,0.00808515543077032,0.9416666666666667,0.07103728806969126,0.04760855418587621,0.0,1.2932566628511073,0.10862848890277334,3.0103483300000002,0.29063365152674425,10
NASDAQ100,window_006,ExperimentC_StabilityAware_ECMADE_MOO,60,10,753,125,0.5078100555486509,0.0406108152347737,0.21297223541769159,0.012103713026419613,2.046264541594406,0.15787503179427126,3.632654125348549,0.2992533276325175,-0.08616612680500416,0.006579756541347033,0.023613480657333746,0.0015485359027917623,0.8646275931536817,0.058406906201895016,8.6,1.429840705968481,8.258,0.709503738929934,100.0,0.0,1.0063494339983823,0.060333352287811975,0.05461051402284743,0.0805970170770986,0.8091666666666667,0.2162192674229988,0.13217312029715447,0.0,1.2024415071212622,0.2563665944837306,4.34077289,0.9949391485488195,10
NASDAQ100,window_007,ExperimentC_StabilityAware_ECMADE_MOO,60,10,752,124,0.8419158861958713,0.1176773461333682,0.1837719436171118,0.010961450199934544,3.4168477205405408,0.27048827679456516,5.755528518820402,0.6167154130703576,-0.0676059785840388,0.0031787458917864816,0.020777782175213855,0.0019405596928793105,0.29355269135177703,0.0824365435674673,9.1,1.1972189997378646,8.509,0.4132378922068443,100.0,0.0,1.1353765525016137,0.02510472415712769,0.01242654681458577,0.009518255338678967,0.8608333333333335,0.14829535510486838,0.03190195078620206,0.0,0.9358225240371894,0.07756044280754407,3.97234266,0.3391787606081888,10
NASDAQ100,window_008,ExperimentC_StabilityAware_ECMADE_MOO,60,10,752,126,0.316962652825515,0.039299888915592225,0.2870896632691728,0.01748264935765371,1.1048733361446679,0.07220195154510378,1.6131717709877278,0.13188805290953662,-0.1351062726659137,0.006140059204823942,0.04028640907379595,0.0018352207847844942,0.26816998971412676,0.072565369190273,9.4,0.9660917830792961,8.724,0.42429549451610643,100.0,0.0,0.9706215858574565,0.0018920888438957654,0.007754943342584815,0.0019893394568887167,0.97,0.018921540406584923,0.01852329781206303,0.0,1.3078982906579601,0.048281325251650374,3.96324408,0.6312399463093847,10
NASDAQ100,window_009,ExperimentC_StabilityAware_ECMADE_MOO,59,10,752,122,0.5116834990986846,0.07598136858803847,0.37087495819253646,0.012581227833023291,1.2995088022281889,0.13117678276626743,1.720953113712352,0.22036277483430647,-0.2374393600018581,0.007299895348266056,0.05223909772077734,0.0018990610409676174,0.42565152771773196,0.052345918477660215,9.6,0.8432740427115678,8.364,0.7828750432433863,100.0,0.0,0.9870443712547072,0.002979062932879492,0.006670694034982318,0.0014795258178029761,0.9875,0.01128338667310553,0.020689839197849634,0.0,1.3493781824228814,0.02426641190096759,3.53904749,0.36161445462455494,10
NASDAQ100,window_010,ExperimentC_StabilityAware_ECMADE_MOO,60,10,750,126,-0.09067965310249951,0.10023637706213188,0.1973265716575737,0.018691672923074016,-0.3980293674381731,0.5459269067212666,-0.5314361433468064,0.7327548477183549,-0.1501538238757552,0.022633284613294474,0.02932952419662594,0.003072099131155362,0.491790166187393,0.06648388180142267,9.8,0.42163702135578407,9.455595959595959,0.2864128830153911,99.9,0.3162277660168401,0.9854462191455203,0.011474334363073725,0.024904819348679323,0.01383744188069224,0.6408333333333334,0.21283832906924366,0.048507461649350436,0.0,1.2627713579184943,0.09363887772030768,3.47726086,0.36253435485149743,10
NASDAQ100,window_011,ExperimentC_StabilityAware_ECMADE_MOO,60,10,751,123,0.1819736176368438,0.16586142728869968,0.3112732536798542,0.018921704224444235,0.6722454170867707,0.44229547665986724,1.0327538952445938,0.6746230843240003,-0.16485478068810028,0.021462942816948043,0.04275175835901883,0.0032773246615508964,0.6287402444647517,0.09448290658716658,9.2,1.0327955589886444,9.387,0.3433834914817863,100.0,0.0,0.9456030676272846,0.012733768262233146,0.024678991048011065,0.010688140874473702,0.745,0.12026205953235194,0.05487118490101618,0.0,1.229440174346552,0.1286431374232393,3.36568238,0.4000106731054722,10
SP100,window_001,ExperimentC_StabilityAware_ECMADE_MOO,60,10,755,124,0.058318712334407406,0.023142845493305118,0.3494028728039984,0.019087547480000574,0.34323627675252977,0.0616626349160325,0.5302984795890948,0.09333294015722808,-0.22811426859171097,0.0125285167014844,0.04650751373581547,0.002537086347295475,1.0,0.0,8.8,1.3984117975602024,8.886,0.666119775682689,100.0,0.0,0.9727503173045118,0.012185458224695323,0.014252981704976676,0.012384264625005586,0.9099999999999999,0.08913161304747295,0.04215889654104187,0.0,1.3512509503260486,0.10357588609787903,3.0094997799999996,0.5835031099217814,10
SP100,window_002,ExperimentC_StabilityAware_ECMADE_MOO,60,10,755,126,0.6363476842023185,0.10519436607138048,0.20661565071757168,0.01260587372480047,2.476868374414291,0.18548221772869375,4.543851088234755,0.4517267068928267,-0.0870601597178449,0.004014833369188657,0.023619400373328416,0.0015171782650948201,0.5914942775553774,0.047242649441333995,9.5,0.9718253158075502,8.821,0.887348735153084,100.0,0.0,0.9440034206084468,0.010857224718683322,0.01270650150475873,0.005765947072206503,0.8516666666666668,0.1611494207326515,0.03703829682047486,0.0,1.3442642429521512,0.03192992397655482,2.98063109,0.17203432510627026,10
SP100,window_003,ExperimentC_StabilityAware_ECMADE_MOO,60,10,756,124,-0.43983459431304606,0.028964836580438517,0.4019035131510959,0.014236847705521086,-1.2344749748287192,0.07538163367481894,-2.099183337379543,0.15248739753178664,-0.2715382042837561,0.012101186122908577,0.05009236131938547,0.0016844237971856601,0.36481275181795125,0.061533802346407436,9.4,0.6992058987801011,8.463,1.0689667908779956,100.0,0.0,0.9317199027337433,0.012900371950793599,0.013031762201550242,0.008198369930118285,0.915,0.09152345715649372,0.07707347419357005,0.0,1.3142175437062185,0.1047022102290853,3.6152601300000002,0.25018267330176985,10
SP100,window_004,ExperimentC_StabilityAware_ECMADE_MOO,60,10,756,125,-0.2370408721694607,0.02951377417446465,0.2907203327442776,0.01115075189608624,-0.7776270984518397,0.0970881639290232,-1.277028252236579,0.1342049672205705,-0.2489931467146643,0.020759251454911615,0.03596618092497672,0.0016012105732898262,0.39853013769070833,0.05065499720189968,9.3,1.3374935098492586,8.937000000000001,0.7258412743538043,100.0,0.0,0.9193815047341204,0.011012660932582383,0.012578079112820374,0.006366477805554692,0.8941666666666667,0.11194478908135537,0.05116836068215809,0.0,1.3322749487473682,0.06966328272623867,3.3175314399999998,0.20530851627798904,10
SP100,window_005,ExperimentC_StabilityAware_ECMADE_MOO,60,10,755,123,0.9801601078253143,0.12849349991148087,0.1921991100571758,0.007474104539782145,3.6472698842081144,0.22777380800745584,6.013784653030697,0.4325705013013721,-0.09532304836473347,0.004581152643558582,0.022297544762518946,0.0005241970780122317,0.30156080732368423,0.07065013604070756,7.7,1.9465068427541912,8.449,0.49807295315713274,100.0,0.0,0.9696463566366417,0.009259334895219424,0.014380523988298052,0.005376051004464875,0.7691666666666667,0.21858304916602303,0.039511417594326595,0.0,1.329150408311785,0.04054708205239636,2.8537586999999998,0.322604874269545,10
SP100,window_006,ExperimentC_StabilityAware_ECMADE_MOO,60,10,753,125,0.2654214877922689,0.054941650560834034,0.167962433947242,0.0030336768146198454,1.491490767866088,0.25880305393709385,2.505284391566382,0.4397240128568396,-0.09089400596330383,0.01172155497587085,0.019737958701891763,0.00044068806702270017,0.46112908368651945,0.11000702031849366,9.4,1.2649110640673518,8.953,0.5001344263739951,100.0,0.0,0.9914514135943397,0.01110249256611507,0.020162012914314558,0.008754552674394938,0.6741666666666666,0.22588816472529713,0.07926452575727091,0.0,1.2726535605411162,0.09037895177310158,2.86284186,0.25953517759203104,10
SP100,window_007,ExperimentC_StabilityAware_ECMADE_MOO,60,10,752,124,1.0785606515624473,0.16032337999048366,0.1695386183626581,0.0063276907389691085,4.3964002297594345,0.40618134539959233,7.877690987620275,0.64128387153539,-0.06371599811626953,0.004448912377025464,0.018124674323964536,0.0008995748595933715,0.41211691139165635,0.09928063009011222,7.9,1.8529256146249724,9.252029455081,0.4222292845396079,99.3,1.1595018087284021,1.0291291856629372,0.05210763113331237,0.05395168909244481,0.07941069561129141,0.48916666666666664,0.1430515101909142,0.0714521879923952,0.0,1.224289560977574,0.21937773197677754,2.64919182,0.12905745495298507,10
SP100,window_008,ExperimentC_StabilityAware_ECMADE_MOO,60,10,752,126,0.01394853816208855,0.03651006536271041,0.2468902458957749,0.01855726041097187,0.18015971690937724,0.14286266174778572,0.2902557248259655,0.23227521592145214,-0.1443526732576851,0.010263265801070167,0.030841776389159407,0.002143678628171359,0.29098879937920685,0.09946945806024263,8.7,1.7029386365926402,8.956020408163266,0.5611165614630806,99.8,0.6324555320336765,0.9942545761763906,0.03195127234500015,0.02989692689208478,0.027954977991295347,0.5175,0.17143412873120437,0.08179336295910843,0.0,1.2722688509213262,0.13958050346590412,2.63381215,0.16293964666622388,10
SP100,window_009,ExperimentC_StabilityAware_ECMADE_MOO,60,10,752,122,0.3643087446775996,0.09031646358235415,0.2966053628278387,0.016940247016632503,1.1924285645033659,0.20748799273108226,1.559268071174309,0.26521146789129535,-0.18478356785741681,0.009361697657356826,0.04188548874193928,0.0022680327535306985,0.3309327308838189,0.05993125959871004,9.3,1.2516655570345725,9.128339912280701,0.7138211054656933,99.1,1.91195071996,1.0173175211098862,0.028451960925351034,0.037193920874389524,0.017857062659592384,0.5308333333333334,0.19035582341019364,0.05837355717209199,0.0,1.114872577654145,0.15601611862863918,2.6764108,0.23424838073226664,10
SP100,window_010,ExperimentC_StabilityAware_ECMADE_MOO,60,10,750,126,0.236208379580055,0.07511331512630205,0.17678427960811732,0.01565162463021224,1.2817763907195594,0.3209261275635223,1.815973073278445,0.4725465059388166,-0.08372327623429443,0.012141394135467247,0.024684586830050766,0.00241926998219205,0.6873041910209563,0.08172133982992986,8.9,1.449137674618944,9.559999999999999,0.282803426036139,100.0,0.0,0.9999296892228079,0.015061314037088344,0.03545063717568969,0.02226962664424791,0.6458333333333333,0.15851597652859734,0.07618622937881074,0.0,1.2057951654107086,0.1405797065358277,2.5712009599999996,0.20773803758351905,10
SP100,window_011,ExperimentC_StabilityAware_ECMADE_MOO,60,10,751,123,0.1417348131692897,0.05502932999759415,0.21100693837571521,0.01091194524667011,0.7358809341414891,0.22302400281654483,1.2904902762682116,0.35756492199145923,-0.12472078797801281,0.010260828446117264,0.024408444900839224,0.00152359573177858,0.5255336906323862,0.0932327199744974,10.0,0.0,9.18,0.456897751751478,100.0,0.0,0.9539679190779939,0.011633061263647614,0.019286750044022576,0.007172530953464013,0.7041666666666666,0.17691849626590106,0.05789906520183043,0.0,1.2793567770754852,0.07918698473828026,2.7586710099999996,0.23686317866788473,10
TAIWAN50,window_001,ExperimentC_StabilityAware_ECMADE_MOO,49,10,730,115,1.1536184055459249,0.42687858519229954,0.3012625372325521,0.026266595348758658,2.6334367195856503,0.5648929918378098,4.876478200934256,1.1943386514737473,-0.1479397200743823,0.012552144147390832,0.03314175217948882,0.0022637380091064287,1.0,0.0,10.0,0.0,8.675999999999998,0.6840110460446608,100.0,0.0,1.0687973181262884,0.00883087683331738,0.024187422665229094,0.011796312376381565,0.9008333333333333,0.04929283873563463,0.0520805534067804,0.0,1.123798321405706,0.1457790341643679,4.04810382,0.37062809146765624,10
TAIWAN50,window_002,ExperimentC_StabilityAware_ECMADE_MOO,49,10,729,126,0.03412467590341277,0.02928809031402377,0.351985338466103,0.01088965017689484,0.27544793441214266,0.08114336695078736,0.40993149718003397,0.12297059257142202,-0.2717217846154148,0.012336356405433976,0.04584701044457763,0.0014980007541081557,0.6471337455939759,0.08199998185573615,9.8,0.42163702135578396,9.046000000000001,0.3312669282886201,100.0,0.0,0.9908008551743563,0.008151051567416722,0.007945198697352007,0.00201262991282604,0.9808333333333333,0.013636597454037329,0.023526298723119954,0.0,1.2076064192526454,0.06837982478920766,4.2086825900000004,0.4213768535753174,10
TAIWAN50,window_003,ExperimentC_StabilityAware_ECMADE_MOO,49,10,728,117,-0.49715261160679336,0.04758976664085348,0.26253427319661743,0.019031862910968898,-2.48041805845512,0.20991613153994507,-3.6678586425349478,0.3820436925572292,-0.2817255953241638,0.029732178028011078,0.038466230430274195,0.002445462081085859,0.6204960534559041,0.06608038563946572,9.8,0.421637021355784,8.972,0.49100350756837213,100.0,0.0,1.0492845084573732,0.01036030748911335,0.0211042163110982,0.005745118866675981,0.9083333333333334,0.022906142364542578,0.020949571435757833,0.0,1.0757043851805619,0.047324633317477306,3.96635158,0.23140145337751977,10
TAIWAN50,window_004,ExperimentC_StabilityAware_ECMADE_MOO,49,10,730,127,-0.05379210864740066,0.01262288391664699,0.1783386551331487,0.010422809199362235,-0.21362069784908339,0.08942802805011496,-0.3296626149059826,0.1416300152023971,-0.1865825437472265,0.009436964172020907,0.024782892555684673,0.0017395504006942548,0.42677596575396953,0.08048495701459062,9.9,0.31622776601683783,8.863,0.7475151429161075,100.0,0.0,1.0434434627485227,0.017489579292406687,0.04656911304560309,0.021186812077833364,0.8458333333333334,0.0633735252586102,0.046582049464706475,0.0,1.0721398456605296,0.16614969605573665,3.85570691,0.2670009445790053,10
TAIWAN50,window_005,ExperimentC_StabilityAware_ECMADE_MOO,49,10,733,112,0.7885912804955877,0.09653087830742757,0.1502344862696534,0.011787661070741084,3.951652925033539,0.1738262789128017,7.1362142472152055,0.4226648866745048,-0.04217431070924801,0.004699780838813467,0.016294846068922564,0.0010186114177103695,0.3209265166626848,0.07149558962934201,9.6,0.6992058987801013,8.456,0.9551870090313321,100.0,0.0,1.0095729906531012,0.017665029208764636,0.02293245218765485,0.017865696759930477,0.9233333333333332,0.06070572613176769,0.09313723516401265,0.0,1.1968736228278254,0.18769319024340952,4.40469353,0.5031074780945627,10
TAIWAN50,window_006,ExperimentC_StabilityAware_ECMADE_MOO,49,10,729,125,0.3623318349005899,0.04141244250007559,0.2676656126616941,0.02271384190568754,1.297441311303586,0.10595494459184743,1.8260626361161059,0.12324714129938799,-0.17519063863594111,0.018326531796591987,0.037866024396113286,0.003532089304688704,0.7249244678584951,0.06377115105793867,10.0,0.0,8.595,0.7367533885606193,100.0,0.0,1.0316680174436235,0.01867697262935545,0.029021721585692876,0.016043272507096685,0.9,0.04681194318431311,0.05975536244686647,0.0,1.1011840294658044,0.1645997015603008,3.81282566,0.3955691098837673,10
TAIWAN50,window_007,ExperimentC_StabilityAware_ECMADE_MOO,49,10,727,117,0.5483749037392086,0.10569742796541169,0.1460939260574661,0.007357176350714081,3.060404048185372,0.4125176077156942,5.140342316989724,0.8457349747339329,-0.05147835152057066,0.004875739894373243,0.01746352827636596,0.0010266946797858787,0.5607177669652683,0.042580039120023505,9.8,0.42163702135578396,8.537,0.48014002587208265,100.0,0.0,1.0617972223660295,0.007482201629784521,0.018768460429505803,0.013623631102917023,0.915,0.05282161921779873,0.055508533814891084,0.0,1.2279577354022422,0.14839071131760231,3.59743127,0.20098635037283316,10
TAIWAN50,window_008,ExperimentC_StabilityAware_ECMADE_MOO,49,10,729,123,-0.0022477161927891,0.022158101734954035,0.199342566327852,0.011426145162749242,0.10033745409978619,0.10662883929107599,0.12518283967577107,0.1335552411624086,-0.1217013981096815,0.01186051702915333,0.030808838682578978,0.0022959350435971483,0.32918495958550886,0.115885827004102,9.7,0.4830458915396482,8.861,0.29625251991427076,100.0,0.0,0.9403024534887564,0.0021230601517299857,0.007455469298391015,0.0013752939021707863,0.9708333333333334,0.0252304196174791,0.02802259815032322,0.0,1.3430844038115266,0.04949579513943028,3.83738916,0.16436099873516347,10
TAIWAN50,window_009,ExperimentC_StabilityAware_ECMADE_MOO,49,10,726,116,0.23408961908810239,0.02202133321978425,0.28020832755516334,0.017743401471965167,0.9004268925258891,0.08482568722642507,1.0899905363849827,0.09201935023112666,-0.2282435957987638,0.018098399408732316,0.04521880321817637,0.003360995803535622,0.3925419267024041,0.06317731963836751,9.8,0.42163702135578407,8.667,0.38853142301063204,100.0,0.0,0.9451976483699275,0.003873375569369652,0.007834925082532118,0.0031755541234479343,0.9708333333333334,0.031974623425614836,0.02738034335674991,0.0,1.3359841318092394,0.0712616084628359,3.78270995,0.09153950802207082,10
TAIWAN50,window_010,ExperimentC_StabilityAware_ECMADE_MOO,49,10,725,124,0.9441755697727421,0.07864518180095927,0.1791429887721258,0.009001439922191044,3.8134824657690927,0.23071229129492232,6.015422559888956,0.5453374667968068,-0.05442016444421445,0.007429381593326686,0.02199241516336325,0.0018260416578563358,0.6236328704451072,0.05106054698067886,9.9,0.316227766016838,8.882000000000001,0.5732325492813155,100.0,0.0,0.9433585914998979,0.010772934151474652,0.013615203565464409,0.0074370465266824885,0.9466666666666667,0.043068994318476245,0.04847893070132083,0.0,1.2485465770859723,0.11183392423032253,3.9032335000000002,0.19654884134852837,10
TAIWAN50,window_011,ExperimentC_StabilityAware_ECMADE_MOO,49,10,722,116,1.320185143868796,0.22370405629357026,0.2314723073180954,0.024843518352936855,3.7487960311225352,0.25107449455821224,6.003983435658088,0.47757638390682544,-0.05755681038976009,0.00769248905274695,0.02856172403225344,0.0032883316313749864,0.5933935429488522,0.0940796427861802,10.0,0.0,8.674,0.487446863200949,100.0,0.0,0.9852618695291312,0.006661970950778287,0.01174647374712452,0.006369023967801033,0.9616666666666667,0.03951870943061941,0.05404510547783111,0.0,1.299015776683478,0.1077075403871796,3.63887659,0.14265537721183918,10
