analysis,metric,metric_direction,paired_unit,paired_n,primary_method,baseline_method,alternative,zero_method,wins,ties,losses,median_difference,mean_difference,wilcoxon_statistic,raw_p_value,effect_size_paired_win_loss,difference_definition,multiplicity_scope,holm_adjusted_p_value,significant_0_05
real_market_official_20260808_secondary_endpoints,annual_net_return_mean,higher is better,33 universe-windows,33,ExperimentC_StabilityAware_ECMADE_MOO,BayesianConfig_ECMADE_MOO,two-sided,wilcox,21,0,12,0.008248156551902863,0.003590767251989365,226.0,0.33921037591062486,0.2727272727272727,ExperimentC_StabilityAware_ECMADE_MOO - BayesianConfig_ECMADE_MOO; positive favors primary,within each secondary endpoint across three primary comparisons,0.33921037591062486,False
real_market_official_20260808_secondary_endpoints,annual_net_return_mean,higher is better,33 universe-windows,33,ExperimentC_StabilityAware_ECMADE_MOO,HandCrafted_ECMADE_MOO,two-sided,wilcox,19,0,14,0.00884184814965644,0.010231680917709013,202.0,0.16549804504029453,0.15151515151515152,ExperimentC_StabilityAware_ECMADE_MOO - HandCrafted_ECMADE_MOO; positive favors primary,within each secondary endpoint across three primary comparisons,0.33099609008058906,False
real_market_official_20260808_secondary_endpoints,annual_net_return_mean,higher is better,33 universe-windows,33,ExperimentC_StabilityAware_ECMADE_MOO,MetaDesigned_ECMADE_MOO,two-sided,wilcox,26,0,7,0.01438356320109957,0.019823834115484038,141.0,0.011631014058366418,0.5757575757575758,ExperimentC_StabilityAware_ECMADE_MOO - MetaDesigned_ECMADE_MOO; positive favors primary,within each secondary endpoint across three primary comparisons,0.034893042175099254,True
real_market_official_20260808_secondary_endpoints,annual_volatility_mean,lower is better,33 universe-windows,33,ExperimentC_StabilityAware_ECMADE_MOO,BayesianConfig_ECMADE_MOO,two-sided,wilcox,16,0,17,-6.939738038480581e-05,-0.0003664964226551481,280.0,1.0,-0.030303030303030304,BayesianConfig_ECMADE_MOO - ExperimentC_StabilityAware_ECMADE_MOO; positive favors primary,within each secondary endpoint across three primary comparisons,1.0,False
real_market_official_20260808_secondary_endpoints,annual_volatility_mean,lower is better,33 universe-windows,33,ExperimentC_StabilityAware_ECMADE_MOO,HandCrafted_ECMADE_MOO,two-sided,wilcox,12,0,21,-0.0046775355346458936,-0.0048860934150344185,133.0,0.007389149162918329,-0.2727272727272727,HandCrafted_ECMADE_MOO - ExperimentC_StabilityAware_ECMADE_MOO; positive favors primary,within each secondary endpoint across three primary comparisons,0.022167447488754988,True
real_market_official_20260808_secondary_endpoints,annual_volatility_mean,lower is better,33 universe-windows,33,ExperimentC_StabilityAware_ECMADE_MOO,MetaDesigned_ECMADE_MOO,two-sided,wilcox,17,0,16,7.464917674004923e-07,-0.0022531278884189002,212.0,0.22764195245690644,0.030303030303030304,MetaDesigned_ECMADE_MOO - ExperimentC_StabilityAware_ECMADE_MOO; positive favors primary,within each secondary endpoint across three primary comparisons,0.4552839049138129,False
real_market_official_20260808_secondary_endpoints,sharpe_mean,higher is better,33 universe-windows,33,ExperimentC_StabilityAware_ECMADE_MOO,BayesianConfig_ECMADE_MOO,two-sided,wilcox,19,0,14,0.017369407354311583,-0.0041004038955196505,254.0,0.6464373976923525,0.15151515151515152,ExperimentC_StabilityAware_ECMADE_MOO - BayesianConfig_ECMADE_MOO; positive favors primary,within each secondary endpoint across three primary comparisons,1.0,False
real_market_official_20260808_secondary_endpoints,sharpe_mean,higher is better,33 universe-windows,33,ExperimentC_StabilityAware_ECMADE_MOO,HandCrafted_ECMADE_MOO,two-sided,wilcox,18,0,15,0.01815234612215688,-0.02473823045750345,266.0,0.8050345461815596,0.09090909090909091,ExperimentC_StabilityAware_ECMADE_MOO - HandCrafted_ECMADE_MOO; positive favors primary,within each secondary endpoint across three primary comparisons,1.0,False
real_market_official_20260808_secondary_endpoints,sharpe_mean,higher is better,33 universe-windows,33,ExperimentC_StabilityAware_ECMADE_MOO,MetaDesigned_ECMADE_MOO,two-sided,wilcox,23,0,10,0.027053396528007312,0.021768058541238384,207.0,0.194807207910344,0.3939393939393939,ExperimentC_StabilityAware_ECMADE_MOO - MetaDesigned_ECMADE_MOO; positive favors primary,within each secondary endpoint across three primary comparisons,0.584421623731032,False
real_market_official_20260808_secondary_endpoints,sortino_mean,higher is better,33 universe-windows,33,ExperimentC_StabilityAware_ECMADE_MOO,BayesianConfig_ECMADE_MOO,two-sided,wilcox,18,0,15,0.020995211603668906,-0.03559424664264771,246.0,0.5483312094584107,0.09090909090909091,ExperimentC_StabilityAware_ECMADE_MOO - BayesianConfig_ECMADE_MOO; positive favors primary,within each secondary endpoint across three primary comparisons,1.0,False
real_market_official_20260808_secondary_endpoints,sortino_mean,higher is better,33 universe-windows,33,ExperimentC_StabilityAware_ECMADE_MOO,HandCrafted_ECMADE_MOO,two-sided,wilcox,15,0,18,-0.007798127604505822,-0.05889346666690467,245.0,0.536590444855392,-0.09090909090909091,ExperimentC_StabilityAware_ECMADE_MOO - HandCrafted_ECMADE_MOO; positive favors primary,within each secondary endpoint across three primary comparisons,1.0,False
real_market_official_20260808_secondary_endpoints,sortino_mean,higher is better,33 universe-windows,33,ExperimentC_StabilityAware_ECMADE_MOO,MetaDesigned_ECMADE_MOO,two-sided,wilcox,21,0,12,0.035456004470385716,0.019600066147115153,233.0,0.4059716397896409,0.2727272727272727,ExperimentC_StabilityAware_ECMADE_MOO - MetaDesigned_ECMADE_MOO; positive favors primary,within each secondary endpoint across three primary comparisons,1.0,False
real_market_official_20260808_secondary_endpoints,max_drawdown_mean,higher is better,33 universe-windows,33,ExperimentC_StabilityAware_ECMADE_MOO,BayesianConfig_ECMADE_MOO,two-sided,wilcox,18,0,15,0.00030665506391239217,0.00011781315847521703,251.0,0.6088165012188256,0.09090909090909091,ExperimentC_StabilityAware_ECMADE_MOO - BayesianConfig_ECMADE_MOO; positive favors primary,within each secondary endpoint across three primary comparisons,1.0,False
real_market_official_20260808_secondary_endpoints,max_drawdown_mean,higher is better,33 universe-windows,33,ExperimentC_StabilityAware_ECMADE_MOO,HandCrafted_ECMADE_MOO,two-sided,wilcox,12,0,21,-0.0011807223281710966,-0.002546183462333942,177.0,0.0652196470182389,-0.2727272727272727,ExperimentC_StabilityAware_ECMADE_MOO - HandCrafted_ECMADE_MOO; positive favors primary,within each secondary endpoint across three primary comparisons,0.1956589410547167,False
real_market_official_20260808_secondary_endpoints,max_drawdown_mean,higher is better,33 universe-windows,33,ExperimentC_StabilityAware_ECMADE_MOO,MetaDesigned_ECMADE_MOO,two-sided,wilcox,17,0,16,5.876892594719463e-05,-0.00034383944841213026,272.0,0.887851148378104,0.030303030303030304,ExperimentC_StabilityAware_ECMADE_MOO - MetaDesigned_ECMADE_MOO; positive favors primary,within each secondary endpoint across three primary comparisons,1.0,False
real_market_official_20260808_secondary_endpoints,cvar95_loss_mean,lower is better,33 universe-windows,33,ExperimentC_StabilityAware_ECMADE_MOO,BayesianConfig_ECMADE_MOO,two-sided,wilcox,19,0,14,0.0002632490765137954,0.00015679693971528736,221.0,0.29599490854889154,0.15151515151515152,BayesianConfig_ECMADE_MOO - ExperimentC_StabilityAware_ECMADE_MOO; positive favors primary,within each secondary endpoint across three primary comparisons,0.5919898170977831,False
real_market_official_20260808_secondary_endpoints,cvar95_loss_mean,lower is better,33 universe-windows,33,ExperimentC_StabilityAware_ECMADE_MOO,HandCrafted_ECMADE_MOO,two-sided,wilcox,14,0,19,-0.0005122451283206958,-0.00041150318092927674,155.0,0.024117250693961978,-0.15151515151515152,HandCrafted_ECMADE_MOO - ExperimentC_StabilityAware_ECMADE_MOO; positive favors primary,within each secondary endpoint across three primary comparisons,0.07235175208188593,False
real_market_official_20260808_secondary_endpoints,cvar95_loss_mean,lower is better,33 universe-windows,33,ExperimentC_StabilityAware_ECMADE_MOO,MetaDesigned_ECMADE_MOO,two-sided,wilcox,19,0,14,0.00029131084683510153,-2.2163367943679283e-05,258.0,0.6979853340890259,0.15151515151515152,MetaDesigned_ECMADE_MOO - ExperimentC_StabilityAware_ECMADE_MOO; positive favors primary,within each secondary endpoint across three primary comparisons,0.6979853340890259,False
real_market_official_20260808_secondary_endpoints,rebalance_turnover_mean,lower is better,33 universe-windows,33,ExperimentC_StabilityAware_ECMADE_MOO,BayesianConfig_ECMADE_MOO,two-sided,wilcox,13,3,17,-0.010165536472791614,-0.01433691595666341,156.0,0.11907656863331795,-0.13333333333333333,BayesianConfig_ECMADE_MOO - ExperimentC_StabilityAware_ECMADE_MOO; positive favors primary,within each secondary endpoint across three primary comparisons,0.2381531372666359,False
real_market_official_20260808_secondary_endpoints,rebalance_turnover_mean,lower is better,33 universe-windows,33,ExperimentC_StabilityAware_ECMADE_MOO,HandCrafted_ECMADE_MOO,two-sided,wilcox,11,3,19,-0.013091416155720292,-0.01472492446238615,124.0,0.024786051362752914,-0.26666666666666666,HandCrafted_ECMADE_MOO - ExperimentC_StabilityAware_ECMADE_MOO; positive favors primary,within each secondary endpoint across three primary comparisons,0.07435815408825874,False
real_market_official_20260808_secondary_endpoints,rebalance_turnover_mean,lower is better,33 universe-windows,33,ExperimentC_StabilityAware_ECMADE_MOO,MetaDesigned_ECMADE_MOO,two-sided,wilcox,16,3,14,0.0,0.0059553264441820145,210.0,0.6554384250193834,0.06666666666666667,MetaDesigned_ECMADE_MOO - ExperimentC_StabilityAware_ECMADE_MOO; positive favors primary,within each secondary endpoint across three primary comparisons,0.6554384250193834,False
real_market_official_20260808_secondary_endpoints,selected_holdings_mean,lower is better,33 universe-windows,33,ExperimentC_StabilityAware_ECMADE_MOO,BayesianConfig_ECMADE_MOO,two-sided,wilcox,12,5,16,0.0,-0.054545454545454806,172.5,0.4870119021341037,-0.14285714285714285,BayesianConfig_ECMADE_MOO - ExperimentC_StabilityAware_ECMADE_MOO; positive favors primary,within each secondary endpoint across three primary comparisons,0.4870119021341037,False
real_market_official_20260808_secondary_endpoints,selected_holdings_mean,lower is better,33 universe-windows,33,ExperimentC_StabilityAware_ECMADE_MOO,HandCrafted_ECMADE_MOO,two-sided,wilcox,21,3,9,0.09999999999999964,0.14242424242424234,153.0,0.1007686306241105,0.4,HandCrafted_ECMADE_MOO - ExperimentC_StabilityAware_ECMADE_MOO; positive favors primary,within each secondary endpoint across three primary comparisons,0.201537261248221,False
real_market_official_20260808_secondary_endpoints,selected_holdings_mean,lower is better,33 universe-windows,33,ExperimentC_StabilityAware_ECMADE_MOO,MetaDesigned_ECMADE_MOO,two-sided,wilcox,10,5,18,-0.09999999999999964,-0.18181818181818196,105.5,0.02612648089196094,-0.2857142857142857,MetaDesigned_ECMADE_MOO - ExperimentC_StabilityAware_ECMADE_MOO; positive favors primary,within each secondary endpoint across three primary comparisons,0.07837944267588282,False
real_market_official_20260808_secondary_endpoints,average_pf_holdings_mean,lower is better,33 universe-windows,33,ExperimentC_StabilityAware_ECMADE_MOO,BayesianConfig_ECMADE_MOO,two-sided,wilcox,22,0,11,0.2695364885851781,0.19846661206883626,156.0,0.025330995675176382,0.3333333333333333,BayesianConfig_ECMADE_MOO - ExperimentC_StabilityAware_ECMADE_MOO; positive favors primary,within each secondary endpoint across three primary comparisons,0.07599298702552915,False
real_market_official_20260808_secondary_endpoints,average_pf_holdings_mean,lower is better,33 universe-windows,33,ExperimentC_StabilityAware_ECMADE_MOO,HandCrafted_ECMADE_MOO,two-sided,wilcox,20,0,13,0.08272328412434504,0.18724701228694246,180.0,0.0737137661781162,0.21212121212121213,HandCrafted_ECMADE_MOO - ExperimentC_StabilityAware_ECMADE_MOO; positive favors primary,within each secondary endpoint across three primary comparisons,0.1474275323562324,False
real_market_official_20260808_secondary_endpoints,average_pf_holdings_mean,lower is better,33 universe-windows,33,ExperimentC_StabilityAware_ECMADE_MOO,MetaDesigned_ECMADE_MOO,two-sided,wilcox,17,0,16,0.04605412046328894,0.0672084993085879,239.0,0.4688330565113574,0.030303030303030304,MetaDesigned_ECMADE_MOO - ExperimentC_StabilityAware_ECMADE_MOO; positive favors primary,within each secondary endpoint across three primary comparisons,0.4688330565113574,False
real_market_official_20260808_secondary_endpoints,PF_Size_mean,higher is better,33 universe-windows,33,ExperimentC_StabilityAware_ECMADE_MOO,BayesianConfig_ECMADE_MOO,two-sided,wilcox,0,0,33,-190.10000000000002,-184.86060606060605,0.0,2.3283064365386963e-10,-1.0,ExperimentC_StabilityAware_ECMADE_MOO - BayesianConfig_ECMADE_MOO; positive favors primary,within each secondary endpoint across three primary comparisons,6.984919309616089e-10,True
real_market_official_20260808_secondary_endpoints,PF_Size_mean,higher is better,33 universe-windows,33,ExperimentC_StabilityAware_ECMADE_MOO,HandCrafted_ECMADE_MOO,two-sided,wilcox,0,0,33,-189.8,-193.0969696969697,0.0,2.3283064365386963e-10,-1.0,ExperimentC_StabilityAware_ECMADE_MOO - HandCrafted_ECMADE_MOO; positive favors primary,within each secondary endpoint across three primary comparisons,6.984919309616089e-10,True
real_market_official_20260808_secondary_endpoints,PF_Size_mean,higher is better,33 universe-windows,33,ExperimentC_StabilityAware_ECMADE_MOO,MetaDesigned_ECMADE_MOO,two-sided,wilcox,0,0,33,-95.1,-108.02424242424242,0.0,2.3283064365386963e-10,-1.0,ExperimentC_StabilityAware_ECMADE_MOO - MetaDesigned_ECMADE_MOO; positive favors primary,within each secondary endpoint across three primary comparisons,6.984919309616089e-10,True
real_market_official_20260808_secondary_endpoints,HV_mean,higher is better,33 universe-windows,33,ExperimentC_StabilityAware_ECMADE_MOO,BayesianConfig_ECMADE_MOO,two-sided,wilcox,8,0,25,-0.008089610929640778,-0.011552029940866753,65.0,3.766384907066822e-05,-0.5151515151515151,ExperimentC_StabilityAware_ECMADE_MOO - BayesianConfig_ECMADE_MOO; positive favors primary,within each secondary endpoint across three primary comparisons,0.00011299154721200466,True
real_market_official_20260808_secondary_endpoints,HV_mean,higher is better,33 universe-windows,33,ExperimentC_StabilityAware_ECMADE_MOO,HandCrafted_ECMADE_MOO,two-sided,wilcox,8,0,25,-0.010382309895885289,-0.009179858485934134,71.0,6.846548058092594e-05,-0.5151515151515151,ExperimentC_StabilityAware_ECMADE_MOO - HandCrafted_ECMADE_MOO; positive favors primary,within each secondary endpoint across three primary comparisons,0.00013693096116185188,True
real_market_official_20260808_secondary_endpoints,HV_mean,higher is better,33 universe-windows,33,ExperimentC_StabilityAware_ECMADE_MOO,MetaDesigned_ECMADE_MOO,two-sided,wilcox,8,0,25,-0.011431351183243121,-0.009499417174142925,87.0,0.0002902455162256956,-0.5151515151515151,ExperimentC_StabilityAware_ECMADE_MOO - MetaDesigned_ECMADE_MOO; positive favors primary,within each secondary endpoint across three primary comparisons,0.0002902455162256956,True
real_market_official_20260808_secondary_endpoints,IGD_mean,lower is better,33 universe-windows,33,ExperimentC_StabilityAware_ECMADE_MOO,BayesianConfig_ECMADE_MOO,two-sided,wilcox,9,0,24,-0.0056866182411829,-0.007102696374662495,87.0,0.0002902455162256956,-0.45454545454545453,BayesianConfig_ECMADE_MOO - ExperimentC_StabilityAware_ECMADE_MOO; positive favors primary,within each secondary endpoint across three primary comparisons,0.0005804910324513912,True
real_market_official_20260808_secondary_endpoints,IGD_mean,lower is better,33 universe-windows,33,ExperimentC_StabilityAware_ECMADE_MOO,HandCrafted_ECMADE_MOO,two-sided,wilcox,7,0,26,-0.0052495546753738,-0.004851758756904009,106.0,0.001276291674003005,-0.5757575757575758,HandCrafted_ECMADE_MOO - ExperimentC_StabilityAware_ECMADE_MOO; positive favors primary,within each secondary endpoint across three primary comparisons,0.001276291674003005,True
real_market_official_20260808_secondary_endpoints,IGD_mean,lower is better,33 universe-windows,33,ExperimentC_StabilityAware_ECMADE_MOO,MetaDesigned_ECMADE_MOO,two-sided,wilcox,6,0,27,-0.0070471939859265,-0.008535231883579604,58.0,1.7927261069417e-05,-0.6363636363636364,MetaDesigned_ECMADE_MOO - ExperimentC_StabilityAware_ECMADE_MOO; positive favors primary,within each secondary endpoint across three primary comparisons,5.3781783208251e-05,True
real_market_official_20260808_secondary_endpoints,PF_Overlap_mean,higher is better,33 universe-windows,33,ExperimentC_StabilityAware_ECMADE_MOO,BayesianConfig_ECMADE_MOO,two-sided,wilcox,14,0,19,-0.016666666666666607,-0.09063131313131312,133.5,0.008622346313003999,-0.15151515151515152,ExperimentC_StabilityAware_ECMADE_MOO - BayesianConfig_ECMADE_MOO; positive favors primary,within each secondary endpoint across three primary comparisons,0.008622346313003999,True
real_market_official_20260808_secondary_endpoints,PF_Overlap_mean,higher is better,33 universe-windows,33,ExperimentC_StabilityAware_ECMADE_MOO,HandCrafted_ECMADE_MOO,two-sided,wilcox,7,0,26,-0.032500000000000084,-0.08856060606060608,76.0,0.0002579953593613436,-0.5757575757575758,ExperimentC_StabilityAware_ECMADE_MOO - HandCrafted_ECMADE_MOO; positive favors primary,within each secondary endpoint across three primary comparisons,0.0007739860780840307,True
real_market_official_20260808_secondary_endpoints,PF_Overlap_mean,higher is better,33 universe-windows,33,ExperimentC_StabilityAware_ECMADE_MOO,MetaDesigned_ECMADE_MOO,two-sided,wilcox,10,0,23,-0.040000000000000036,-0.07707070707070704,108.0,0.001472702482715249,-0.3939393939393939,ExperimentC_StabilityAware_ECMADE_MOO - MetaDesigned_ECMADE_MOO; positive favors primary,within each secondary endpoint across three primary comparisons,0.002945404965430498,True
real_market_official_20260808_secondary_endpoints,PF_Drift_mean,lower is better,33 universe-windows,33,ExperimentC_StabilityAware_ECMADE_MOO,BayesianConfig_ECMADE_MOO,two-sided,wilcox,6,0,27,-0.011725735772707503,-0.0175198075610171,62.0,2.757227048277855e-05,-0.6363636363636364,BayesianConfig_ECMADE_MOO - ExperimentC_StabilityAware_ECMADE_MOO; positive favors primary,within each secondary endpoint across three primary comparisons,8.271681144833565e-05,True
real_market_official_20260808_secondary_endpoints,PF_Drift_mean,lower is better,33 universe-windows,33,ExperimentC_StabilityAware_ECMADE_MOO,HandCrafted_ECMADE_MOO,two-sided,wilcox,15,0,18,-0.0017565038944189967,-0.000449776486742769,280.0,1.0,-0.09090909090909091,HandCrafted_ECMADE_MOO - ExperimentC_StabilityAware_ECMADE_MOO; positive favors primary,within each secondary endpoint across three primary comparisons,1.0,False
real_market_official_20260808_secondary_endpoints,PF_Drift_mean,lower is better,33 universe-windows,33,ExperimentC_StabilityAware_ECMADE_MOO,MetaDesigned_ECMADE_MOO,two-sided,wilcox,14,0,19,-0.009535142522827902,-0.001615988385877147,276.0,0.9437899661716074,-0.15151515151515152,MetaDesigned_ECMADE_MOO - ExperimentC_StabilityAware_ECMADE_MOO; positive favors primary,within each secondary endpoint across three primary comparisons,1.0,False
real_market_official_20260808_secondary_endpoints,Diversity_mean,higher is better,33 universe-windows,33,ExperimentC_StabilityAware_ECMADE_MOO,BayesianConfig_ECMADE_MOO,two-sided,wilcox,16,0,17,-0.002601552737659496,-0.005476662310135368,262.0,0.7509265027474612,-0.030303030303030304,ExperimentC_StabilityAware_ECMADE_MOO - BayesianConfig_ECMADE_MOO; positive favors primary,within each secondary endpoint across three primary comparisons,0.7509265027474612,False
real_market_official_20260808_secondary_endpoints,Diversity_mean,higher is better,33 universe-windows,33,ExperimentC_StabilityAware_ECMADE_MOO,HandCrafted_ECMADE_MOO,two-sided,wilcox,11,0,22,-0.01864216855965095,-0.025323400164949487,160.0,0.03071066946722567,-0.3333333333333333,ExperimentC_StabilityAware_ECMADE_MOO - HandCrafted_ECMADE_MOO; positive favors primary,within each secondary endpoint across three primary comparisons,0.06142133893445134,False
real_market_official_20260808_secondary_endpoints,Diversity_mean,higher is better,33 universe-windows,33,ExperimentC_StabilityAware_ECMADE_MOO,MetaDesigned_ECMADE_MOO,two-sided,wilcox,6,0,27,-0.047297437507704876,-0.0650601966217772,48.0,5.628913640975952e-06,-0.6363636363636364,ExperimentC_StabilityAware_ECMADE_MOO - MetaDesigned_ECMADE_MOO; positive favors primary,within each secondary endpoint across three primary comparisons,1.6886740922927856e-05,True
real_market_official_20260808_secondary_endpoints,Runtime_mean,lower is better,33 universe-windows,33,ExperimentC_StabilityAware_ECMADE_MOO,BayesianConfig_ECMADE_MOO,two-sided,wilcox,33,0,0,6.734356149984128,5.95569895423932,0.0,2.3283064365386963e-10,1.0,BayesianConfig_ECMADE_MOO - ExperimentC_StabilityAware_ECMADE_MOO; positive favors primary,within each secondary endpoint across three primary comparisons,6.984919309616089e-10,True
real_market_official_20260808_secondary_endpoints,Runtime_mean,lower is better,33 universe-windows,33,ExperimentC_StabilityAware_ECMADE_MOO,HandCrafted_ECMADE_MOO,two-sided,wilcox,31,0,2,0.6819815099926196,0.8631578348458228,8.0,5.820766091346741e-09,0.8787878787878788,HandCrafted_ECMADE_MOO - ExperimentC_StabilityAware_ECMADE_MOO; positive favors primary,within each secondary endpoint across three primary comparisons,5.820766091346741e-09,True
real_market_official_20260808_secondary_endpoints,Runtime_mean,lower is better,33 universe-windows,33,ExperimentC_StabilityAware_ECMADE_MOO,MetaDesigned_ECMADE_MOO,two-sided,wilcox,33,0,0,6.631433540006763,6.6758692918177145,0.0,2.3283064365386963e-10,1.0,MetaDesigned_ECMADE_MOO - ExperimentC_StabilityAware_ECMADE_MOO; positive favors primary,within each secondary endpoint across three primary comparisons,6.984919309616089e-10,True
