universe,window_id,method,assets,K,train_days,test_days,runs,annual_net_return_mean,annual_net_return_std,sharpe_mean,sortino_mean,max_drawdown_mean,cvar95_loss_mean,rebalance_turnover_mean,gross_return_mean,runtime_sec_mean
NASDAQ100,window_001,A_MPMO,60,10,755,124,10,0.5794899514281249,0.04308468369956615,1.3488983414014029,2.142622941079396,-0.2717634739407433,0.048840745277788325,1.0,0.2531222951613034,2.16923113
NASDAQ100,window_002,A_MPMO,59,10,755,126,10,0.5148047046104776,0.0527508549704064,1.72447929241518,2.74132789048881,-0.1734377319319242,0.03323620977410029,0.3545439050534628,0.23160760551663348,2.09936221
NASDAQ100,window_003,A_MPMO,60,10,756,124,10,-0.728806315268294,0.013664801407463706,-2.030769166548437,-3.62505566180918,-0.4825163951988719,0.07144791846918118,0.4723245487221668,-0.47296600687758356,2.1412782800000003
NASDAQ100,window_004,A_MPMO,60,10,756,125,10,-0.2324103047359054,0.04110484855755238,-0.48758389580572314,-0.8288465857675774,-0.3215458454141731,0.04734782716265651,0.8103403879404956,-0.12224275196572543,2.0949529900000003
NASDAQ100,window_005,A_MPMO,60,10,755,123,10,0.7966391459849433,0.07698692851173775,2.222628265440443,3.354605885877838,-0.17608397070416698,0.03642742481128776,0.2934172391617564,0.3317945553024043,2.10469754
NASDAQ100,window_006,A_MPMO,60,10,753,125,10,0.4812996950047669,0.03725812077663999,2.057441914896941,3.543284370443196,-0.08044782140685797,0.02288029819721333,0.8213840981328218,0.21610331697997812,2.14940563
NASDAQ100,window_007,A_MPMO,60,10,752,124,10,0.8444406143257386,0.08066946970410699,3.5671225878932757,6.336127520352283,-0.0684945091930682,0.01911239019082488,0.3104466041044292,0.35223199442505926,2.0690924500000003
NASDAQ100,window_008,A_MPMO,60,10,752,126,10,0.3170097867697902,0.014401938243864518,1.0987953955517669,1.610883665881373,-0.1370204222900156,0.04076713769219677,0.2540628974666507,0.14859504200236429,2.11184391
NASDAQ100,window_009,A_MPMO,59,10,752,122,10,0.5461213913994941,0.05466889129099788,1.3507477009396731,1.818935394997132,-0.2375268503227213,0.05227598895125698,0.4693110126931467,0.2356886757256583,2.0606659
NASDAQ100,window_010,A_MPMO,60,10,750,126,10,-0.13980421867017379,0.04967346976845588,-0.6770769634466742,-0.9043979838506516,-0.1456048315800901,0.029350220120704113,0.4142578578551136,-0.07188654791357083,2.23390662
NASDAQ100,window_011,A_MPMO,60,10,751,123,10,0.2790477891849523,0.09778316548291474,0.9358547966433559,1.4619385382734784,-0.152205942933413,0.04285789614472443,0.6276198385625469,0.12789414824428202,2.26650225
NASDAQ100,window_001,ECMADE_MOO,60,10,755,124,10,0.5534217434930131,0.0714601069935623,1.341976796943168,2.103220787710008,-0.2557424281387358,0.04732203071957747,1.0,0.24271856018893048,4.21160115
NASDAQ100,window_002,ECMADE_MOO,59,10,755,126,10,0.5214447158269826,0.06883693260981665,1.719758260281404,2.7101948987635422,-0.1759303788152901,0.03418176506525712,0.3772406071760304,0.23418216043364848,4.45481979
NASDAQ100,window_003,ECMADE_MOO,60,10,756,124,10,-0.7100226417923218,0.01315512798821566,-2.0145771458329262,-3.564546146276902,-0.4670603602933017,0.06851722000761976,0.4825957544495358,-0.4553142031713274,4.31763812
NASDAQ100,window_004,ECMADE_MOO,60,10,756,125,10,-0.28743701446768827,0.05221265655004607,-0.6749337916452335,-1.1627050914181383,-0.3506526703921486,0.04774568772536755,0.7519014001405129,-0.1542347630386317,4.48447527
NASDAQ100,window_005,ECMADE_MOO,60,10,755,123,10,0.8463967142243567,0.08356747790171656,2.346203364291592,3.6092079636539736,-0.1656677042392008,0.0353772553975004,0.3843445982353778,0.34962485352291106,4.3202402399999995
NASDAQ100,window_006,ECMADE_MOO,60,10,753,125,10,0.4690309786024732,0.052801593855994894,2.079458765420452,3.617974864698045,-0.07818175222164186,0.021879675293085772,0.826403726264429,0.21100931081614252,4.246683089999999
NASDAQ100,window_007,ECMADE_MOO,60,10,752,124,10,0.9018509102986183,0.1656965677622239,3.7237857514269983,6.391096732165588,-0.06805250754822789,0.019643158078643214,0.32130761108282246,0.371878229660149,3.6290946699999997
NASDAQ100,window_008,ECMADE_MOO,60,10,752,126,10,0.3195416845735888,0.0359630463091075,1.156606345436167,1.66047738683107,-0.1322588802347185,0.03895396324162559,0.29436486510749293,0.1496173072503551,3.9410669499999997
NASDAQ100,window_009,ECMADE_MOO,59,10,752,122,10,0.5020331429154304,0.06216967368829359,1.297340603369316,1.723408237643405,-0.235959020067386,0.05103964724801589,0.4438043887753598,0.2184494730520441,4.03146735
NASDAQ100,window_010,ECMADE_MOO,60,10,750,126,10,-0.07947396918513376,0.05507632717557701,-0.3253657129767056,-0.42779923350103194,-0.1420815109577667,0.029144873053832322,0.444410786673909,-0.039949917418806664,4.06300582
NASDAQ100,window_011,ECMADE_MOO,60,10,751,123,10,0.2400675695120972,0.13459493662138977,0.8428067110349767,1.3030856326908997,-0.1536859457170339,0.04168249047587784,0.5889270759843591,0.11024461578026537,4.43963164
NASDAQ100,window_001,GDE3,60,10,755,124,10,0.5405458795598913,0.05451411166679488,1.315319320638461,2.0657620514872788,-0.25988225026982553,0.04777645643015745,1.0,0.2377621242046804,1.44192835
NASDAQ100,window_002,GDE3,59,10,755,126,10,0.5181186775063372,0.04755287739439763,1.713420024357752,2.723208736354174,-0.17251352822337268,0.0335470351872757,0.3724159864370903,0.23298458514686252,1.48790473
NASDAQ100,window_003,GDE3,60,10,756,124,10,-0.7197936757845006,0.0157846557602988,-1.984809104084304,-3.5295348071536283,-0.47738097410357216,0.0716378129790063,0.44387151160063476,-0.46448282933584933,1.4477151899999998
NASDAQ100,window_004,GDE3,60,10,756,125,10,-0.2740261391217888,0.020833048850024724,-0.6364899337631026,-1.0767584728163262,-0.33169004553109344,0.04750553492374721,0.7961202411976248,-0.1459541884532185,1.4465061799999999
NASDAQ100,window_005,GDE3,60,10,755,123,10,0.812148738400224,0.0863264779968347,2.306057243183124,3.5309811976116103,-0.162184992873911,0.03505245059860017,0.3504453123735582,0.3373227238245795,1.44515846
NASDAQ100,window_006,GDE3,60,10,753,125,10,0.5033783764051252,0.025453647856496314,2.068355984666594,3.631259389096884,-0.08662480600061477,0.023234365094907623,0.8324374708826742,0.2251013406622755,1.4129855199999999
NASDAQ100,window_007,GDE3,60,10,752,124,10,0.8087018148582572,0.07877047058833547,3.415728670296293,5.910372832131053,-0.06780335660660128,0.019851703378821677,0.28107879360947763,0.33928472349582817,1.4087858
NASDAQ100,window_008,GDE3,60,10,752,126,10,0.3494997058599727,0.030153000147052113,1.136107820468673,1.6840827549418758,-0.1405229788870228,0.04241533973358429,0.2839506377048584,0.1626145291513881,1.42359177
NASDAQ100,window_009,GDE3,59,10,752,122,10,0.5233585007203286,0.03635772588885335,1.327677970950456,1.766223771431544,-0.2371876822734797,0.05135972859947193,0.48436183184345144,0.226947670906044,1.42289698
NASDAQ100,window_010,GDE3,60,10,750,126,10,-0.1369882595002061,0.04608678690862325,-0.6240957107205858,-0.8250317013747821,-0.1487756365540664,0.030608284969493138,0.4685907960847535,-0.07031507411419248,1.43686587
NASDAQ100,window_011,GDE3,60,10,751,123,10,0.2936824266734986,0.07527394544245634,0.9954793158953461,1.569637638552247,-0.14585520551719872,0.04117081649427286,0.6494524723577012,0.13448996708132838,1.46821009
NASDAQ100,window_001,MOEAD,60,10,755,124,10,0.567342362657673,0.0495618024958165,1.357288618545603,2.1303863695799947,-0.2636986616803808,0.047943428589752445,1.0,0.2483374950730143,11.553913210000001
NASDAQ100,window_002,MOEAD,59,10,755,126,10,0.49935236594815036,0.05390567213174438,1.682098280436081,2.596106047784303,-0.1767871831964768,0.03457560414265582,0.36598801119167146,0.2253005297288349,11.19998658
NASDAQ100,window_003,MOEAD,60,10,756,124,10,-0.7178919134927739,0.013498381759345606,-2.031989533603493,-3.5764169034756748,-0.47447731555996453,0.07037253693986514,0.428502611059121,-0.4626394320908055,11.32332888
NASDAQ100,window_004,MOEAD,60,10,756,125,10,-0.24599641912602,0.06265780389785039,-0.5550439009384283,-0.9499447479269054,-0.3148044275132202,0.04628815557289791,0.7843590710505339,-0.13037983241706488,7.335610320000001
NASDAQ100,window_005,MOEAD,60,10,755,123,10,0.7436081259605216,0.0932802296888764,2.188979724991562,3.3430173574064015,-0.1674682991063327,0.03493050977326077,0.3935504309590434,0.3123198987540433,6.45445843
NASDAQ100,window_006,MOEAD,60,10,753,125,10,0.4671308974815841,0.03698071690886172,2.0131835260522317,3.439911649804204,-0.08385219667871638,0.02289950710075126,0.7897739093512551,0.21032359254687552,4.30440445
NASDAQ100,window_007,MOEAD,60,10,752,124,10,0.7987671050235866,0.05628379353804787,3.5048190698095247,6.232055345722712,-0.06626168283215955,0.01878656610068967,0.31630238506723973,0.335801279701788,3.88661643
NASDAQ100,window_008,MOEAD,60,10,752,126,10,0.29229761355001516,0.042006690078954224,1.048849581194537,1.525198382345185,-0.1346943017471858,0.03989103606545218,0.2640029501160198,0.1376578770967498,3.78286809
NASDAQ100,window_009,MOEAD,59,10,752,122,10,0.5350739342770171,0.03872511708663307,1.3404582405415941,1.783796760803233,-0.23871444020434113,0.051839844274571376,0.4674197294013793,0.23149323511394018,3.6790610100000003
NASDAQ100,window_010,MOEAD,60,10,750,126,10,-0.13756405258837928,0.02535118324166482,-0.6331658893658025,-0.8336367445477435,-0.1468808454822289,0.030482295653374784,0.4295538737919635,-0.07041565565499981,3.8134394899999995
NASDAQ100,window_011,MOEAD,60,10,751,123,10,0.32968443991627766,0.06977820680446381,1.0868911627100033,1.748334873746304,-0.1438482318367502,0.04116750755165805,0.6550454334286733,0.1498724900254139,4.01141626
NASDAQ100,window_001,NSGAII,60,10,755,124,10,0.5733703306373551,0.02184672934088446,1.33822356537526,2.112995425357938,-0.2727132783345484,0.0489518860932683,1.0,0.2508099281707961,1.22097513
NASDAQ100,window_002,NSGAII,59,10,755,126,10,0.5052632317894622,0.059648138624135046,1.6682053253318632,2.62406872415108,-0.1761080815268061,0.03411516679045751,0.34065949406537765,0.22767437449363248,1.2567192600000001
NASDAQ100,window_003,NSGAII,60,10,756,124,10,-0.7203787833798663,0.0228765037203261,-2.008926784000816,-3.558942535870414,-0.47663438793380913,0.0707500599254992,0.4597806211891261,-0.46523099349805974,1.24652122
NASDAQ100,window_004,NSGAII,60,10,756,125,10,-0.23496327622380217,0.03315735460919097,-0.49866354293000353,-0.8493564190435426,-0.3157486710730717,0.04718704636216197,0.8031432680070003,-0.1235896865610953,1.26180959
NASDAQ100,window_005,NSGAII,60,10,755,123,10,0.8246881895086041,0.07561082262074414,2.222099887009991,3.3704295181900803,-0.18270457068658058,0.03735214243996003,0.27774541848993606,0.3419089830320856,1.21474588
NASDAQ100,window_006,NSGAII,60,10,753,125,10,0.5153052426068654,0.028006632032706924,2.073843824344678,3.595171732176651,-0.08398811125782764,0.023784983931413237,0.86213990713473,0.2299014117116013,1.24609274
NASDAQ100,window_007,NSGAII,60,10,752,124,10,0.8464235196545051,0.07964831390232112,3.558451136412941,6.257008772861818,-0.0678725222428368,0.019483749362225092,0.25852254218315485,0.352945440834038,1.23153597
NASDAQ100,window_008,NSGAII,60,10,752,126,10,0.3175095051945473,0.026262086513237567,1.101572340290818,1.609380091599996,-0.1372725150645159,0.040699402876290744,0.2541000790046673,0.1487768547578159,1.22997067
NASDAQ100,window_009,NSGAII,59,10,752,122,10,0.5508225619162117,0.034499172705229,1.356590434051154,1.823670818525703,-0.237965110285347,0.052518523124121065,0.4764006328916663,0.2376082413870388,1.26050811
NASDAQ100,window_010,NSGAII,60,10,750,126,10,-0.12302780674546984,0.04415584299790802,-0.577416226011547,-0.7683243415263639,-0.1401651216644523,0.029378376797035095,0.45960305915107413,-0.06280275961463333,1.19932064
NASDAQ100,window_011,NSGAII,60,10,751,123,10,0.25035962758469976,0.11691649916795556,0.8679316309174853,1.3770572399408756,-0.1519286535087243,0.0420619944083077,0.6075073541137975,0.11511870888831521,1.2095820400000001
NASDAQ100,window_001,SPEA2,60,10,755,124,10,0.5768147373782002,0.03479690587760016,1.345402799497911,2.131974801525285,-0.2734222839139548,0.04900874671534052,1.0,0.25211350560663803,3.6894705799999996
NASDAQ100,window_002,SPEA2,59,10,755,126,10,0.5098796080923942,0.04069174647166083,1.6904455094326898,2.677937002495725,-0.1750464496906525,0.033823365753702414,0.3720868786722983,0.22967070229666037,3.8051168300000002
NASDAQ100,window_003,SPEA2,60,10,756,124,10,-0.7250357816323858,0.016656842314081877,-2.0471165073798128,-3.6465391884608542,-0.4800102403600646,0.07051836533278423,0.46728347696916617,-0.46944160077426933,3.5399945
NASDAQ100,window_004,SPEA2,60,10,756,125,10,-0.2610020933785353,0.023714373401009986,-0.5669569502704005,-0.9545926187943529,-0.3362588208962613,0.048606225681018404,0.8292264292640436,-0.1384154181748888,3.66447827
NASDAQ100,window_005,SPEA2,60,10,755,123,10,0.8168966132690396,0.06147119715277667,2.249629693745602,3.402121677140323,-0.1761401044591971,0.03665531392364724,0.28782845111815186,0.33920617821325705,4.0863439800000005
NASDAQ100,window_006,SPEA2,60,10,753,125,10,0.5062538683447,0.04059812873878293,2.095818147117658,3.6326712196456796,-0.07977662031377927,0.023092828431627094,0.8534981053923637,0.2262027976120456,4.04082054
NASDAQ100,window_007,SPEA2,60,10,752,124,10,0.7835195229793859,0.07408424507690288,3.3391399885537245,5.9129379787206116,-0.06684636187490431,0.019712391865280992,0.28013119518370405,0.3301082089291832,3.85498442
NASDAQ100,window_008,SPEA2,60,10,752,126,10,0.3054410936569534,0.028705742263471945,1.0782571038058133,1.5685737382324831,-0.1370824564579096,0.04030699596316166,0.24805249986703296,0.1434962472508728,3.9808971
NASDAQ100,window_009,SPEA2,59,10,752,122,10,0.5279905140263991,0.04117578387252579,1.336154116690252,1.7965922007486128,-0.23347758948010872,0.05118463127734568,0.4712683645830384,0.22872753807839108,4.13352813
NASDAQ100,window_010,SPEA2,60,10,750,126,10,-0.1278771984967068,0.04013481410114666,-0.5903256125093433,-0.783740450893369,-0.14506615754755842,0.029765214222655496,0.41937311025538654,-0.06534992682962423,3.91832886
NASDAQ100,window_011,SPEA2,60,10,751,123,10,0.2509668475022975,0.04504985797908842,0.8881449454144802,1.405175653224815,-0.1501143443986349,0.04163263923932764,0.6289020675953129,0.11632861017128696,3.9675223099999997
SP100,window_001,A_MPMO,60,10,755,124,10,0.06501133870248818,0.022603201674043734,0.3618237385681007,0.5551475178342342,-0.2235222550302963,0.04552958382793319,1.0,0.03242675212266955,2.9693083099999997
SP100,window_002,A_MPMO,60,10,755,126,10,0.6212257721505073,0.06115928757773119,2.4657299614992008,4.514514338602774,-0.08507911795434356,0.023536963890755876,0.6010472122488828,0.2740703539884043,2.43150725
SP100,window_003,A_MPMO,60,10,756,124,10,-0.43677096551325717,0.0355936634887918,-1.2214163981593449,-2.0734991165805647,-0.2722841200151047,0.049974501181044635,0.32597937697013435,-0.24541925743755783,2.3913550700000004
SP100,window_004,A_MPMO,60,10,756,125,10,-0.26271273833983877,0.013712920541860504,-0.8917731582330337,-1.457178004140944,-0.2580695554604432,0.03631550305683222,0.3600809868329537,-0.1393398203696971,2.4061644600000003
SP100,window_005,A_MPMO,60,10,755,123,10,0.958761660248775,0.05501071125525279,3.55504387345704,5.92727414771743,-0.093198340958394,0.022790016694362595,0.3181209912460456,0.3892764108604831,2.21165314
SP100,window_006,A_MPMO,60,10,753,125,10,0.23347600489004,0.0329281222325605,1.338983672620868,2.200323707168613,-0.0912075788157521,0.02023409575423874,0.45492649343610514,0.11060622548323322,2.17752467
SP100,window_007,A_MPMO,60,10,752,124,10,1.122676934415269,0.07480218035131168,4.456213573789163,7.930551517245097,-0.0643816963677789,0.018670985004380754,0.3559924456800636,0.44906025471312727,2.23013731
SP100,window_008,A_MPMO,60,10,752,126,10,0.00173965249237268,0.02724396210545028,0.13758826990400563,0.2269558866730447,-0.1457311931800191,0.03156330725241287,0.19957419620529065,0.00178670084846749,2.19135392
SP100,window_009,A_MPMO,60,10,752,122,10,0.38758592615477,0.018426726549019872,1.248355318124704,1.619735059306414,-0.1842374540873688,0.04192166803263854,0.26169862562427976,0.1728263163670381,2.1965453100000003
SP100,window_010,A_MPMO,60,10,750,126,10,0.3128411311942434,0.03675409093648234,1.6016313360379169,2.298018117811016,-0.08679476835340451,0.02428161853073962,0.5848704309353905,0.1466912292726466,2.19610359
SP100,window_011,A_MPMO,60,10,751,123,10,0.1756979566562543,0.020136534040037714,0.8515552312082333,1.4660227246182849,-0.1301238947325857,0.025871575682923236,0.4307397907586347,0.08317263260189059,2.07567427
SP100,window_001,ECMADE_MOO,60,10,755,124,10,0.0449646666261466,0.02015842357459326,0.3069088979125681,0.47574835754841355,-0.232024068969603,0.04703398331375775,1.0,0.02283560162080659,4.82755716
SP100,window_002,ECMADE_MOO,60,10,755,126,10,0.5866532452374263,0.0641358625950466,2.424643053003619,4.426884784579297,-0.08266523940940931,0.02268259695171041,0.6268243711237695,0.26039277506105873,4.22279133
SP100,window_003,ECMADE_MOO,60,10,756,124,10,-0.453455272923987,0.044444605007080064,-1.269886996945583,-2.156925990225269,-0.278011960868045,0.050904203689205584,0.35361169399872094,-0.2566950393199448,4.51844801
SP100,window_004,ECMADE_MOO,60,10,756,125,10,-0.24462128134316247,0.035296607142503614,-0.8107408950517655,-1.322822275730997,-0.25541391875572106,0.036250902982599816,0.37979672418734073,-0.12911940842110373,3.84572677
SP100,window_005,ECMADE_MOO,60,10,755,123,10,1.0636909454847037,0.12349835065526373,3.811785317458214,6.3018741099988205,-0.09800168036422896,0.022472292369349937,0.29073907273983496,0.42464650458474756,3.64281294
SP100,window_006,ECMADE_MOO,60,10,753,125,10,0.2475239311498584,0.03010866567167603,1.406803161378477,2.340160395251183,-0.09334828032068804,0.020175326266362252,0.42986086232163895,0.11687306436574048,4.00849481
SP100,window_007,ECMADE_MOO,60,10,752,124,10,1.0830286151348465,0.10801717316204001,4.432809796656144,8.071017805366425,-0.06368027702896843,0.017861124843743564,0.372765053428507,0.4354546501299802,3.7863806099999997
SP100,window_008,ECMADE_MOO,60,10,752,126,10,-0.03584550758603163,0.04584363118905699,-0.02275846019389953,-0.031230007432341424,-0.1505921637001369,0.03132124475327528,0.22325062272850546,-0.01733582317354837,3.9826700600000002
SP100,window_009,ECMADE_MOO,60,10,752,122,10,0.365640850266577,0.05872404865116202,1.179950479822963,1.560895416176799,-0.1916034203174922,0.04252061718210698,0.35424659411975135,0.1635995722972276,3.91717799
SP100,window_010,ECMADE_MOO,60,10,750,126,10,0.2762405835792092,0.08354152438947265,1.472885008795279,2.092497522674843,-0.0825240852112467,0.023733708410699498,0.6574471920736727,0.13018377976500056,4.2581961999999995
SP100,window_011,ECMADE_MOO,60,10,751,123,10,0.1477635541100188,0.02144276786517377,0.7638180651193988,1.3367964406034871,-0.1262789070629248,0.024907158012045644,0.4640963488963383,0.0705394096950859,4.43637448
SP100,window_001,GDE3,60,10,755,124,10,0.06264844454329944,0.013905048705171692,0.3533249269126957,0.5428014265042427,-0.2246804345765005,0.045899949578670794,1.0,0.03133145985477074,1.44758023
SP100,window_002,GDE3,60,10,755,126,10,0.5928304978547754,0.04569330650579012,2.4480090033795223,4.485704295976576,-0.0831892399064472,0.02280798933882052,0.6087876705613116,0.2629567626960908,1.22470995
SP100,window_003,GDE3,60,10,756,124,10,-0.4371811471163416,0.022352489184331695,-1.233600460906334,-2.084797673268794,-0.2709815592951455,0.04993947169173376,0.34871301778780384,-0.24549274150987102,1.21046654
SP100,window_004,GDE3,60,10,756,125,10,-0.2185229427816279,0.020214714231819045,-0.7105636562889928,-1.1800887639649749,-0.24101151340791152,0.03534422525431047,0.3961504903387606,-0.1141897805710512,1.30440804
SP100,window_005,GDE3,60,10,755,123,10,0.9491687153855957,0.10171254086759794,3.679697136959267,6.1273724209447895,-0.09461946905297561,0.021571563299251566,0.2878241334393736,0.3856629483889424,1.4113904099999999
SP100,window_006,GDE3,60,10,753,125,10,0.2698876112736432,0.02614370174612907,1.52850929937909,2.51961377933777,-0.08758711251305727,0.019879415381283193,0.4230974496541606,0.1267706778354365,1.40482322
SP100,window_007,GDE3,60,10,752,124,10,1.0515146210449875,0.07712399659070614,4.380053613544931,7.8363850969054925,-0.0638870559988127,0.01812751312497931,0.3419049309360561,0.4249363140284119,1.38901479
SP100,window_008,GDE3,60,10,752,126,10,0.031079555793585123,0.02692113226751693,0.2501084283508756,0.40815994543164874,-0.1421749651948877,0.03148712746505337,0.18666124791338895,0.01634229282395908,1.39837413
SP100,window_009,GDE3,60,10,752,122,10,0.3930539271027832,0.0366536528751292,1.261961582127699,1.6529170098755082,-0.1890985017209736,0.041900565509061384,0.2760640079369786,0.174991307944651,1.3969817
SP100,window_010,GDE3,60,10,750,126,10,0.2828152564448512,0.0367903359523928,1.474035028100017,2.103171234615025,-0.0801588659606145,0.024540570176358807,0.5895950480647683,0.1335090087196305,1.42324561
SP100,window_011,GDE3,60,10,751,123,10,0.167423655967715,0.016316679921680316,0.8310382559755156,1.430664745580919,-0.1300852643159967,0.02558984056491819,0.47112874379797043,0.07946088650461804,1.48388002
SP100,window_001,MOEAD,60,10,755,124,10,0.04556837154821491,0.023114488949403482,0.3099137430565058,0.4799480320504232,-0.234638779864125,0.047672237468684917,1.0,0.0231122479957061,11.31023901
SP100,window_002,MOEAD,60,10,755,126,10,0.5807076525893333,0.0650095181463394,2.4062252193604308,4.391313427172645,-0.08226598064563238,0.02273966793256569,0.6249132820931571,0.2580210353422716,11.37383767
SP100,window_003,MOEAD,60,10,756,124,10,-0.44519875499374384,0.02545549098967738,-1.2719369728789889,-2.155879812919256,-0.2711592144883017,0.05004691415951201,0.3735299802911627,-0.250837142056691,11.26585786
SP100,window_004,MOEAD,60,10,756,125,10,-0.25864594754967324,0.03390621247138006,-0.8820796310109553,-1.448849186907869,-0.26014830347832013,0.036027221986734484,0.4119972316173035,-0.1371677362995367,10.568768330000001
SP100,window_005,MOEAD,60,10,755,123,10,0.9400800852814377,0.08108928368943089,3.59304850731838,5.922037406934334,-0.09284193317283192,0.022262942857457016,0.32490005256994997,0.3826492940225593,11.34471162
SP100,window_006,MOEAD,60,10,753,125,10,0.2873349394782752,0.030733574679814014,1.588548521287326,2.6547272310048493,-0.08679233935854189,0.019958424148870443,0.4357427076792737,0.13439844413936658,11.31790893
SP100,window_007,MOEAD,60,10,752,124,10,1.07119831391985,0.05097408918697026,4.411062912440718,7.959126304475076,-0.06447252818286306,0.01819316644445832,0.32759888393051695,0.4317765270486654,11.327167300000001
SP100,window_008,MOEAD,60,10,752,126,10,-0.012610258605204181,0.020453215290142407,0.08290684405804873,0.13497321505906223,-0.14535158779268448,0.03155543625816066,0.16311613383110182,-0.00537326380339296,11.58982685
SP100,window_009,MOEAD,60,10,752,122,10,0.4234457693657559,0.033865276783528006,1.305750605694872,1.700928276061547,-0.19102353989133242,0.04340426973748498,0.26738423536550787,0.1873401693096289,11.829726619999999
SP100,window_010,MOEAD,60,10,750,126,10,0.3291334938515075,0.022790521209457477,1.68560688140538,2.420505408677065,-0.08154733024891389,0.02392296636902349,0.5522693834337202,0.153842366909908,12.02107106
SP100,window_011,MOEAD,60,10,751,123,10,0.1687954953028936,0.009321886844420823,0.8133938792177654,1.412233586204553,-0.1345683790138976,0.026434095017841847,0.42001614898369566,0.08009515096774142,11.30540399
SP100,window_001,NSGAII,60,10,755,124,10,0.05831275884330829,0.008153476712914576,0.34080836967480665,0.5255160080214344,-0.2270706819948868,0.04601522212097455,1.0,0.02927379835447299,1.44649859
SP100,window_002,NSGAII,60,10,755,126,10,0.6177208497499397,0.064863471623031,2.476803682496317,4.571070472890279,-0.08274813193170348,0.023192334339486826,0.6216329876118362,0.2726600520558455,1.28786999
SP100,window_003,NSGAII,60,10,756,124,10,-0.4446544629010738,0.026168642011606128,-1.2394176778641979,-2.1085362451389913,-0.2756134639901869,0.05047564175637718,0.3395886190303436,-0.25048470144149987,1.25280792
SP100,window_004,NSGAII,60,10,756,125,10,-0.2596054526242953,0.01458630344112312,-0.8802529057700325,-1.43684332992204,-0.2567761073307458,0.03621645106238178,0.3555336577691297,-0.1375494347142757,1.24358827
SP100,window_005,NSGAII,60,10,755,123,10,0.9664215711010499,0.06378582538947591,3.5645810611820012,5.950811594754333,-0.09351239598350056,0.02283918188849119,0.3172139749801282,0.3918843606044694,1.2707484
SP100,window_006,NSGAII,60,10,753,125,10,0.23508036930540702,0.02103183966913545,1.346198143955287,2.196670548892495,-0.08867450187293807,0.020421379166555544,0.45878997258738047,0.11137447430389558,1.27467522
SP100,window_007,NSGAII,60,10,752,124,10,1.0943236115196027,0.0719522530277219,4.3292665046274434,7.790091549537008,-0.06518832691655363,0.01873754535047469,0.3446040628343457,0.43952364921678494,1.25042999
SP100,window_008,NSGAII,60,10,752,126,10,-0.0096402721602173,0.022549109197343615,0.0919013855268938,0.15139871545457145,-0.1462387538791252,0.031191830686773354,0.17898972716850886,-0.0038902086387136102,1.2448246299999999
SP100,window_009,NSGAII,60,10,752,122,10,0.3956457400460557,0.023942026503591046,1.259778089603715,1.647051814076633,-0.1849628494643759,0.042215261908237475,0.24810598559880614,0.1761011499650401,1.2588281399999999
SP100,window_010,NSGAII,60,10,750,126,10,0.3511812551373325,0.031590038328245876,1.7308201475429752,2.493785392765734,-0.08415434123659626,0.024495468634597856,0.5878513988663445,0.1633314344067993,1.2475719399999998
SP100,window_011,NSGAII,60,10,751,123,10,0.1801574214355983,0.017215548858623808,0.869755143100155,1.50225246034963,-0.1297951590167635,0.025759460277041357,0.40165893506988165,0.08518420652011804,1.272381
SP100,window_001,SPEA2,60,10,755,124,10,0.05635361782435233,0.014921535233462175,0.3362675419467111,0.5202142238021852,-0.2293908009289635,0.04649761180704617,1.0,0.02832031938358095,4.133263250000001
SP100,window_002,SPEA2,60,10,755,126,10,0.5659008487235087,0.06816564054279674,2.372498994072342,4.35791462145988,-0.0835724076692821,0.022587429960547637,0.6451165477803504,0.2520946096411981,4.11638898
SP100,window_003,SPEA2,60,10,756,124,10,-0.4425339063744368,0.020287183944362873,-1.235085008373912,-2.104945565675656,-0.2739536007909506,0.05020929522108257,0.33422970310075223,-0.24900252619767782,4.141517439999999
SP100,window_004,SPEA2,60,10,756,125,10,-0.2591125901563054,0.01824580663865683,-0.879074894223268,-1.43924419224072,-0.25503680838271786,0.036126156070648174,0.3586343363595056,-0.1372855366877323,4.307619369999999
SP100,window_005,SPEA2,60,10,755,123,10,0.9260533991221293,0.05664783151601437,3.470444532614979,5.7812780278916724,-0.09153577607742622,0.02294590269069131,0.315145928315758,0.3779037286807787,4.0178937
SP100,window_006,SPEA2,60,10,753,125,10,0.2205841520765662,0.012281232639293784,1.290027116206687,2.067711723357923,-0.09186049765710184,0.020208924345552902,0.4725790030519656,0.10491439025310198,3.51232276
SP100,window_007,SPEA2,60,10,752,124,10,1.059016749919174,0.08710951999420678,4.311477128390996,7.774619284583203,-0.06401591314530211,0.018384253008298216,0.35659562328606426,0.42744077199305225,3.4959487000000005
SP100,window_008,SPEA2,60,10,752,126,10,-0.00118814508898305,0.018177288963966393,0.12779771524460237,0.21002811809832428,-0.145510221257797,0.031347753847770096,0.17356221698661814,0.0003688714779431501,3.6808391800000004
SP100,window_009,SPEA2,60,10,752,122,10,0.3980208398330067,0.030062891039353484,1.269442563078668,1.6448435353755428,-0.18583446652800212,0.04218581793355197,0.23215444008036715,0.1770464753902462,3.6563579400000004
SP100,window_010,SPEA2,60,10,750,126,10,0.3098811787484061,0.03874207112854938,1.558635326064068,2.237464692772582,-0.08872687097699153,0.02498300274684443,0.6129597108581261,0.1453886759264563,4.001055320000001
SP100,window_011,SPEA2,60,10,751,123,10,0.1909888242718607,0.01278799810580016,0.904067710396696,1.547425437706278,-0.1315314289441865,0.026129324203209174,0.4172160934630457,0.09004177954802758,3.93558626
TAIWAN50,window_001,A_MPMO,49,10,730,115,10,1.022864356671659,0.2001523536697631,2.613750606494694,4.6809903124606,-0.1416087323486829,0.03186736167586829,1.0,0.3786122043496777,2.10345761
TAIWAN50,window_002,A_MPMO,49,10,729,126,10,-0.0018530006877170498,0.03272532289733313,0.17267961074722735,0.2570659397254535,-0.2711277874649757,0.04479095351596851,0.6408525589951884,-4.8346387132570597e-05,2.0171059700000002
TAIWAN50,window_003,A_MPMO,49,10,728,117,10,-0.5215980878613209,0.03923992461508233,-2.5855962278369047,-3.8829085127929384,-0.2954980470952346,0.03907924440354661,0.5600223890550946,-0.2894210178744259,2.17831595
TAIWAN50,window_004,A_MPMO,49,10,730,127,10,-0.05457768504239156,0.028214101747530876,-0.2224068921314924,-0.34550099241240595,-0.1890058204830119,0.025428268832881833,0.49100483210131485,-0.02698506318650542,1.9978373900000002
TAIWAN50,window_005,A_MPMO,49,10,733,112,10,0.7822644974734432,0.10906333197650711,3.857004474175884,7.031675315837688,-0.04487786255195016,0.01657883483440354,0.300889791555546,0.2932961050746933,1.9393760700000002
TAIWAN50,window_006,A_MPMO,49,10,729,125,10,0.3759666753186598,0.03690677123926483,1.282426150037052,1.7939546260662218,-0.184816245775753,0.04037542766004622,0.7207657135839078,0.172436597792142,1.9465074900000001
TAIWAN50,window_007,A_MPMO,49,10,727,117,10,0.540885841405407,0.10611220509830495,2.9478829882082858,4.946874352176014,-0.0559401106287701,0.018205466433480456,0.6264316002445238,0.2226475018581866,1.9078106299999997
TAIWAN50,window_008,A_MPMO,49,10,729,123,10,-0.03257408782090927,0.022165070291599184,-0.0530784794000226,-0.06367988703123821,-0.128877939870752,0.032102808887471156,0.4038418104434748,-0.015092552330177238,1.9613868099999998
TAIWAN50,window_009,A_MPMO,49,10,726,116,10,0.2193135182678619,0.018035060132477486,0.8683147846246049,1.0569393463128316,-0.22591109490638012,0.04407932241743438,0.4699728950833488,0.0965439056154659,1.93314194
TAIWAN50,window_010,A_MPMO,49,10,725,124,10,0.8465108902147888,0.1070118047487512,3.6592842064326874,5.750435952416597,-0.052753523542268366,0.02124147619115164,0.6253761508007983,0.352751825138736,2.01350285
TAIWAN50,window_011,A_MPMO,49,10,722,116,10,1.325705935771205,0.2068957218859006,3.8746608744481628,6.149518508808393,-0.050940699056939764,0.02775172979978376,0.6039098147326147,0.47451212199445203,1.93153557
TAIWAN50,window_001,ECMADE_MOO,49,10,730,115,10,0.912236912972042,0.23323184350224468,2.424439199069468,4.459590942912157,-0.1430817559793882,0.031662018776267634,1.0,0.342957509356194,4.51254559
TAIWAN50,window_002,ECMADE_MOO,49,10,729,126,10,0.041609934609122254,0.04252567918482396,0.29246542836218303,0.43685690875211913,-0.26187526496447927,0.043998216768514634,0.5922242566646865,0.02140086095367692,4.6485531899999994
TAIWAN50,window_003,ECMADE_MOO,49,10,728,117,10,-0.5421859853786648,0.06348289642402212,-2.54325897898422,-3.738469191192037,-0.3116951536571302,0.04237519800761498,0.5391342722939961,-0.3047159277086796,4.7079174
TAIWAN50,window_004,ECMADE_MOO,49,10,730,127,10,-0.055509499333936195,0.02168745320559126,-0.2513234954817724,-0.3861787484830027,-0.1783141658932571,0.023171223982173167,0.5077806517083874,-0.02742956177054895,4.57975487
TAIWAN50,window_005,ECMADE_MOO,49,10,733,112,10,0.7603941313812265,0.1046379891226102,3.9090203625316784,7.034201489353897,-0.041103889003202235,0.016061015425455828,0.29093772173489885,0.28626412608567653,4.59347154
TAIWAN50,window_006,ECMADE_MOO,49,10,729,125,10,0.38103248133726175,0.044116616827385005,1.267008383023459,1.7688652452300322,-0.1910093517921559,0.04127593471137298,0.7222409153811968,0.1745354104882611,4.45052509
TAIWAN50,window_007,ECMADE_MOO,49,10,727,117,10,0.5213836013292003,0.08211365357657316,2.981613011080785,4.882790342448824,-0.05026110936085615,0.017545991551552276,0.5909859292329729,0.21569788171721208,4.4475885900000005
TAIWAN50,window_008,ECMADE_MOO,49,10,729,123,10,-0.002549351064527241,0.02153965156308334,0.09683376067784823,0.1218059239934803,-0.1217886744233256,0.030330733293202093,0.3809228941839494,-0.0002975543046657302,4.64380597
TAIWAN50,window_009,ECMADE_MOO,49,10,726,116,10,0.2039719413960813,0.03724939722109678,0.8196617040976909,1.0102802037561864,-0.22626938481302022,0.04428303412172799,0.41583145034270597,0.09008647520110712,4.687552139999999
TAIWAN50,window_010,ECMADE_MOO,49,10,725,124,10,0.7743556391261801,0.16490247708109726,3.582101012737096,5.525398541770287,-0.05449649341614782,0.020353986339191506,0.6433351411782039,0.3257660238661893,5.0550809
TAIWAN50,window_011,ECMADE_MOO,49,10,722,116,10,1.406115494155143,0.2697741095806073,3.8663672589468865,6.168292719092337,-0.0537903394841898,0.029019923573465455,0.5344000283979393,0.49697248989464626,4.72905106
TAIWAN50,window_001,GDE3,49,10,730,115,10,1.1069034229436112,0.22962597012773156,2.679379387194766,4.893854935418833,-0.14318458794974892,0.03202859693041524,1.0,0.40418772094444666,1.40913986
TAIWAN50,window_002,GDE3,49,10,729,126,10,0.00981983022547033,0.018025106658961263,0.20383089059730114,0.3036983251840722,-0.2676455908626381,0.04472719200124566,0.6266053825548612,0.00586155477193988,1.47092458
TAIWAN50,window_003,GDE3,49,10,728,117,10,-0.5292372113290571,0.03307114221445295,-2.600970074062495,-3.860662944522474,-0.29996181737080396,0.03987353669275387,0.5915520058408288,-0.2945676870063624,1.45766465
TAIWAN50,window_004,GDE3,49,10,730,127,10,-0.05411598349954787,0.020680384586932575,-0.21397082493687888,-0.3255268532461434,-0.1868859605763614,0.025040402879250818,0.46570658487730043,-0.026701469894865982,1.49364075
TAIWAN50,window_005,GDE3,49,10,733,112,10,0.8416948166798465,0.06842753968763014,4.164835239315066,7.591595605780464,-0.043474354080169544,0.015988267123447975,0.2768144762028654,0.3126226560493344,1.47537537
TAIWAN50,window_006,GDE3,49,10,729,125,10,0.3582613539006322,0.047329767345593333,1.216197340532341,1.7088869418651729,-0.19708290578333082,0.04049646097214586,0.6936836047251207,0.164869224600261,1.39138417
TAIWAN50,window_007,GDE3,49,10,727,117,10,0.54052407341358,0.055511765470206934,3.0347756811341613,5.159591002100189,-0.05155976213863857,0.01719230605555151,0.6140977302854151,0.22299263304147637,1.39084729
TAIWAN50,window_008,GDE3,49,10,729,123,10,-0.01700945493095988,0.020237241113019916,0.02853135349357172,0.03560096580767911,-0.1298796793672777,0.031670676221407755,0.3746605797801524,-0.00738592475075091,1.4085719
TAIWAN50,window_009,GDE3,49,10,726,116,10,0.20288012478349157,0.024922110003878777,0.8104545950960672,0.9983296745723337,-0.2260179094432917,0.044585551120151896,0.43935205707388175,0.0896966486092894,1.42111012
TAIWAN50,window_010,GDE3,49,10,725,124,10,0.7993767415818585,0.0624143366907722,3.7803736257064373,5.88174580496261,-0.05099981116303095,0.019794848475731132,0.7021411363211385,0.33598911653121954,1.45022638
TAIWAN50,window_011,GDE3,49,10,722,116,10,1.369367368829181,0.09636311379823433,4.027234717922704,6.349361016127285,-0.05102329404237153,0.0273561229537349,0.5073993374610544,0.4881992147050586,1.39893027
TAIWAN50,window_001,MOEAD,49,10,730,115,10,0.9847376379600619,0.1362630104487241,2.646274407701706,4.707747689892672,-0.13791545389322898,0.0306822991467529,1.0,0.36759381647987543,3.42088104
TAIWAN50,window_002,MOEAD,49,10,729,126,10,0.0264998041322831,0.021667451802301087,0.2469771981426924,0.36959006513667897,-0.24947232346842033,0.04177975666449579,0.6055058100018431,0.014112819568426771,2.82798769
TAIWAN50,window_003,MOEAD,49,10,728,117,10,-0.5361836608477873,0.01949891069890693,-2.60280147114945,-3.896781167277998,-0.3039656301513312,0.0402245287960961,0.5454624405383685,-0.2991529176017484,3.98233002
TAIWAN50,window_004,MOEAD,49,10,730,127,10,-0.04410144952929103,0.0339174705198418,-0.12932306195179194,-0.1942413460757455,-0.1894074643936699,0.027480457814690756,0.46913875776091263,-0.02160997100317639,3.6161333399999998
TAIWAN50,window_005,MOEAD,49,10,733,112,10,0.8523839047662125,0.1016102090836253,3.942158768105345,7.0878429137512,-0.046948371537408266,0.017383670348744832,0.30294157553134615,0.3157585030558369,3.7935534000000004
TAIWAN50,window_006,MOEAD,49,10,729,125,10,0.3874352146088778,0.03691908628223529,1.247175445868238,1.732129806884283,-0.2005161201123741,0.04310147239823888,0.6936273292053023,0.1772711711403688,3.9892441400000003
TAIWAN50,window_007,MOEAD,49,10,727,117,10,0.6454302027644633,0.08377060842039626,2.858101781928579,4.904048477148916,-0.06770777241659623,0.022005596361350584,0.5745179074468064,0.26075656339561715,3.42585542
TAIWAN50,window_008,MOEAD,49,10,729,123,10,-0.0147339866515419,0.015906829993387647,0.07299362807055368,0.08663862031192437,-0.16179989956860238,0.040112248285912824,0.4115180526346222,-0.00624786323876222,4.0335037499999995
TAIWAN50,window_009,MOEAD,49,10,726,116,10,0.25079072805911007,0.017143925294923704,0.8768612285111997,1.054341367526264,-0.2628370036187361,0.051488354795799406,0.4222833849431213,0.10947685903510099,4.84616941
TAIWAN50,window_010,MOEAD,49,10,725,124,10,0.8015653784405398,0.05137051213841708,3.708770966166928,5.792138896700177,-0.05181765202500447,0.02033320623276219,0.5929195740409734,0.336846059116162,4.84869075
TAIWAN50,window_011,MOEAD,49,10,722,116,10,1.833962117978484,0.0682150727162185,3.879405860432392,6.338477893196915,-0.06495331682112343,0.03433744877904505,0.5355475884834748,0.6161644010718921,4.83065075
TAIWAN50,window_001,NSGAII,49,10,730,115,10,0.960103240821152,0.18932726682624496,2.504939037291177,4.510140434858025,-0.1438760193505248,0.032160036310876224,1.0,0.3590869934170597,1.1882718799999998
TAIWAN50,window_002,NSGAII,49,10,729,126,10,0.014000808410869831,0.027823992865535167,0.21629983353262833,0.3217150541559466,-0.2585572275613962,0.04337908949535761,0.6397152126123993,0.00789125285445043,1.44251556
TAIWAN50,window_003,NSGAII,49,10,728,117,10,-0.492103898765312,0.04527007688297896,-2.516092979345707,-3.727933709300487,-0.27690970607555443,0.037138927002323394,0.5783657636057536,-0.26953151701665884,1.2162784
TAIWAN50,window_004,NSGAII,49,10,730,127,10,-0.0725036524821463,0.01370559833576697,-0.3350686395163824,-0.521337185355148,-0.1867704293550589,0.024297261026419742,0.43157496481401425,-0.03624520258774554,1.20815715
TAIWAN50,window_005,NSGAII,49,10,733,112,10,0.7804302439039451,0.0957140099783704,3.919569861709936,7.106391112821127,-0.04242771337950412,0.016395353855391422,0.29247618170249545,0.29282797336647903,1.19690937
TAIWAN50,window_006,NSGAII,49,10,729,125,10,0.3997150681479336,0.03881734140561051,1.342156190732293,1.8705743982631842,-0.1814341375547172,0.04012754226452636,0.6956719606345748,0.1824150130329579,1.23552383
TAIWAN50,window_007,NSGAII,49,10,727,117,10,0.5367814767814983,0.04782597790931637,3.0556630139537853,5.12922748057578,-0.049676301478803545,0.017189629374875844,0.5904885104081771,0.22166101762087909,1.22072383
TAIWAN50,window_008,NSGAII,49,10,729,123,10,-0.013000570015248212,0.025021836256394883,0.05140163023053788,0.06577335937052861,-0.1304456937504859,0.032420253736725156,0.35568384036196604,-0.005438361276185399,1.20749953
TAIWAN50,window_009,NSGAII,49,10,726,116,10,0.22600635027774502,0.018161886170916648,0.8972821387718632,1.104438563713596,-0.22210472089949768,0.043480401414232844,0.4232732466223476,0.09930818419587571,1.11892122
TAIWAN50,window_010,NSGAII,49,10,725,124,10,0.8706589788759322,0.15125861477016625,3.6912445403934355,5.668851642700895,-0.05336728676056869,0.021761042535000254,0.6346821180649257,0.3609601175215448,1.14058055
TAIWAN50,window_011,NSGAII,49,10,722,116,10,1.379161035963073,0.21969149437276014,3.976652193301264,6.333345866549875,-0.05319038691792447,0.027729728776415257,0.6191633176285238,0.4898611114489321,1.0994128399999998
TAIWAN50,window_001,SPEA2,49,10,730,115,10,1.0112968255526638,0.15460646458002228,2.661355362632053,4.874079927274313,-0.1376171383846709,0.030410653229179695,1.0,0.37570195162972037,3.98553573
TAIWAN50,window_002,SPEA2,49,10,729,126,10,0.010246398636148821,0.024309213193716216,0.2068393771031365,0.3056969117206424,-0.2728972641108125,0.04529028856673473,0.6641413995977477,0.00604441322286187,4.2374544
TAIWAN50,window_003,SPEA2,49,10,728,117,10,-0.5162224938183207,0.017209573185579103,-2.597930156293954,-3.868010196509084,-0.2904452874395112,0.03860300163662229,0.5896639765417344,-0.2852863790264905,4.020811950000001
TAIWAN50,window_004,SPEA2,49,10,730,127,10,-0.0599624812760427,0.02396278325641246,-0.25960466541376553,-0.40161642412510334,-0.1848085228498805,0.024420904741577258,0.4711476368632542,-0.02975421890637852,4.123806419999999
TAIWAN50,window_005,SPEA2,49,10,733,112,10,0.763327517385973,0.08798015329941362,3.9165760905755,7.189858494719049,-0.041970256487160476,0.01609510707073382,0.2587559377838402,0.28735549027027985,4.13809027
TAIWAN50,window_006,SPEA2,49,10,729,125,10,0.3982711599563892,0.02845774617893447,1.332107302993684,1.8617876606980879,-0.18387587509623668,0.04041797318895935,0.7274760285032601,0.18185794245923378,4.06631026
TAIWAN50,window_007,SPEA2,49,10,727,117,10,0.5691666014347889,0.05938476689004561,3.089152035556529,5.233553147852624,-0.05171841797471768,0.017725080125756958,0.5653060719951525,0.23346884962144682,3.9707003100000002
TAIWAN50,window_008,SPEA2,49,10,729,123,10,-0.0013298091922579504,0.022611030222773634,0.1008177959931051,0.12640482362445044,-0.1231731991155455,0.03065963276579927,0.3231752596899012,0.00029341111611152007,4.28423101
TAIWAN50,window_009,SPEA2,49,10,726,116,10,0.2142526255496729,0.02022473069282675,0.8471505441526663,1.0224668022944017,-0.22989011510068708,0.04473264061737532,0.38155106240079173,0.09444111194594519,4.2237857
TAIWAN50,window_010,SPEA2,49,10,725,124,10,0.8535757522649169,0.0974574064460029,3.7018793568445787,5.716112127667486,-0.05377799497266382,0.021460333343042946,0.6173872976930473,0.3553894546890148,4.3512022
TAIWAN50,window_011,SPEA2,49,10,722,116,10,1.298627576917193,0.10575431620402045,3.930054054895462,6.212336109443221,-0.05102183833307784,0.027173254995362245,0.6110523879452319,0.4675234086150458,4.19465423
