"analysis","primary_method","baseline_method","metric","paired_n","alternative","wins","ties","losses","median_difference","mean_difference","wilcoxon_statistic","raw_p_value","effect_size_paired_win_loss","difference_definition","metric_direction","holm_adjusted_p_value","significant_0_05","multiplicity_scope"
"real_market_six_algorithm","ECMADE_MOO","A_MPMO","annual_net_return_mean","33","two-sided","13","0","20","-0.016684307410729904","-0.005484251591820411","222.0","0.304337490350008","-0.21212121212121213","ECMADE_MOO - A_MPMO; positive favors primary","higher is better","0.913012471050024","False","within analysis and metric across primary comparisons"
"real_market_six_algorithm","ECMADE_MOO","GDE3","annual_net_return_mean","33","two-sided","13","0","20","-0.012948774049607703","-0.007045935134010925","230.0","0.3764748873654753","-0.21212121212121213","ECMADE_MOO - GDE3; positive favors primary","higher is better","0.913012471050024","False","within analysis and metric across primary comparisons"
"real_market_six_algorithm","ECMADE_MOO","MOEAD","annual_net_return_mean","33","two-sided","13","0","20","-0.008256517930243235","-0.020912304460956366","203.0","0.17108511831611395","-0.21212121212121213","ECMADE_MOO - MOEAD; positive favors primary","higher is better","0.6843404732644558","False","within analysis and metric across primary comparisons"
"real_market_six_algorithm","ECMADE_MOO","NSGAII","annual_net_return_mean","33","two-sided","13","0","20","-0.0133480922171616","-0.009705192413609443","191.0","0.11258278018794954","-0.21212121212121213","ECMADE_MOO - NSGAII; positive favors primary","higher is better","0.5629139009397477","False","within analysis and metric across primary comparisons"
"real_market_six_algorithm","ECMADE_MOO","SPEA2","annual_net_return_mean","33","two-sided","14","0","19","-0.010280684153591596","0.0009160936428486464","253.0","0.6337929000146687","-0.15151515151515152","ECMADE_MOO - SPEA2; positive favors primary","higher is better","0.913012471050024","False","within analysis and metric across primary comparisons"
"real_market_six_algorithm","ECMADE_MOO","A_MPMO","sharpe_mean","33","two-sided","14","0","19","-0.008293615501274942","0.006212401144469424","270.0","0.8600672783795744","-0.15151515151515152","ECMADE_MOO - A_MPMO; positive favors primary","higher is better","1.0","False","within analysis and metric across primary comparisons"
"real_market_six_algorithm","ECMADE_MOO","GDE3","sharpe_mean","33","two-sided","14","0","19","-0.02976804174862213","-0.023993686959100192","215.0","0.24908834253437817","-0.15151515151515152","ECMADE_MOO - GDE3; positive favors primary","higher is better","1.0","False","within analysis and metric across primary comparisons"
"real_market_six_algorithm","ECMADE_MOO","MOEAD","sharpe_mean","33","two-sided","17","0","16","0.0020499759334058343","-0.0047636097085927585","272.0","0.887851148378104","0.030303030303030304","ECMADE_MOO - MOEAD; positive favors primary","higher is better","1.0","False","within analysis and metric across primary comparisons"
"real_market_six_algorithm","ECMADE_MOO","NSGAII","sharpe_mean","33","two-sided","14","0","19","-0.025124919882508534","-0.004908949519887605","246.0","0.5483312094584107","-0.15151515151515152","ECMADE_MOO - NSGAII; positive favors primary","higher is better","1.0","False","within analysis and metric across primary comparisons"
"real_market_six_algorithm","ECMADE_MOO","SPEA2","sharpe_mean","33","two-sided","14","0","19","-0.007555728043821652","0.010930786763926949","271.0","0.8739403025247157","-0.15151515151515152","ECMADE_MOO - SPEA2; positive favors primary","higher is better","1.0","False","within analysis and metric across primary comparisons"
"real_market_six_algorithm","ECMADE_MOO","A_MPMO","sortino_mean","33","two-sided","15","0","18","-0.031132991725267622","0.003251216230808646","269.0","0.8462361565325409","-0.09090909090909091","ECMADE_MOO - A_MPMO; positive favors primary","higher is better","1.0","False","within analysis and metric across primary comparisons"
"real_market_six_algorithm","ECMADE_MOO","GDE3","sortino_mean","33","two-sided","11","0","22","-0.04281553378813907","-0.05111013372256829","196.0","0.13475013920105994","-0.3333333333333333","ECMADE_MOO - GDE3; positive favors primary","higher is better","0.6737506960052997","False","within analysis and metric across primary comparisons"
"real_market_six_algorithm","ECMADE_MOO","MOEAD","sortino_mean","33","two-sided","15","0","18","-0.004199674502009698","-0.016662379601343317","250.0","0.5964904481079429","-0.09090909090909091","ECMADE_MOO - MOEAD; positive favors primary","higher is better","1.0","False","within analysis and metric across primary comparisons"
"real_market_six_algorithm","ECMADE_MOO","NSGAII","sortino_mean","33","two-sided","13","0","20","-0.04838974508627736","-0.011989941120994854","248.0","0.5721765686757863","-0.21212121212121213","ECMADE_MOO - NSGAII; positive favors primary","higher is better","1.0","False","within analysis and metric across primary comparisons"
"real_market_six_algorithm","ECMADE_MOO","SPEA2","sortino_mean","33","two-sided","14","0","19","-0.014696354947635104","0.009965323152398085","273.0","0.9017957032192498","-0.15151515151515152","ECMADE_MOO - SPEA2; positive favors primary","higher is better","1.0","False","within analysis and metric across primary comparisons"
"real_market_six_algorithm","ECMADE_MOO","A_MPMO","max_drawdown_mean","33","two-sided","18","0","15","0.0007014193388105022","0.0002888754598541334","249.0","0.5842762389220297","0.09090909090909091","ECMADE_MOO - A_MPMO; positive favors primary","higher is better","1.0","False","within analysis and metric across primary comparisons"
"real_market_six_algorithm","ECMADE_MOO","GDE3","max_drawdown_mean","33","two-sided","16","0","17","-0.0002491509416265997","-0.0008330797533128664","261.0","0.737572681857273","-0.030303030303030304","ECMADE_MOO - GDE3; positive favors primary","higher is better","1.0","False","within analysis and metric across primary comparisons"
"real_market_six_algorithm","ECMADE_MOO","MOEAD","max_drawdown_mean","33","two-sided","19","0","14","0.0018005948671319105","0.0024404777745644706","216.0","0.25653275568038225","0.15151515151515152","ECMADE_MOO - MOEAD; positive favors primary","higher is better","1.0","False","within analysis and metric across primary comparisons"
"real_market_six_algorithm","ECMADE_MOO","NSGAII","max_drawdown_mean","33","two-sided","16","0","17","-0.00017998530539099777","-0.0011062843376102181","267.0","0.8187158077489585","-0.030303030303030304","ECMADE_MOO - NSGAII; positive favors primary","higher is better","1.0","False","within analysis and metric across primary comparisons"
"real_market_six_algorithm","ECMADE_MOO","SPEA2","max_drawdown_mean","33","two-sided","16","0","17","-0.0003771103730031977","6.979964229218705e-05","280.0","1.0","-0.030303030303030304","ECMADE_MOO - SPEA2; positive favors primary","higher is better","1.0","False","within analysis and metric across primary comparisons"
"real_market_six_algorithm","ECMADE_MOO","A_MPMO","annual_volatility_mean","33","two-sided","21","0","12","0.0037470199744110144","0.0028435962867900282","176.0","0.06256920890882611","0.2727272727272727","A_MPMO - ECMADE_MOO; positive favors primary","lower is better","0.2421449520625174","False","within analysis and metric across primary comparisons"
"real_market_six_algorithm","ECMADE_MOO","GDE3","annual_volatility_mean","33","two-sided","18","0","15","0.00212370925563099","0.0013597137946579603","244.0","0.5249740977305919","0.09090909090909091","GDE3 - ECMADE_MOO; positive favors primary","lower is better","0.5249740977305919","False","within analysis and metric across primary comparisons"
"real_market_six_algorithm","ECMADE_MOO","MOEAD","annual_volatility_mean","33","two-sided","20","0","13","0.003968548806978389","0.006409594356564557","181.0","0.07673266180790961","0.21212121212121213","MOEAD - ECMADE_MOO; positive favors primary","lower is better","0.2421449520625174","False","within analysis and metric across primary comparisons"
"real_market_six_algorithm","ECMADE_MOO","NSGAII","annual_volatility_mean","33","two-sided","21","0","12","0.0022213832869852346","0.0024240868964893057","175.0","0.06000595656223595","0.2727272727272727","NSGAII - ECMADE_MOO; positive favors primary","lower is better","0.2421449520625174","False","within analysis and metric across primary comparisons"
"real_market_six_algorithm","ECMADE_MOO","SPEA2","annual_volatility_mean","33","two-sided","22","0","11","0.0021715145593648177","0.002047270878246531","170.0","0.04842899041250348","0.3333333333333333","SPEA2 - ECMADE_MOO; positive favors primary","lower is better","0.2421449520625174","False","within analysis and metric across primary comparisons"
"real_market_six_algorithm","ECMADE_MOO","A_MPMO","rebalance_turnover_mean","33","two-sided","12","3","18","-0.005019628131607279","-0.0036947307394140237","216.0","0.7456546742469072","-0.2","A_MPMO - ECMADE_MOO; positive favors primary","lower is better","1.0","False","within analysis and metric across primary comparisons"
"real_market_six_algorithm","ECMADE_MOO","GDE3","rebalance_turnover_mean","33","two-sided","12","3","18","-0.004824620738940133","-0.003062664272176687","208.0","0.6263462882488966","-0.2","GDE3 - ECMADE_MOO; positive favors primary","lower is better","1.0","False","within analysis and metric across primary comparisons"
"real_market_six_algorithm","ECMADE_MOO","MOEAD","rebalance_turnover_mean","33","two-sided","14","3","16","0.0","-0.01019102257053895","171.0","0.21293285302817822","-0.06666666666666667","MOEAD - ECMADE_MOO; positive favors primary","lower is better","1.0","False","within analysis and metric across primary comparisons"
"real_market_six_algorithm","ECMADE_MOO","NSGAII","rebalance_turnover_mean","33","two-sided","12","3","18","-0.0051913835119333784","-0.011244418073467682","173.0","0.22855282202363014","-0.2","NSGAII - ECMADE_MOO; positive favors primary","lower is better","1.0","False","within analysis and metric across primary comparisons"
"real_market_six_algorithm","ECMADE_MOO","SPEA2","rebalance_turnover_mean","33","two-sided","11","3","19","-0.01616943014244282","-0.009097920285752535","181.0","0.2988441474735737","-0.26666666666666666","SPEA2 - ECMADE_MOO; positive favors primary","lower is better","1.0","False","within analysis and metric across primary comparisons"
"real_market_six_algorithm","ECMADE_MOO","A_MPMO","runtime_sec_mean","33","two-sided","0","0","33","-2.17312939","-2.173756251515151","0.0","2.3283064365386963e-10","-1.0","A_MPMO - ECMADE_MOO; positive favors primary","lower is better","1.1641532182693481e-09","True","within analysis and metric across primary comparisons"
"real_market_six_algorithm","ECMADE_MOO","GDE3","runtime_sec_mean","33","two-sided","0","0","33","-2.9669150600000003","-2.907180662727273","0.0","2.3283064365386963e-10","-1.0","GDE3 - ECMADE_MOO; positive favors primary","lower is better","1.1641532182693481e-09","True","within analysis and metric across primary comparisons"
"real_market_six_algorithm","ECMADE_MOO","MOEAD","runtime_sec_mean","33","two-sided","20","0","13","0.25752175999999993","2.9567400396969696","139.0","0.010411114199087024","0.21212121212121213","MOEAD - ECMADE_MOO; positive favors primary","lower is better","0.010411114199087024","True","within analysis and metric across primary comparisons"
"real_market_six_algorithm","ECMADE_MOO","NSGAII","runtime_sec_mean","33","two-sided","0","0","33","-3.1639934799999994","-3.083012160303031","0.0","2.3283064365386963e-10","-1.0","NSGAII - ECMADE_MOO; positive favors primary","lower is better","1.1641532182693481e-09","True","within analysis and metric across primary comparisons"
"real_market_six_algorithm","ECMADE_MOO","SPEA2","runtime_sec_mean","33","two-sided","5","0","28","-0.4110987900000005","-0.3444042390909091","41.0","2.304092049598694e-06","-0.696969696969697","SPEA2 - ECMADE_MOO; positive favors primary","lower is better","4.608184099197388e-06","True","within analysis and metric across primary comparisons"
"real_market_six_algorithm","ECMADE_MOO","A_MPMO","net_return_mean","33","two-sided","13","0","20","-0.0069496201409743885","-0.002530756352630943","235.0","0.42636040854267776","-0.21212121212121213","ECMADE_MOO - A_MPMO; positive favors primary","higher is better","0.8527208170853555","False","within analysis and metric across primary comparisons"
"real_market_six_algorithm","ECMADE_MOO","GDE3","net_return_mean","33","two-sided","13","0","20","-0.007294751324264298","-0.0032412105886836804","216.0","0.25653275568038225","-0.21212121212121213","ECMADE_MOO - GDE3; positive favors primary","higher is better","0.7695982670411468","False","within analysis and metric across primary comparisons"
"real_market_six_algorithm","ECMADE_MOO","MOEAD","net_return_mean","33","two-sided","13","0","20","-0.005618934884083798","-0.007141198939812401","202.0","0.16549804504029453","-0.21212121212121213","ECMADE_MOO - MOEAD; positive favors primary","higher is better","0.697761254850775","False","within analysis and metric across primary comparisons"
"real_market_six_algorithm","ECMADE_MOO","NSGAII","net_return_mean","33","two-sided","13","0","20","-0.006210337878444883","-0.004620830889462433","197.0","0.139552250970155","-0.21212121212121213","ECMADE_MOO - NSGAII; positive favors primary","higher is better","0.697761254850775","False","within analysis and metric across primary comparisons"
"real_market_six_algorithm","ECMADE_MOO","SPEA2","net_return_mean","33","two-sided","14","0","19","-0.004354636744837992","-0.0004871330292581425","248.0","0.5721765686757863","-0.15151515151515152","ECMADE_MOO - SPEA2; positive favors primary","higher is better","0.8527208170853555","False","within analysis and metric across primary comparisons"
"real_market_six_algorithm","ECMADE_MOO","A_MPMO","gross_return_mean","33","two-sided","13","0","20","-0.0069496201409746106","-0.002530756352630943","235.0","0.42636040854267776","-0.21212121212121213","ECMADE_MOO - A_MPMO; positive favors primary","higher is better","0.8527208170853555","False","within analysis and metric across primary comparisons"
"real_market_six_algorithm","ECMADE_MOO","GDE3","gross_return_mean","33","two-sided","13","0","20","-0.007294751324264298","-0.003241210588683693","216.0","0.25653275568038225","-0.21212121212121213","ECMADE_MOO - GDE3; positive favors primary","higher is better","0.7695982670411468","False","within analysis and metric across primary comparisons"
"real_market_six_algorithm","ECMADE_MOO","MOEAD","gross_return_mean","33","two-sided","13","0","20","-0.005618934884083909","-0.007141198939812422","202.0","0.16549804504029453","-0.21212121212121213","ECMADE_MOO - MOEAD; positive favors primary","higher is better","0.697761254850775","False","within analysis and metric across primary comparisons"
"real_market_six_algorithm","ECMADE_MOO","NSGAII","gross_return_mean","33","two-sided","13","0","20","-0.006210337878444994","-0.0046208308894624545","197.0","0.139552250970155","-0.21212121212121213","ECMADE_MOO - NSGAII; positive favors primary","higher is better","0.697761254850775","False","within analysis and metric across primary comparisons"
"real_market_six_algorithm","ECMADE_MOO","SPEA2","gross_return_mean","33","two-sided","14","0","19","-0.004354636744837992","-0.0004871330292581347","248.0","0.5721765686757863","-0.15151515151515152","ECMADE_MOO - SPEA2; positive favors primary","higher is better","0.8527208170853555","False","within analysis and metric across primary comparisons"
"real_market_six_algorithm","ECMADE_MOO","A_MPMO","annual_return_mean","33","two-sided","13","0","20","-0.016707728909600428","-0.005490351239588091","222.0","0.304337490350008","-0.21212121212121213","ECMADE_MOO - A_MPMO; positive favors primary","higher is better","0.913012471050024","False","within analysis and metric across primary comparisons"
"real_market_six_algorithm","ECMADE_MOO","GDE3","annual_return_mean","33","two-sided","13","0","20","-0.012972311303279138","-0.007054561707331205","230.0","0.3764748873654753","-0.21212121212121213","ECMADE_MOO - GDE3; positive favors primary","higher is better","0.913012471050024","False","within analysis and metric across primary comparisons"
"real_market_six_algorithm","ECMADE_MOO","MOEAD","annual_return_mean","33","two-sided","13","0","20","-0.008268668157011605","-0.020931857582345115","203.0","0.17108511831611395","-0.21212121212121213","ECMADE_MOO - MOEAD; positive favors primary","higher is better","0.6843404732644558","False","within analysis and metric across primary comparisons"
"real_market_six_algorithm","ECMADE_MOO","NSGAII","annual_return_mean","33","two-sided","13","0","20","-0.013361607005151502","-0.009715713783141504","191.0","0.11258278018794954","-0.21212121212121213","ECMADE_MOO - NSGAII; positive favors primary","higher is better","0.5629139009397477","False","within analysis and metric across primary comparisons"
"real_market_six_algorithm","ECMADE_MOO","SPEA2","annual_return_mean","33","two-sided","14","0","19","-0.010291912769894301","0.0009144832133552144","253.0","0.6337929000146687","-0.15151515151515152","ECMADE_MOO - SPEA2; positive favors primary","higher is better","0.913012471050024","False","within analysis and metric across primary comparisons"
